ISO-10303-21;
HEADER;
/* Generated by software containing ST-Developer
 * from STEP Tools, Inc. (www.steptools.com) 
 */

FILE_DESCRIPTION(
/* description */ (''),
/* implementation_level */ '2;1');

FILE_NAME(
/* name */ '88'' RX-7 Driver Side Defrost Vent.step',
/* time_stamp */ '2026-05-25T14:38:39-03:00',
/* author */ (''),
/* organization */ (''),
/* preprocessor_version */ 'ST-DEVELOPER v20.1',
/* originating_system */ 'Autodesk Translation Framework v15.8.0.0',
/* authorisation */ '');

FILE_SCHEMA (('AUTOMOTIVE_DESIGN { 1 0 10303 214 3 1 1 }'));
ENDSEC;

DATA;
#10=MECHANICAL_DESIGN_GEOMETRIC_PRESENTATION_REPRESENTATION('',(#13),#4737);
#11=SHAPE_REPRESENTATION_RELATIONSHIP('SRR','None',#4744,#12);
#12=ADVANCED_BREP_SHAPE_REPRESENTATION('',(#14),#4736);
#13=STYLED_ITEM('',(#4753),#14);
#14=MANIFOLD_SOLID_BREP('Body1',#1867);
#15=(
BOUNDED_SURFACE()
B_SPLINE_SURFACE(5,1,((#3258,#3259),(#3260,#3261),(#3262,#3263),(#3264,
#3265),(#3266,#3267),(#3268,#3269),(#3270,#3271),(#3272,#3273),(#3274,#3275),
(#3276,#3277),(#3278,#3279),(#3280,#3281),(#3282,#3283),(#3284,#3285),(#3286,
#3287),(#3288,#3289),(#3290,#3291),(#3292,#3293)),.UNSPECIFIED.,.F.,.F.,
 .F.)
B_SPLINE_SURFACE_WITH_KNOTS((6,1,1,1,1,1,1,1,1,1,1,1,1,6),(2,2),(1.16019855058841,
1.16111111111111,1.16666666666667,1.17222222222222,1.17777777777778,1.18333333333333,
1.18888888888889,1.19444444444444,1.2,1.20555555555556,1.21111111111111,
1.21666666666667,1.22222222222222,1.22365479598525),(0.,0.2),
 .UNSPECIFIED.)
GEOMETRIC_REPRESENTATION_ITEM()
RATIONAL_B_SPLINE_SURFACE(((1.,1.),(1.,1.),(1.,1.),(1.,1.),(1.,1.),(1.,
1.),(1.,1.),(1.,1.),(1.,1.),(1.,1.),(1.,1.),(1.,1.),(1.,1.),(1.,1.),(1.,
1.),(1.,1.),(1.,1.),(1.,1.)))
REPRESENTATION_ITEM('')
SURFACE()
);
#16=(
BOUNDED_SURFACE()
B_SPLINE_SURFACE(5,1,((#3465,#3466),(#3467,#3468),(#3469,#3470),(#3471,
#3472),(#3473,#3474),(#3475,#3476),(#3477,#3478),(#3479,#3480)),
 .UNSPECIFIED.,.F.,.F.,.F.)
B_SPLINE_SURFACE_WITH_KNOTS((6,1,1,6),(2,2),(1.5902218050726,1.59444444444444,
1.6,1.60068465071471),(0.,0.2),.UNSPECIFIED.)
GEOMETRIC_REPRESENTATION_ITEM()
RATIONAL_B_SPLINE_SURFACE(((1.,1.),(1.,1.),(1.,1.),(1.,1.),(1.,1.),(1.,
1.),(1.,1.),(1.,1.)))
REPRESENTATION_ITEM('')
SURFACE()
);
#17=(
BOUNDED_SURFACE()
B_SPLINE_SURFACE(5,1,((#3894,#3895),(#3896,#3897),(#3898,#3899),(#3900,
#3901),(#3902,#3903),(#3904,#3905),(#3906,#3907),(#3908,#3909),(#3910,#3911),
(#3912,#3913),(#3914,#3915),(#3916,#3917),(#3918,#3919),(#3920,#3921),(#3922,
#3923),(#3924,#3925),(#3926,#3927),(#3928,#3929),(#3930,#3931),(#3932,#3933),
(#3934,#3935),(#3936,#3937),(#3938,#3939),(#3940,#3941),(#3942,#3943),(#3944,
#3945),(#3946,#3947),(#3948,#3949),(#3950,#3951),(#3952,#3953),(#3954,#3955),
(#3956,#3957),(#3958,#3959),(#3960,#3961),(#3962,#3963),(#3964,#3965),(#3966,
#3967),(#3968,#3969),(#3970,#3971),(#3972,#3973),(#3974,#3975),(#3976,#3977),
(#3978,#3979),(#3980,#3981),(#3982,#3983),(#3984,#3985),(#3986,#3987),(#3988,
#3989),(#3990,#3991),(#3992,#3993),(#3994,#3995),(#3996,#3997),(#3998,#3999),
(#4000,#4001),(#4002,#4003),(#4004,#4005),(#4006,#4007),(#4008,#4009),(#4010,
#4011),(#4012,#4013),(#4014,#4015),(#4016,#4017),(#4018,#4019),(#4020,#4021),
(#4022,#4023),(#4024,#4025),(#4026,#4027),(#4028,#4029),(#4030,#4031),(#4032,
#4033),(#4034,#4035),(#4036,#4037),(#4038,#4039),(#4040,#4041),(#4042,#4043),
(#4044,#4045),(#4046,#4047),(#4048,#4049),(#4050,#4051),(#4052,#4053),(#4054,
#4055),(#4056,#4057),(#4058,#4059),(#4060,#4061),(#4062,#4063),(#4064,#4065),
(#4066,#4067),(#4068,#4069),(#4070,#4071),(#4072,#4073),(#4074,#4075),(#4076,
#4077),(#4078,#4079),(#4080,#4081),(#4082,#4083),(#4084,#4085),(#4086,#4087),
(#4088,#4089),(#4090,#4091),(#4092,#4093),(#4094,#4095),(#4096,#4097),(#4098,
#4099),(#4100,#4101),(#4102,#4103),(#4104,#4105),(#4106,#4107),(#4108,#4109),
(#4110,#4111),(#4112,#4113),(#4114,#4115),(#4116,#4117),(#4118,#4119),(#4120,
#4121),(#4122,#4123),(#4124,#4125),(#4126,#4127),(#4128,#4129),(#4130,#4131),
(#4132,#4133),(#4134,#4135),(#4136,#4137),(#4138,#4139),(#4140,#4141),(#4142,
#4143),(#4144,#4145),(#4146,#4147),(#4148,#4149),(#4150,#4151),(#4152,#4153),
(#4154,#4155),(#4156,#4157),(#4158,#4159),(#4160,#4161),(#4162,#4163),(#4164,
#4165),(#4166,#4167),(#4168,#4169),(#4170,#4171),(#4172,#4173),(#4174,#4175),
(#4176,#4177),(#4178,#4179),(#4180,#4181),(#4182,#4183),(#4184,#4185),(#4186,
#4187),(#4188,#4189),(#4190,#4191),(#4192,#4193),(#4194,#4195),(#4196,#4197),
(#4198,#4199),(#4200,#4201),(#4202,#4203),(#4204,#4205),(#4206,#4207),(#4208,
#4209),(#4210,#4211),(#4212,#4213)),.UNSPECIFIED.,.F.,.F.,.F.)
B_SPLINE_SURFACE_WITH_KNOTS((6,1,1,1,1,1,1,5,1,1,1,1,1,1,1,1,1,1,1,1,1,
1,1,1,1,1,1,1,1,1,1,1,1,1,1,1,1,1,1,1,1,1,1,1,1,1,1,1,1,1,1,1,1,1,1,1,1,
1,1,1,1,1,1,1,1,1,1,1,1,1,1,1,1,1,1,1,1,1,1,1,1,1,1,1,1,1,1,1,1,1,1,1,1,
1,1,1,1,1,1,1,1,1,1,1,1,1,1,1,1,1,1,1,1,1,1,1,1,1,1,1,1,1,1,1,1,1,1,1,1,
1,1,1,1,1,1,1,1,1,1,1,1,1,1,1,1,1,1,1,1,1,1,6),(2,2),(0.961294069478253,
0.966666666666664,0.97222222222222,0.977777777777775,0.983333333333331,
0.988888888888886,0.994444444444442,1.,1.00555555555556,1.01111111111111,
1.01666666666667,1.02222222222222,1.02777777777778,1.03333333333333,1.03888888888889,
1.04444444444444,1.05,1.05555555555556,1.06111111111111,1.06666666666667,
1.07222222222222,1.07777777777778,1.08333333333333,1.08888888888889,1.09444444444444,
1.1,1.10555555555556,1.11111111111111,1.11666666666667,1.12222222222222,
1.12777777777778,1.13333333333333,1.13888888888889,1.14444444444444,1.15,
1.15555555555556,1.16111111111111,1.16666666666667,1.17222222222222,1.17777777777778,
1.18333333333333,1.18888888888889,1.19444444444444,1.2,1.20555555555556,
1.21111111111111,1.21666666666667,1.22222222222222,1.22777777777778,1.23333333333333,
1.23888888888889,1.24444444444444,1.25,1.25555555555556,1.26111111111111,
1.26666666666667,1.27222222222222,1.27777777777778,1.28333333333333,1.28888888888889,
1.29444444444444,1.3,1.30555555555556,1.31111111111111,1.31666666666667,
1.32222222222222,1.32777777777778,1.33333333333333,1.33888888888889,1.34444444444444,
1.35,1.35555555555556,1.36111111111111,1.36666666666667,1.37222222222222,
1.37777777777778,1.38333333333333,1.38888888888889,1.39444444444444,1.4,
1.40555555555556,1.41111111111111,1.41666666666667,1.42222222222222,1.42777777777778,
1.43333333333333,1.43888888888889,1.44444444444444,1.45,1.45555555555555,
1.46111111111111,1.46666666666667,1.47222222222222,1.47777777777778,1.48333333333333,
1.48888888888889,1.49444444444444,1.5,1.50555555555555,1.51111111111111,
1.51666666666667,1.52222222222222,1.52777777777778,1.53333333333333,1.53888888888889,
1.54444444444444,1.55,1.55555555555555,1.56111111111111,1.56666666666667,
1.57222222222222,1.57777777777778,1.58333333333333,1.58888888888889,1.59444444444444,
1.6,1.60555555555555,1.61111111111111,1.61666666666667,1.62222222222222,
1.62777777777778,1.63333333333333,1.63888888888889,1.64444444444444,1.65,
1.65555555555555,1.66111111111111,1.66666666666667,1.67222222222222,1.67777777777778,
1.68333333333333,1.68888888888889,1.69444444444444,1.7,1.70555555555555,
1.71111111111111,1.71666666666667,1.72222222222222,1.72777777777778,1.73333333333333,
1.73888888888889,1.74444444444444,1.75,1.75555555555555,1.76111111111111,
1.76666666666666,1.77222222222222,1.77777777777778,1.78333333333333,1.78888888888889,
1.79444444444444,1.79910913691656),(-0.3,0.541111111111111),
 .UNSPECIFIED.)
GEOMETRIC_REPRESENTATION_ITEM()
RATIONAL_B_SPLINE_SURFACE(((1.,1.),(1.,1.),(1.,1.),(1.,1.),(1.,1.),(1.,
1.),(1.,1.),(1.,1.),(1.,1.),(1.,1.),(1.,1.),(1.,1.),(1.,1.),(1.,1.),(1.,
1.),(1.,1.),(1.,1.),(1.,1.),(1.,1.),(1.,1.),(1.,1.),(1.,1.),(1.,1.),(1.,
1.),(1.,1.),(1.,1.),(1.,1.),(1.,1.),(1.,1.),(1.,1.),(1.,1.),(1.,1.),(1.,
1.),(1.,1.),(1.,1.),(1.,1.),(1.,1.),(1.,1.),(1.,1.),(1.,1.),(1.,1.),(1.,
1.),(1.,1.),(1.,1.),(1.,1.),(1.,1.),(1.,1.),(1.,1.),(1.,1.),(1.,1.),(1.,
1.),(1.,1.),(1.,1.),(1.,1.),(1.,1.),(1.,1.),(1.,1.),(1.,1.),(1.,1.),(1.,
1.),(1.,1.),(1.,1.),(1.,1.),(1.,1.),(1.,1.),(1.,1.),(1.,1.),(1.,1.),(1.,
1.),(1.,1.),(1.,1.),(1.,1.),(1.,1.),(1.,1.),(1.,1.),(1.,1.),(1.,1.),(1.,
1.),(1.,1.),(1.,1.),(1.,1.),(1.,1.),(1.,1.),(1.,1.),(1.,1.),(1.,1.),(1.,
1.),(1.,1.),(1.,1.),(1.,1.),(1.,1.),(1.,1.),(1.,1.),(1.,1.),(1.,1.),(1.,
1.),(1.,1.),(1.,1.),(1.,1.),(1.,1.),(1.,1.),(1.,1.),(1.,1.),(1.,1.),(1.,
1.),(1.,1.),(1.,1.),(1.,1.),(1.,1.),(1.,1.),(1.,1.),(1.,1.),(1.,1.),(1.,
1.),(1.,1.),(1.,1.),(1.,1.),(1.,1.),(1.,1.),(1.,1.),(1.,1.),(1.,1.),(1.,
1.),(1.,1.),(1.,1.),(1.,1.),(1.,1.),(1.,1.),(1.,1.),(1.,1.),(1.,1.),(1.,
1.),(1.,1.),(1.,1.),(1.,1.),(1.,1.),(1.,1.),(1.,1.),(1.,1.),(1.,1.),(1.,
1.),(1.,1.),(1.,1.),(1.,1.),(1.,1.),(1.,1.),(1.,1.),(1.,1.),(1.,1.),(1.,
1.),(1.,1.),(1.,1.),(1.,1.),(1.,1.),(1.,1.),(1.,1.),(1.,1.),(1.,1.),(1.,
1.),(1.,1.)))
REPRESENTATION_ITEM('')
SURFACE()
);
#18=(
BOUNDED_CURVE()
B_SPLINE_CURVE(5,(#3096,#3097,#3098,#3099,#3100,#3101,#3102,#3103,#3104,
#3105,#3106,#3107,#3108,#3109,#3110,#3111,#3112,#3113,#3114,#3115,#3116,
#3117,#3118,#3119,#3120,#3121,#3122,#3123,#3124,#3125,#3126,#3127,#3128,
#3129,#3130,#3131,#3132,#3133,#3134,#3135,#3136,#3137,#3138,#3139,#3140),
 .UNSPECIFIED.,.F.,.F.)
B_SPLINE_CURVE_WITH_KNOTS((6,1,1,1,1,1,1,5,1,1,1,1,1,1,1,1,1,1,1,1,1,1,
1,1,1,1,1,1,1,1,1,1,1,1,1,1,6),(0.961294069478253,0.966666666666664,0.97222222222222,
0.977777777777775,0.983333333333331,0.988888888888886,0.994444444444442,
1.,1.00555555555556,1.01111111111111,1.01666666666667,1.02222222222222,
1.02777777777778,1.03333333333333,1.03888888888889,1.04444444444444,1.05,
1.05555555555556,1.06111111111111,1.06666666666667,1.07222222222222,1.07777777777778,
1.08333333333333,1.08888888888889,1.09444444444444,1.1,1.10555555555556,
1.11111111111111,1.11666666666667,1.12222222222222,1.12777777777778,1.13333333333333,
1.13888888888889,1.14444444444444,1.15,1.15555555555556,1.16019855058841),
 .UNSPECIFIED.)
CURVE()
GEOMETRIC_REPRESENTATION_ITEM()
RATIONAL_B_SPLINE_CURVE((1.,1.,1.,1.,1.,1.,1.,1.,1.,1.,1.,1.,1.,1.,1.,1.,
1.,1.,1.,1.,1.,1.,1.,1.,1.,1.,1.,1.,1.,1.,1.,1.,1.,1.,1.,1.,1.,1.,1.,1.,
1.,1.,1.,1.,1.))
REPRESENTATION_ITEM('')
);
#19=(
BOUNDED_CURVE()
B_SPLINE_CURVE(5,(#3218,#3219,#3220,#3221,#3222,#3223,#3224,#3225,#3226,
#3227,#3228,#3229,#3230,#3231,#3232,#3233,#3234,#3235,#3236,#3237,#3238,
#3239,#3240,#3241,#3242,#3243,#3244,#3245,#3246,#3247,#3248),
 .UNSPECIFIED.,.F.,.F.)
B_SPLINE_CURVE_WITH_KNOTS((6,1,1,1,1,1,1,1,1,1,1,1,1,1,1,1,1,1,1,1,1,1,
1,1,1,1,6),(1.65949905249342,1.66111111111111,1.66666666666667,1.67222222222222,
1.67777777777778,1.68333333333333,1.68888888888889,1.69444444444444,1.7,
1.70555555555555,1.71111111111111,1.71666666666667,1.72222222222222,1.72777777777778,
1.73333333333333,1.73888888888889,1.74444444444444,1.75,1.75555555555555,
1.76111111111111,1.76666666666666,1.77222222222222,1.77777777777778,1.78333333333333,
1.78888888888889,1.79444444444444,1.79910913691656),.UNSPECIFIED.)
CURVE()
GEOMETRIC_REPRESENTATION_ITEM()
RATIONAL_B_SPLINE_CURVE((1.,1.,1.,1.,1.,1.,1.,1.,1.,1.,1.,1.,1.,1.,1.,1.,
1.,1.,1.,1.,1.,1.,1.,1.,1.,1.,1.,1.,1.,1.,1.))
REPRESENTATION_ITEM('')
);
#20=(
BOUNDED_CURVE()
B_SPLINE_CURVE(5,(#3294,#3295,#3296,#3297,#3298,#3299,#3300,#3301,#3302,
#3303,#3304,#3305,#3306,#3307,#3308,#3309,#3310,#3311),.UNSPECIFIED.,.F.,
 .F.)
B_SPLINE_CURVE_WITH_KNOTS((6,1,1,1,1,1,1,1,1,1,1,1,1,6),(1.16019855058841,
1.16111111111111,1.16666666666667,1.17222222222222,1.17777777777778,1.18333333333333,
1.18888888888889,1.19444444444444,1.2,1.20555555555556,1.21111111111111,
1.21666666666667,1.22222222222222,1.22365479598525),.UNSPECIFIED.)
CURVE()
GEOMETRIC_REPRESENTATION_ITEM()
RATIONAL_B_SPLINE_CURVE((1.,1.,1.,1.,1.,1.,1.,1.,1.,1.,1.,1.,1.,1.,1.,1.,
1.,1.))
REPRESENTATION_ITEM('')
);
#21=(
BOUNDED_CURVE()
B_SPLINE_CURVE(5,(#3313,#3314,#3315,#3316,#3317,#3318,#3319,#3320,#3321,
#3322,#3323,#3324,#3325,#3326,#3327,#3328,#3329,#3330),.UNSPECIFIED.,.F.,
 .F.)
B_SPLINE_CURVE_WITH_KNOTS((6,1,1,1,1,1,1,1,1,1,1,1,1,6),(1.16019855058841,
1.16111111111111,1.16666666666667,1.17222222222222,1.17777777777778,1.18333333333333,
1.18888888888889,1.19444444444444,1.2,1.20555555555556,1.21111111111111,
1.21666666666667,1.22222222222222,1.22365479598525),.UNSPECIFIED.)
CURVE()
GEOMETRIC_REPRESENTATION_ITEM()
RATIONAL_B_SPLINE_CURVE((1.,1.,1.,1.,1.,1.,1.,1.,1.,1.,1.,1.,1.,1.,1.,1.,
1.,1.))
REPRESENTATION_ITEM('')
);
#22=(
BOUNDED_CURVE()
B_SPLINE_CURVE(5,(#3338,#3339,#3340,#3341,#3342,#3343,#3344,#3345,#3346,
#3347,#3348,#3349,#3350,#3351,#3352,#3353,#3354,#3355,#3356,#3357,#3358,
#3359,#3360,#3361,#3362,#3363,#3364,#3365,#3366,#3367,#3368,#3369,#3370,
#3371,#3372,#3373,#3374,#3375,#3376,#3377,#3378,#3379,#3380,#3381,#3382,
#3383,#3384,#3385,#3386,#3387,#3388,#3389,#3390,#3391,#3392,#3393,#3394,
#3395,#3396,#3397,#3398,#3399,#3400,#3401,#3402,#3403,#3404,#3405,#3406,
#3407,#3408,#3409),.UNSPECIFIED.,.F.,.F.)
B_SPLINE_CURVE_WITH_KNOTS((6,1,1,1,1,1,1,1,1,1,1,1,1,1,1,1,1,1,1,1,1,1,
1,1,1,1,1,1,1,1,1,1,1,1,1,1,1,1,1,1,1,1,1,1,1,1,1,1,1,1,1,1,1,1,1,1,1,1,
1,1,1,1,1,1,1,1,1,6),(1.22365479598525,1.22777777777778,1.23333333333333,
1.23888888888889,1.24444444444444,1.25,1.25555555555556,1.26111111111111,
1.26666666666667,1.27222222222222,1.27777777777778,1.28333333333333,1.28888888888889,
1.29444444444444,1.3,1.30555555555556,1.31111111111111,1.31666666666667,
1.32222222222222,1.32777777777778,1.33333333333333,1.33888888888889,1.34444444444444,
1.35,1.35555555555556,1.36111111111111,1.36666666666667,1.37222222222222,
1.37777777777778,1.38333333333333,1.38888888888889,1.39444444444444,1.4,
1.40555555555556,1.41111111111111,1.41666666666667,1.42222222222222,1.42777777777778,
1.43333333333333,1.43888888888889,1.44444444444444,1.45,1.45555555555555,
1.46111111111111,1.46666666666667,1.47222222222222,1.47777777777778,1.48333333333333,
1.48888888888889,1.49444444444444,1.5,1.50555555555555,1.51111111111111,
1.51666666666667,1.52222222222222,1.52777777777778,1.53333333333333,1.53888888888889,
1.54444444444444,1.55,1.55555555555555,1.56111111111111,1.56666666666667,
1.57222222222222,1.57777777777778,1.58333333333333,1.58888888888889,1.5902218050726),
 .UNSPECIFIED.)
CURVE()
GEOMETRIC_REPRESENTATION_ITEM()
RATIONAL_B_SPLINE_CURVE((1.,1.,1.,1.,1.,1.,1.,1.,1.,1.,1.,1.,1.,1.,1.,1.,
1.,1.,1.,1.,1.,1.,1.,1.,1.,1.,1.,1.,1.,1.,1.,1.,1.,1.,1.,1.,1.,1.,1.,1.,
1.,1.,1.,1.,1.,1.,1.,1.,1.,1.,1.,1.,1.,1.,1.,1.,1.,1.,1.,1.,1.,1.,1.,1.,
1.,1.,1.,1.,1.,1.,1.,1.))
REPRESENTATION_ITEM('')
);
#23=(
BOUNDED_CURVE()
B_SPLINE_CURVE(5,(#3481,#3482,#3483,#3484,#3485,#3486,#3487,#3488),
 .UNSPECIFIED.,.F.,.F.)
B_SPLINE_CURVE_WITH_KNOTS((6,1,1,6),(1.5902218050726,1.59444444444444,1.6,
1.60068465071471),.UNSPECIFIED.)
CURVE()
GEOMETRIC_REPRESENTATION_ITEM()
RATIONAL_B_SPLINE_CURVE((1.,1.,1.,1.,1.,1.,1.,1.))
REPRESENTATION_ITEM('')
);
#24=(
BOUNDED_CURVE()
B_SPLINE_CURVE(5,(#3490,#3491,#3492,#3493,#3494,#3495,#3496,#3497),
 .UNSPECIFIED.,.F.,.F.)
B_SPLINE_CURVE_WITH_KNOTS((6,1,1,6),(1.5902218050726,1.59444444444444,1.6,
1.60068465071471),.UNSPECIFIED.)
CURVE()
GEOMETRIC_REPRESENTATION_ITEM()
RATIONAL_B_SPLINE_CURVE((1.,1.,1.,1.,1.,1.,1.,1.))
REPRESENTATION_ITEM('')
);
#25=(
BOUNDED_CURVE()
B_SPLINE_CURVE(5,(#3504,#3505,#3506,#3507,#3508,#3509,#3510,#3511,#3512,
#3513,#3514,#3515,#3516,#3517,#3518,#3519),.UNSPECIFIED.,.F.,.F.)
B_SPLINE_CURVE_WITH_KNOTS((6,1,1,1,1,1,1,1,1,1,1,6),(1.60068465071471,1.60555555555555,
1.61111111111111,1.61666666666667,1.62222222222222,1.62777777777778,1.63333333333333,
1.63888888888889,1.64444444444444,1.65,1.65555555555555,1.65949905249342),
 .UNSPECIFIED.)
CURVE()
GEOMETRIC_REPRESENTATION_ITEM()
RATIONAL_B_SPLINE_CURVE((1.,1.,1.,1.,1.,1.,1.,1.,1.,1.,1.,1.,1.,1.,1.,1.))
REPRESENTATION_ITEM('')
);
#26=CYLINDRICAL_SURFACE('',#1900,11.);
#27=CYLINDRICAL_SURFACE('',#1903,22.5000000000001);
#28=CYLINDRICAL_SURFACE('',#1971,11.5);
#29=CYLINDRICAL_SURFACE('',#1974,8.5);
#30=CONICAL_SURFACE('',#1889,21.7500000000001,0.785398163397447);
#31=CONICAL_SURFACE('',#1892,10.25,0.785398163397448);
#32=CONICAL_SURFACE('',#1895,10.75,0.785398163397448);
#33=CONICAL_SURFACE('',#1898,7.75,0.78539816339745);
#34=FACE_BOUND('',#158,.T.);
#35=FACE_BOUND('',#221,.T.);
#36=FACE_BOUND('',#222,.T.);
#37=FACE_BOUND('',#223,.T.);
#38=FACE_BOUND('',#224,.T.);
#39=FACE_BOUND('',#225,.T.);
#40=FACE_BOUND('',#226,.T.);
#41=FACE_BOUND('',#227,.T.);
#42=FACE_BOUND('',#228,.T.);
#43=FACE_BOUND('',#229,.T.);
#44=FACE_BOUND('',#256,.T.);
#45=CIRCLE('',#1884,21.0000000000001);
#46=CIRCLE('',#1885,9.49999999999997);
#47=CIRCLE('',#1886,10.);
#48=CIRCLE('',#1887,7.);
#49=CIRCLE('',#1890,22.5000000000001);
#50=CIRCLE('',#1893,11.);
#51=CIRCLE('',#1896,11.5);
#52=CIRCLE('',#1899,8.5);
#53=CIRCLE('',#1901,11.);
#54=CIRCLE('',#1904,22.5000000000001);
#55=CIRCLE('',#1972,11.5);
#56=CIRCLE('',#1975,8.5);
#57=B_SPLINE_SURFACE_WITH_KNOTS('',3,3,((#2378,#2379,#2380,#2381,#2382,
#2383,#2384,#2385,#2386,#2387,#2388,#2389,#2390,#2391,#2392,#2393,#2394,
#2395,#2396,#2397,#2398,#2399,#2400,#2401,#2402,#2403,#2404,#2405,#2406,
#2407,#2408,#2409,#2410,#2411,#2412,#2413,#2414,#2415,#2416,#2417,#2418,
#2419,#2420,#2421,#2422,#2423,#2424,#2425,#2426,#2427,#2428,#2429,#2430,
#2431,#2432,#2433,#2434,#2435,#2436,#2437,#2438,#2439,#2440,#2441,#2442,
#2443,#2444,#2445,#2446,#2447,#2448,#2449,#2450,#2451,#2452,#2453,#2454,
#2455,#2456,#2457,#2458,#2459,#2460,#2461,#2462),(#2463,#2464,#2465,#2466,
#2467,#2468,#2469,#2470,#2471,#2472,#2473,#2474,#2475,#2476,#2477,#2478,
#2479,#2480,#2481,#2482,#2483,#2484,#2485,#2486,#2487,#2488,#2489,#2490,
#2491,#2492,#2493,#2494,#2495,#2496,#2497,#2498,#2499,#2500,#2501,#2502,
#2503,#2504,#2505,#2506,#2507,#2508,#2509,#2510,#2511,#2512,#2513,#2514,
#2515,#2516,#2517,#2518,#2519,#2520,#2521,#2522,#2523,#2524,#2525,#2526,
#2527,#2528,#2529,#2530,#2531,#2532,#2533,#2534,#2535,#2536,#2537,#2538,
#2539,#2540,#2541,#2542,#2543,#2544,#2545,#2546,#2547),(#2548,#2549,#2550,
#2551,#2552,#2553,#2554,#2555,#2556,#2557,#2558,#2559,#2560,#2561,#2562,
#2563,#2564,#2565,#2566,#2567,#2568,#2569,#2570,#2571,#2572,#2573,#2574,
#2575,#2576,#2577,#2578,#2579,#2580,#2581,#2582,#2583,#2584,#2585,#2586,
#2587,#2588,#2589,#2590,#2591,#2592,#2593,#2594,#2595,#2596,#2597,#2598,
#2599,#2600,#2601,#2602,#2603,#2604,#2605,#2606,#2607,#2608,#2609,#2610,
#2611,#2612,#2613,#2614,#2615,#2616,#2617,#2618,#2619,#2620,#2621,#2622,
#2623,#2624,#2625,#2626,#2627,#2628,#2629,#2630,#2631,#2632),(#2633,#2634,
#2635,#2636,#2637,#2638,#2639,#2640,#2641,#2642,#2643,#2644,#2645,#2646,
#2647,#2648,#2649,#2650,#2651,#2652,#2653,#2654,#2655,#2656,#2657,#2658,
#2659,#2660,#2661,#2662,#2663,#2664,#2665,#2666,#2667,#2668,#2669,#2670,
#2671,#2672,#2673,#2674,#2675,#2676,#2677,#2678,#2679,#2680,#2681,#2682,
#2683,#2684,#2685,#2686,#2687,#2688,#2689,#2690,#2691,#2692,#2693,#2694,
#2695,#2696,#2697,#2698,#2699,#2700,#2701,#2702,#2703,#2704,#2705,#2706,
#2707,#2708,#2709,#2710,#2711,#2712,#2713,#2714,#2715,#2716,#2717)),
 .UNSPECIFIED.,.F.,.F.,.F.,(4,4),(4,1,1,1,1,1,1,1,1,1,1,1,1,1,1,1,1,1,1,
1,1,1,1,1,1,1,1,1,1,1,1,1,1,1,1,1,1,1,1,1,1,1,1,1,1,1,1,1,1,1,1,1,1,1,1,
1,1,1,1,1,1,1,1,1,1,1,1,1,1,1,1,1,1,1,1,1,1,1,1,1,1,1,4),(0.,1.),(-1.79910913691656,
-1.77413697638791,-1.76165089612359,-1.75540785599143,-1.74916481585927,
-1.74292177572711,-1.73667873559495,-1.72419265533063,-1.71170657506631,
-1.70546353493415,-1.70234201486807,-1.69922049480199,-1.68673441453766,
-1.67424833427334,-1.66176225400902,-1.6492761737447,-1.64771541371166,
-1.64615465367862,-1.64303313361254,-1.63679009348038,-1.62430401321606,
-1.59933185268742,-1.58268374566832,-1.57852171891355,-1.57713437666196,
-1.56603563864923,-1.5549369006365,-1.54383816262377,-1.53273942461104,
-1.51609131759194,-1.50776726408239,-1.49944321057285,-1.4911191570633,
-1.48279510355375,-1.46614699653466,-1.46198496977988,-1.45782294302511,
-1.44949888951556,-1.44117483600602,-1.43285078249647,-1.42452672898692,
-1.41620267547737,-1.39955456845828,-1.37458240792964,-1.36209632766531,
-1.34961024740099,-1.33712416713667,-1.32463808687235,-1.31215200660803,
-1.29966592634371,-1.28717984607939,-1.27469376581507,-1.26220768555074,
-1.24972160528642,-1.22474944475778,-1.21226336449346,-1.19977728422914,
-1.18729120396482,-1.1748051237005,-1.14983296317185,-1.13734688290753,
-1.12486080264321,-1.11237472237889,-1.09988864211457,-1.08740256185025,
-1.07491648158593,-1.06243040132161,-1.04994432105729,-1.0468228009912,
-1.04370128092512,-1.03745824079296,-1.0312152006608,-1.02497216052864,
-1.01872912039648,-1.01248608026432,-1.00624304013216,-1.,-0.996370182026746,
-0.990320485404655,-0.985480728106982,-0.980640970809309,-0.975801213511636,
-0.961281941618617),.UNSPECIFIED.);
#58=B_SPLINE_SURFACE_WITH_KNOTS('',3,1,((#4404,#4405),(#4406,#4407),(#4408,
#4409),(#4410,#4411),(#4412,#4413),(#4414,#4415),(#4416,#4417),(#4418,#4419),
(#4420,#4421),(#4422,#4423),(#4424,#4425),(#4426,#4427),(#4428,#4429),(#4430,
#4431),(#4432,#4433),(#4434,#4435),(#4436,#4437),(#4438,#4439),(#4440,#4441)),
 .UNSPECIFIED.,.F.,.F.,.F.,(4,3,3,3,3,3,4),(2,2),(-1.52579064381064,-1.51657583609233,
-1.49939678370186,-1.4792959091106,-1.46418762039379,-1.45043717690551,
-1.44179768493887),(0.,0.4),.UNSPECIFIED.);
#59=B_SPLINE_SURFACE_WITH_KNOTS('',3,1,((#4469,#4470),(#4471,#4472),(#4473,
#4474),(#4475,#4476),(#4477,#4478),(#4479,#4480),(#4481,#4482),(#4483,#4484),
(#4485,#4486),(#4487,#4488),(#4489,#4490),(#4491,#4492),(#4493,#4494),(#4495,
#4496),(#4497,#4498),(#4499,#4500),(#4501,#4502),(#4503,#4504),(#4505,#4506)),
 .UNSPECIFIED.,.F.,.F.,.F.,(4,3,3,3,3,3,4),(2,2),(-0.809863897414243,-0.801759215603907,
-0.773439103547323,-0.756829595066324,-0.743367635068939,-0.72970579808929,
-0.7149096124701),(0.,0.4),.UNSPECIFIED.);
#60=B_SPLINE_SURFACE_WITH_KNOTS('',3,1,((#4532,#4533),(#4534,#4535),(#4536,
#4537),(#4538,#4539),(#4540,#4541),(#4542,#4543),(#4544,#4545),(#4546,#4547),
(#4548,#4549),(#4550,#4551),(#4552,#4553),(#4554,#4555),(#4556,#4557),(#4558,
#4559),(#4560,#4561),(#4562,#4563),(#4564,#4565),(#4566,#4567),(#4568,#4569),
(#4570,#4571),(#4572,#4573),(#4574,#4575),(#4576,#4577),(#4578,#4579),(#4580,
#4581),(#4582,#4583),(#4584,#4585),(#4586,#4587),(#4588,#4589),(#4590,#4591),
(#4592,#4593),(#4594,#4595),(#4596,#4597),(#4598,#4599),(#4600,#4601),(#4602,
#4603),(#4604,#4605),(#4606,#4607),(#4608,#4609),(#4610,#4611),(#4612,#4613),
(#4614,#4615),(#4616,#4617)),.UNSPECIFIED.,.F.,.F.,.F.,(4,3,3,3,3,3,3,3,
3,3,3,3,3,3,4),(2,2),(-1.13366960212867,-1.12617314778738,-1.10589530212482,
-1.08362502160089,-1.06528010336847,-1.05173315831677,-1.04072760504032,
-1.02927850371283,-1.01950865350624,-1.00826336876635,-1.,-0.998077204872729,
-0.983885855531773,-0.967771711063546,-0.961180592165601),(0.,0.4),
 .UNSPECIFIED.);
#61=B_SPLINE_SURFACE_WITH_KNOTS('',3,1,((#4667,#4668),(#4669,#4670),(#4671,
#4672),(#4673,#4674),(#4675,#4676),(#4677,#4678),(#4679,#4680),(#4681,#4682),
(#4683,#4684),(#4685,#4686),(#4687,#4688),(#4689,#4690),(#4691,#4692),(#4693,
#4694),(#4695,#4696),(#4697,#4698)),.UNSPECIFIED.,.F.,.F.,.F.,(4,3,3,3,
3,4),(2,2),(-1.35767126245813,-1.33232334369542,-1.31310886464379,-1.29067252037098,
-1.26428481452649,-1.25590021483493),(0.,0.4),.UNSPECIFIED.);
#62=FACE_OUTER_BOUND('',#154,.T.);
#63=FACE_OUTER_BOUND('',#155,.T.);
#64=FACE_OUTER_BOUND('',#156,.T.);
#65=FACE_OUTER_BOUND('',#157,.T.);
#66=FACE_OUTER_BOUND('',#159,.T.);
#67=FACE_OUTER_BOUND('',#160,.T.);
#68=FACE_OUTER_BOUND('',#161,.T.);
#69=FACE_OUTER_BOUND('',#162,.T.);
#70=FACE_OUTER_BOUND('',#163,.T.);
#71=FACE_OUTER_BOUND('',#164,.T.);
#72=FACE_OUTER_BOUND('',#165,.T.);
#73=FACE_OUTER_BOUND('',#166,.T.);
#74=FACE_OUTER_BOUND('',#167,.T.);
#75=FACE_OUTER_BOUND('',#168,.T.);
#76=FACE_OUTER_BOUND('',#169,.T.);
#77=FACE_OUTER_BOUND('',#170,.T.);
#78=FACE_OUTER_BOUND('',#171,.T.);
#79=FACE_OUTER_BOUND('',#172,.T.);
#80=FACE_OUTER_BOUND('',#173,.T.);
#81=FACE_OUTER_BOUND('',#174,.T.);
#82=FACE_OUTER_BOUND('',#175,.T.);
#83=FACE_OUTER_BOUND('',#176,.T.);
#84=FACE_OUTER_BOUND('',#177,.T.);
#85=FACE_OUTER_BOUND('',#178,.T.);
#86=FACE_OUTER_BOUND('',#179,.T.);
#87=FACE_OUTER_BOUND('',#180,.T.);
#88=FACE_OUTER_BOUND('',#181,.T.);
#89=FACE_OUTER_BOUND('',#182,.T.);
#90=FACE_OUTER_BOUND('',#183,.T.);
#91=FACE_OUTER_BOUND('',#184,.T.);
#92=FACE_OUTER_BOUND('',#185,.T.);
#93=FACE_OUTER_BOUND('',#186,.T.);
#94=FACE_OUTER_BOUND('',#187,.T.);
#95=FACE_OUTER_BOUND('',#188,.T.);
#96=FACE_OUTER_BOUND('',#189,.T.);
#97=FACE_OUTER_BOUND('',#190,.T.);
#98=FACE_OUTER_BOUND('',#191,.T.);
#99=FACE_OUTER_BOUND('',#192,.T.);
#100=FACE_OUTER_BOUND('',#193,.T.);
#101=FACE_OUTER_BOUND('',#194,.T.);
#102=FACE_OUTER_BOUND('',#195,.T.);
#103=FACE_OUTER_BOUND('',#196,.T.);
#104=FACE_OUTER_BOUND('',#197,.T.);
#105=FACE_OUTER_BOUND('',#198,.T.);
#106=FACE_OUTER_BOUND('',#199,.T.);
#107=FACE_OUTER_BOUND('',#200,.T.);
#108=FACE_OUTER_BOUND('',#201,.T.);
#109=FACE_OUTER_BOUND('',#202,.T.);
#110=FACE_OUTER_BOUND('',#203,.T.);
#111=FACE_OUTER_BOUND('',#204,.T.);
#112=FACE_OUTER_BOUND('',#205,.T.);
#113=FACE_OUTER_BOUND('',#206,.T.);
#114=FACE_OUTER_BOUND('',#207,.T.);
#115=FACE_OUTER_BOUND('',#208,.T.);
#116=FACE_OUTER_BOUND('',#209,.T.);
#117=FACE_OUTER_BOUND('',#210,.T.);
#118=FACE_OUTER_BOUND('',#211,.T.);
#119=FACE_OUTER_BOUND('',#212,.T.);
#120=FACE_OUTER_BOUND('',#213,.T.);
#121=FACE_OUTER_BOUND('',#214,.T.);
#122=FACE_OUTER_BOUND('',#215,.T.);
#123=FACE_OUTER_BOUND('',#216,.T.);
#124=FACE_OUTER_BOUND('',#217,.T.);
#125=FACE_OUTER_BOUND('',#218,.T.);
#126=FACE_OUTER_BOUND('',#219,.T.);
#127=FACE_OUTER_BOUND('',#220,.T.);
#128=FACE_OUTER_BOUND('',#230,.T.);
#129=FACE_OUTER_BOUND('',#231,.T.);
#130=FACE_OUTER_BOUND('',#232,.T.);
#131=FACE_OUTER_BOUND('',#233,.T.);
#132=FACE_OUTER_BOUND('',#234,.T.);
#133=FACE_OUTER_BOUND('',#235,.T.);
#134=FACE_OUTER_BOUND('',#236,.T.);
#135=FACE_OUTER_BOUND('',#237,.T.);
#136=FACE_OUTER_BOUND('',#238,.T.);
#137=FACE_OUTER_BOUND('',#239,.T.);
#138=FACE_OUTER_BOUND('',#240,.T.);
#139=FACE_OUTER_BOUND('',#241,.T.);
#140=FACE_OUTER_BOUND('',#242,.T.);
#141=FACE_OUTER_BOUND('',#243,.T.);
#142=FACE_OUTER_BOUND('',#244,.T.);
#143=FACE_OUTER_BOUND('',#245,.T.);
#144=FACE_OUTER_BOUND('',#246,.T.);
#145=FACE_OUTER_BOUND('',#247,.T.);
#146=FACE_OUTER_BOUND('',#248,.T.);
#147=FACE_OUTER_BOUND('',#249,.T.);
#148=FACE_OUTER_BOUND('',#250,.T.);
#149=FACE_OUTER_BOUND('',#251,.T.);
#150=FACE_OUTER_BOUND('',#252,.T.);
#151=FACE_OUTER_BOUND('',#253,.T.);
#152=FACE_OUTER_BOUND('',#254,.T.);
#153=FACE_OUTER_BOUND('',#255,.T.);
#154=EDGE_LOOP('',(#1153,#1154,#1155,#1156));
#155=EDGE_LOOP('',(#1157,#1158,#1159,#1160));
#156=EDGE_LOOP('',(#1161,#1162,#1163,#1164,#1165,#1166,#1167,#1168,#1169,
#1170,#1171,#1172,#1173,#1174,#1175,#1176,#1177,#1178,#1179,#1180,#1181,
#1182,#1183,#1184,#1185));
#157=EDGE_LOOP('',(#1186,#1187,#1188,#1189,#1190,#1191,#1192,#1193));
#158=EDGE_LOOP('',(#1194,#1195));
#159=EDGE_LOOP('',(#1196,#1197,#1198,#1199));
#160=EDGE_LOOP('',(#1200,#1201,#1202,#1203));
#161=EDGE_LOOP('',(#1204,#1205,#1206,#1207));
#162=EDGE_LOOP('',(#1208,#1209,#1210,#1211));
#163=EDGE_LOOP('',(#1212,#1213,#1214,#1215));
#164=EDGE_LOOP('',(#1216,#1217,#1218,#1219));
#165=EDGE_LOOP('',(#1220,#1221,#1222,#1223));
#166=EDGE_LOOP('',(#1224,#1225,#1226,#1227));
#167=EDGE_LOOP('',(#1228,#1229,#1230,#1231));
#168=EDGE_LOOP('',(#1232,#1233,#1234,#1235));
#169=EDGE_LOOP('',(#1236,#1237,#1238,#1239));
#170=EDGE_LOOP('',(#1240,#1241,#1242,#1243));
#171=EDGE_LOOP('',(#1244,#1245,#1246,#1247));
#172=EDGE_LOOP('',(#1248,#1249,#1250,#1251));
#173=EDGE_LOOP('',(#1252,#1253,#1254,#1255));
#174=EDGE_LOOP('',(#1256,#1257,#1258,#1259));
#175=EDGE_LOOP('',(#1260,#1261,#1262,#1263));
#176=EDGE_LOOP('',(#1264,#1265,#1266,#1267));
#177=EDGE_LOOP('',(#1268,#1269,#1270,#1271));
#178=EDGE_LOOP('',(#1272,#1273,#1274,#1275));
#179=EDGE_LOOP('',(#1276,#1277,#1278,#1279));
#180=EDGE_LOOP('',(#1280,#1281,#1282,#1283));
#181=EDGE_LOOP('',(#1284,#1285,#1286,#1287));
#182=EDGE_LOOP('',(#1288,#1289,#1290,#1291,#1292,#1293,#1294,#1295));
#183=EDGE_LOOP('',(#1296,#1297,#1298,#1299,#1300,#1301,#1302,#1303));
#184=EDGE_LOOP('',(#1304,#1305,#1306,#1307));
#185=EDGE_LOOP('',(#1308,#1309,#1310,#1311,#1312,#1313,#1314));
#186=EDGE_LOOP('',(#1315,#1316,#1317,#1318,#1319,#1320,#1321));
#187=EDGE_LOOP('',(#1322,#1323,#1324,#1325,#1326,#1327,#1328));
#188=EDGE_LOOP('',(#1329,#1330,#1331,#1332));
#189=EDGE_LOOP('',(#1333,#1334,#1335,#1336,#1337,#1338,#1339));
#190=EDGE_LOOP('',(#1340,#1341,#1342,#1343));
#191=EDGE_LOOP('',(#1344,#1345,#1346,#1347,#1348,#1349,#1350,#1351));
#192=EDGE_LOOP('',(#1352,#1353,#1354,#1355,#1356,#1357,#1358));
#193=EDGE_LOOP('',(#1359,#1360,#1361,#1362));
#194=EDGE_LOOP('',(#1363,#1364,#1365,#1366));
#195=EDGE_LOOP('',(#1367,#1368,#1369,#1370,#1371,#1372,#1373));
#196=EDGE_LOOP('',(#1374,#1375,#1376,#1377,#1378));
#197=EDGE_LOOP('',(#1379,#1380));
#198=EDGE_LOOP('',(#1381,#1382,#1383,#1384,#1385));
#199=EDGE_LOOP('',(#1386,#1387,#1388,#1389));
#200=EDGE_LOOP('',(#1390,#1391,#1392,#1393,#1394));
#201=EDGE_LOOP('',(#1395,#1396,#1397,#1398));
#202=EDGE_LOOP('',(#1399,#1400,#1401,#1402));
#203=EDGE_LOOP('',(#1403,#1404,#1405,#1406,#1407));
#204=EDGE_LOOP('',(#1408,#1409,#1410,#1411,#1412));
#205=EDGE_LOOP('',(#1413,#1414,#1415,#1416));
#206=EDGE_LOOP('',(#1417,#1418,#1419,#1420,#1421,#1422,#1423,#1424,#1425,
#1426,#1427,#1428,#1429,#1430,#1431,#1432,#1433,#1434,#1435,#1436,#1437,
#1438,#1439,#1440,#1441,#1442,#1443,#1444,#1445));
#207=EDGE_LOOP('',(#1446,#1447,#1448,#1449));
#208=EDGE_LOOP('',(#1450,#1451,#1452,#1453));
#209=EDGE_LOOP('',(#1454,#1455,#1456,#1457));
#210=EDGE_LOOP('',(#1458,#1459,#1460,#1461));
#211=EDGE_LOOP('',(#1462,#1463,#1464,#1465));
#212=EDGE_LOOP('',(#1466,#1467,#1468,#1469,#1470));
#213=EDGE_LOOP('',(#1471,#1472,#1473,#1474,#1475));
#214=EDGE_LOOP('',(#1476,#1477,#1478,#1479));
#215=EDGE_LOOP('',(#1480,#1481,#1482,#1483,#1484));
#216=EDGE_LOOP('',(#1485,#1486,#1487,#1488));
#217=EDGE_LOOP('',(#1489,#1490,#1491,#1492,#1493,#1494));
#218=EDGE_LOOP('',(#1495,#1496,#1497,#1498,#1499));
#219=EDGE_LOOP('',(#1500,#1501,#1502));
#220=EDGE_LOOP('',(#1503,#1504,#1505,#1506,#1507,#1508,#1509,#1510,#1511,
#1512,#1513,#1514,#1515,#1516,#1517,#1518,#1519,#1520,#1521,#1522,#1523,
#1524,#1525,#1526,#1527,#1528,#1529));
#221=EDGE_LOOP('',(#1530,#1531,#1532,#1533));
#222=EDGE_LOOP('',(#1534,#1535,#1536,#1537));
#223=EDGE_LOOP('',(#1538,#1539,#1540,#1541));
#224=EDGE_LOOP('',(#1542,#1543,#1544,#1545));
#225=EDGE_LOOP('',(#1546,#1547,#1548,#1549));
#226=EDGE_LOOP('',(#1550,#1551,#1552,#1553));
#227=EDGE_LOOP('',(#1554,#1555,#1556,#1557));
#228=EDGE_LOOP('',(#1558,#1559,#1560,#1561));
#229=EDGE_LOOP('',(#1562,#1563,#1564,#1565));
#230=EDGE_LOOP('',(#1566,#1567,#1568,#1569,#1570));
#231=EDGE_LOOP('',(#1571,#1572,#1573,#1574,#1575));
#232=EDGE_LOOP('',(#1576,#1577,#1578,#1579,#1580,#1581));
#233=EDGE_LOOP('',(#1582,#1583,#1584,#1585));
#234=EDGE_LOOP('',(#1586,#1587,#1588));
#235=EDGE_LOOP('',(#1589,#1590,#1591,#1592));
#236=EDGE_LOOP('',(#1593,#1594,#1595,#1596,#1597));
#237=EDGE_LOOP('',(#1598,#1599,#1600,#1601));
#238=EDGE_LOOP('',(#1602,#1603,#1604,#1605,#1606));
#239=EDGE_LOOP('',(#1607,#1608,#1609,#1610));
#240=EDGE_LOOP('',(#1611,#1612,#1613,#1614,#1615));
#241=EDGE_LOOP('',(#1616,#1617,#1618,#1619,#1620));
#242=EDGE_LOOP('',(#1621,#1622,#1623,#1624));
#243=EDGE_LOOP('',(#1625,#1626,#1627,#1628));
#244=EDGE_LOOP('',(#1629,#1630,#1631,#1632,#1633,#1634,#1635,#1636));
#245=EDGE_LOOP('',(#1637,#1638,#1639,#1640));
#246=EDGE_LOOP('',(#1641,#1642,#1643,#1644,#1645,#1646));
#247=EDGE_LOOP('',(#1647,#1648,#1649,#1650));
#248=EDGE_LOOP('',(#1651,#1652,#1653,#1654,#1655,#1656,#1657,#1658));
#249=EDGE_LOOP('',(#1659,#1660,#1661,#1662));
#250=EDGE_LOOP('',(#1663,#1664,#1665,#1666));
#251=EDGE_LOOP('',(#1667,#1668,#1669,#1670));
#252=EDGE_LOOP('',(#1671,#1672,#1673,#1674));
#253=EDGE_LOOP('',(#1675,#1676,#1677,#1678));
#254=EDGE_LOOP('',(#1679,#1680,#1681,#1682));
#255=EDGE_LOOP('',(#1683,#1684,#1685,#1686,#1687,#1688,#1689,#1690));
#256=EDGE_LOOP('',(#1691,#1692,#1693,#1694,#1695,#1696,#1697,#1698));
#257=LINE('',#2374,#451);
#258=LINE('',#2376,#452);
#259=LINE('',#2377,#453);
#260=LINE('',#2890,#454);
#261=LINE('',#2892,#455);
#262=LINE('',#2894,#456);
#263=LINE('',#2896,#457);
#264=LINE('',#2898,#458);
#265=LINE('',#2900,#459);
#266=LINE('',#2902,#460);
#267=LINE('',#2904,#461);
#268=LINE('',#2906,#462);
#269=LINE('',#2908,#463);
#270=LINE('',#2910,#464);
#271=LINE('',#2912,#465);
#272=LINE('',#2914,#466);
#273=LINE('',#2916,#467);
#274=LINE('',#2918,#468);
#275=LINE('',#2920,#469);
#276=LINE('',#2922,#470);
#277=LINE('',#2924,#471);
#278=LINE('',#2926,#472);
#279=LINE('',#2928,#473);
#280=LINE('',#2930,#474);
#281=LINE('',#2932,#475);
#282=LINE('',#2934,#476);
#283=LINE('',#2935,#477);
#284=LINE('',#2939,#478);
#285=LINE('',#2943,#479);
#286=LINE('',#2947,#480);
#287=LINE('',#2951,#481);
#288=LINE('',#2955,#482);
#289=LINE('',#2957,#483);
#290=LINE('',#2958,#484);
#291=LINE('',#2961,#485);
#292=LINE('',#2965,#486);
#293=LINE('',#2966,#487);
#294=LINE('',#2969,#488);
#295=LINE('',#2973,#489);
#296=LINE('',#2974,#490);
#297=LINE('',#2977,#491);
#298=LINE('',#2981,#492);
#299=LINE('',#2982,#493);
#300=LINE('',#2987,#494);
#301=LINE('',#2990,#495);
#302=LINE('',#2993,#496);
#303=LINE('',#2994,#497);
#304=LINE('',#2997,#498);
#305=LINE('',#3001,#499);
#306=LINE('',#3002,#500);
#307=LINE('',#3006,#501);
#308=LINE('',#3008,#502);
#309=LINE('',#3010,#503);
#310=LINE('',#3011,#504);
#311=LINE('',#3014,#505);
#312=LINE('',#3016,#506);
#313=LINE('',#3017,#507);
#314=LINE('',#3020,#508);
#315=LINE('',#3022,#509);
#316=LINE('',#3023,#510);
#317=LINE('',#3027,#511);
#318=LINE('',#3029,#512);
#319=LINE('',#3031,#513);
#320=LINE('',#3032,#514);
#321=LINE('',#3034,#515);
#322=LINE('',#3035,#516);
#323=LINE('',#3039,#517);
#324=LINE('',#3041,#518);
#325=LINE('',#3043,#519);
#326=LINE('',#3044,#520);
#327=LINE('',#3048,#521);
#328=LINE('',#3050,#522);
#329=LINE('',#3052,#523);
#330=LINE('',#3053,#524);
#331=LINE('',#3055,#525);
#332=LINE('',#3056,#526);
#333=LINE('',#3060,#527);
#334=LINE('',#3062,#528);
#335=LINE('',#3064,#529);
#336=LINE('',#3065,#530);
#337=LINE('',#3068,#531);
#338=LINE('',#3070,#532);
#339=LINE('',#3071,#533);
#340=LINE('',#3074,#534);
#341=LINE('',#3076,#535);
#342=LINE('',#3077,#536);
#343=LINE('',#3080,#537);
#344=LINE('',#3082,#538);
#345=LINE('',#3083,#539);
#346=LINE('',#3086,#540);
#347=LINE('',#3088,#541);
#348=LINE('',#3089,#542);
#349=LINE('',#3091,#543);
#350=LINE('',#3094,#544);
#351=LINE('',#3142,#545);
#352=LINE('',#3144,#546);
#353=LINE('',#3189,#547);
#354=LINE('',#3192,#548);
#355=LINE('',#3214,#549);
#356=LINE('',#3216,#550);
#357=LINE('',#3249,#551);
#358=LINE('',#3253,#552);
#359=LINE('',#3254,#553);
#360=LINE('',#3256,#554);
#361=LINE('',#3257,#555);
#362=LINE('',#3331,#556);
#363=LINE('',#3333,#557);
#364=LINE('',#3334,#558);
#365=LINE('',#3411,#559);
#366=LINE('',#3413,#560);
#367=LINE('',#3435,#561);
#368=LINE('',#3453,#562);
#369=LINE('',#3455,#563);
#370=LINE('',#3457,#564);
#371=LINE('',#3458,#565);
#372=LINE('',#3461,#566);
#373=LINE('',#3463,#567);
#374=LINE('',#3464,#568);
#375=LINE('',#3498,#569);
#376=LINE('',#3500,#570);
#377=LINE('',#3501,#571);
#378=LINE('',#3529,#572);
#379=LINE('',#3537,#573);
#380=LINE('',#3553,#574);
#381=LINE('',#3564,#575);
#382=LINE('',#3588,#576);
#383=LINE('',#3594,#577);
#384=LINE('',#3597,#578);
#385=LINE('',#3599,#579);
#386=LINE('',#3617,#580);
#387=LINE('',#3618,#581);
#388=LINE('',#3620,#582);
#389=LINE('',#3633,#583);
#390=LINE('',#3635,#584);
#391=LINE('',#3636,#585);
#392=LINE('',#3638,#586);
#393=LINE('',#3640,#587);
#394=LINE('',#3641,#588);
#395=LINE('',#3643,#589);
#396=LINE('',#3645,#590);
#397=LINE('',#3646,#591);
#398=LINE('',#3648,#592);
#399=LINE('',#3650,#593);
#400=LINE('',#3652,#594);
#401=LINE('',#3654,#595);
#402=LINE('',#3656,#596);
#403=LINE('',#3658,#597);
#404=LINE('',#3660,#598);
#405=LINE('',#3661,#599);
#406=LINE('',#3703,#600);
#407=LINE('',#3713,#601);
#408=LINE('',#3752,#602);
#409=LINE('',#3762,#603);
#410=LINE('',#3800,#604);
#411=LINE('',#3806,#605);
#412=LINE('',#3809,#606);
#413=LINE('',#3824,#607);
#414=LINE('',#3838,#608);
#415=LINE('',#3846,#609);
#416=LINE('',#3849,#610);
#417=LINE('',#3862,#611);
#418=LINE('',#3869,#612);
#419=LINE('',#3893,#613);
#420=LINE('',#4224,#614);
#421=LINE('',#4379,#615);
#422=LINE('',#4380,#616);
#423=LINE('',#4382,#617);
#424=LINE('',#4384,#618);
#425=LINE('',#4385,#619);
#426=LINE('',#4389,#620);
#427=LINE('',#4390,#621);
#428=LINE('',#4392,#622);
#429=LINE('',#4394,#623);
#430=LINE('',#4397,#624);
#431=LINE('',#4398,#625);
#432=LINE('',#4400,#626);
#433=LINE('',#4402,#627);
#434=LINE('',#4463,#628);
#435=LINE('',#4464,#629);
#436=LINE('',#4467,#630);
#437=LINE('',#4468,#631);
#438=LINE('',#4527,#632);
#439=LINE('',#4530,#633);
#440=LINE('',#4531,#634);
#441=LINE('',#4662,#635);
#442=LINE('',#4665,#636);
#443=LINE('',#4666,#637);
#444=LINE('',#4716,#638);
#445=LINE('',#4718,#639);
#446=LINE('',#4721,#640);
#447=LINE('',#4722,#641);
#448=LINE('',#4726,#642);
#449=LINE('',#4729,#643);
#450=LINE('',#4730,#644);
#451=VECTOR('',#1981,10.);
#452=VECTOR('',#1982,10.);
#453=VECTOR('',#1983,10.);
#454=VECTOR('',#1986,10.);
#455=VECTOR('',#1987,10.);
#456=VECTOR('',#1988,10.);
#457=VECTOR('',#1989,10.);
#458=VECTOR('',#1990,10.);
#459=VECTOR('',#1991,10.);
#460=VECTOR('',#1992,10.);
#461=VECTOR('',#1993,10.);
#462=VECTOR('',#1994,10.);
#463=VECTOR('',#1995,10.);
#464=VECTOR('',#1996,10.);
#465=VECTOR('',#1997,10.);
#466=VECTOR('',#1998,10.);
#467=VECTOR('',#1999,10.);
#468=VECTOR('',#2000,10.);
#469=VECTOR('',#2001,10.);
#470=VECTOR('',#2002,10.);
#471=VECTOR('',#2003,10.);
#472=VECTOR('',#2004,10.);
#473=VECTOR('',#2005,10.);
#474=VECTOR('',#2006,10.);
#475=VECTOR('',#2007,10.);
#476=VECTOR('',#2008,10.);
#477=VECTOR('',#2009,10.);
#478=VECTOR('',#2012,10.);
#479=VECTOR('',#2015,10.);
#480=VECTOR('',#2018,10.);
#481=VECTOR('',#2021,10.);
#482=VECTOR('',#2026,10.);
#483=VECTOR('',#2027,10.);
#484=VECTOR('',#2028,10.);
#485=VECTOR('',#2031,10.);
#486=VECTOR('',#2036,10.);
#487=VECTOR('',#2037,10.);
#488=VECTOR('',#2040,10.);
#489=VECTOR('',#2045,10.);
#490=VECTOR('',#2046,10.);
#491=VECTOR('',#2049,10.);
#492=VECTOR('',#2054,10.);
#493=VECTOR('',#2055,10.);
#494=VECTOR('',#2062,10.);
#495=VECTOR('',#2065,10.);
#496=VECTOR('',#2068,10.);
#497=VECTOR('',#2069,10.);
#498=VECTOR('',#2072,10.);
#499=VECTOR('',#2077,10.);
#500=VECTOR('',#2078,10.);
#501=VECTOR('',#2081,10.);
#502=VECTOR('',#2082,10.);
#503=VECTOR('',#2083,10.);
#504=VECTOR('',#2084,10.);
#505=VECTOR('',#2087,10.);
#506=VECTOR('',#2088,10.);
#507=VECTOR('',#2089,10.);
#508=VECTOR('',#2092,10.);
#509=VECTOR('',#2093,10.);
#510=VECTOR('',#2094,10.);
#511=VECTOR('',#2097,10.);
#512=VECTOR('',#2098,10.);
#513=VECTOR('',#2099,10.);
#514=VECTOR('',#2100,10.);
#515=VECTOR('',#2103,10.);
#516=VECTOR('',#2104,10.);
#517=VECTOR('',#2107,10.);
#518=VECTOR('',#2108,10.);
#519=VECTOR('',#2109,10.);
#520=VECTOR('',#2110,10.);
#521=VECTOR('',#2113,10.);
#522=VECTOR('',#2114,10.);
#523=VECTOR('',#2115,10.);
#524=VECTOR('',#2116,10.);
#525=VECTOR('',#2119,10.);
#526=VECTOR('',#2120,10.);
#527=VECTOR('',#2123,10.);
#528=VECTOR('',#2124,10.);
#529=VECTOR('',#2125,10.);
#530=VECTOR('',#2126,10.);
#531=VECTOR('',#2129,10.);
#532=VECTOR('',#2130,10.);
#533=VECTOR('',#2131,10.);
#534=VECTOR('',#2134,10.);
#535=VECTOR('',#2135,10.);
#536=VECTOR('',#2136,10.);
#537=VECTOR('',#2139,10.);
#538=VECTOR('',#2140,10.);
#539=VECTOR('',#2141,10.);
#540=VECTOR('',#2144,10.);
#541=VECTOR('',#2145,10.);
#542=VECTOR('',#2146,10.);
#543=VECTOR('',#2149,10.);
#544=VECTOR('',#2152,10.);
#545=VECTOR('',#2153,10.);
#546=VECTOR('',#2154,10.);
#547=VECTOR('',#2155,10.);
#548=VECTOR('',#2158,10.);
#549=VECTOR('',#2159,10.);
#550=VECTOR('',#2160,10.);
#551=VECTOR('',#2161,10.);
#552=VECTOR('',#2164,10.);
#553=VECTOR('',#2165,10.);
#554=VECTOR('',#2166,10.);
#555=VECTOR('',#2167,10.);
#556=VECTOR('',#2168,10.);
#557=VECTOR('',#2171,10.);
#558=VECTOR('',#2172,10.);
#559=VECTOR('',#2177,10.);
#560=VECTOR('',#2178,10.);
#561=VECTOR('',#2179,10.);
#562=VECTOR('',#2180,10.);
#563=VECTOR('',#2183,10.);
#564=VECTOR('',#2184,10.);
#565=VECTOR('',#2185,10.);
#566=VECTOR('',#2188,10.);
#567=VECTOR('',#2189,10.);
#568=VECTOR('',#2190,10.);
#569=VECTOR('',#2191,10.);
#570=VECTOR('',#2194,10.);
#571=VECTOR('',#2195,10.);
#572=VECTOR('',#2202,10.);
#573=VECTOR('',#2203,10.);
#574=VECTOR('',#2206,10.);
#575=VECTOR('',#2209,10.);
#576=VECTOR('',#2214,10.);
#577=VECTOR('',#2215,10.);
#578=VECTOR('',#2218,10.);
#579=VECTOR('',#2219,10.);
#580=VECTOR('',#2222,10.);
#581=VECTOR('',#2223,10.);
#582=VECTOR('',#2226,10.);
#583=VECTOR('',#2229,10.);
#584=VECTOR('',#2230,10.);
#585=VECTOR('',#2231,10.);
#586=VECTOR('',#2232,10.);
#587=VECTOR('',#2233,10.);
#588=VECTOR('',#2234,10.);
#589=VECTOR('',#2235,10.);
#590=VECTOR('',#2236,10.);
#591=VECTOR('',#2237,10.);
#592=VECTOR('',#2238,10.);
#593=VECTOR('',#2239,10.);
#594=VECTOR('',#2240,10.);
#595=VECTOR('',#2241,10.);
#596=VECTOR('',#2242,10.);
#597=VECTOR('',#2243,10.);
#598=VECTOR('',#2244,10.);
#599=VECTOR('',#2245,10.);
#600=VECTOR('',#2248,10.);
#601=VECTOR('',#2249,10.);
#602=VECTOR('',#2252,10.);
#603=VECTOR('',#2255,10.);
#604=VECTOR('',#2260,10.);
#605=VECTOR('',#2261,10.);
#606=VECTOR('',#2264,10.);
#607=VECTOR('',#2267,10.);
#608=VECTOR('',#2272,10.);
#609=VECTOR('',#2273,10.);
#610=VECTOR('',#2276,10.);
#611=VECTOR('',#2279,10.);
#612=VECTOR('',#2280,10.);
#613=VECTOR('',#2285,10.);
#614=VECTOR('',#2286,10.);
#615=VECTOR('',#2289,10.);
#616=VECTOR('',#2290,10.);
#617=VECTOR('',#2293,10.);
#618=VECTOR('',#2296,10.);
#619=VECTOR('',#2297,10.);
#620=VECTOR('',#2304,10.);
#621=VECTOR('',#2305,10.);
#622=VECTOR('',#2308,10.);
#623=VECTOR('',#2311,10.);
#624=VECTOR('',#2316,10.);
#625=VECTOR('',#2317,10.);
#626=VECTOR('',#2320,10.);
#627=VECTOR('',#2323,10.);
#628=VECTOR('',#2326,10.);
#629=VECTOR('',#2327,10.);
#630=VECTOR('',#2330,10.);
#631=VECTOR('',#2331,10.);
#632=VECTOR('',#2332,10.);
#633=VECTOR('',#2335,10.);
#634=VECTOR('',#2336,10.);
#635=VECTOR('',#2337,10.);
#636=VECTOR('',#2340,10.);
#637=VECTOR('',#2341,10.);
#638=VECTOR('',#2342,10.);
#639=VECTOR('',#2345,10.);
#640=VECTOR('',#2348,10.);
#641=VECTOR('',#2349,10.);
#642=VECTOR('',#2354,10.);
#643=VECTOR('',#2357,10.);
#644=VECTOR('',#2358,10.);
#645=B_SPLINE_CURVE_WITH_KNOTS('',3,(#2369,#2370,#2371,#2372),
 .UNSPECIFIED.,.F.,.F.,(4,4),(0.,1.00000000007354),.UNSPECIFIED.);
#646=B_SPLINE_CURVE_WITH_KNOTS('',3,(#2718,#2719,#2720,#2721,#2722,#2723,
#2724,#2725,#2726,#2727,#2728,#2729,#2730,#2731,#2732,#2733,#2734,#2735,
#2736,#2737,#2738,#2739,#2740,#2741,#2742,#2743,#2744,#2745,#2746,#2747,
#2748,#2749,#2750,#2751,#2752,#2753,#2754,#2755,#2756,#2757,#2758,#2759,
#2760,#2761,#2762,#2763,#2764,#2765,#2766,#2767,#2768,#2769,#2770,#2771,
#2772,#2773,#2774,#2775,#2776,#2777,#2778,#2779,#2780,#2781,#2782,#2783,
#2784,#2785,#2786,#2787,#2788,#2789,#2790,#2791,#2792,#2793,#2794,#2795,
#2796,#2797,#2798,#2799,#2800,#2801,#2802),.UNSPECIFIED.,.F.,.F.,(4,1,1,
1,1,1,1,1,1,1,1,1,1,1,1,1,1,1,1,1,1,1,1,1,1,1,1,1,1,1,1,1,1,1,1,1,1,1,1,
1,1,1,1,1,1,1,1,1,1,1,1,1,1,1,1,1,1,1,1,1,1,1,1,1,1,1,1,1,1,1,1,1,1,1,1,
1,1,1,1,1,1,1,4),(0.961281941618617,0.975801213511636,0.980640970809309,
0.985480728106982,0.990320485404655,0.996370182026746,1.,1.00624304013216,
1.01248608026432,1.01872912039648,1.02497216052864,1.0312152006608,1.03745824079296,
1.04370128092512,1.0468228009912,1.04994432105729,1.06243040132161,1.07491648158593,
1.08740256185025,1.09988864211457,1.11237472237889,1.12486080264321,1.13734688290753,
1.14983296317185,1.1748051237005,1.18729120396482,1.19977728422914,1.21226336449346,
1.22474944475778,1.24972160528642,1.26220768555074,1.27469376581507,1.28717984607939,
1.29966592634371,1.31215200660803,1.32463808687235,1.33712416713667,1.34961024740099,
1.36209632766531,1.37458240792964,1.39955456845828,1.41620267547737,1.42452672898692,
1.43285078249647,1.44117483600602,1.44949888951556,1.45782294302511,1.46198496977988,
1.46614699653466,1.48279510355375,1.4911191570633,1.49944321057285,1.50776726408239,
1.51609131759194,1.53273942461104,1.54383816262377,1.5549369006365,1.56603563864923,
1.57713437666196,1.57852171891355,1.58268374566832,1.59933185268742,1.62430401321606,
1.63679009348038,1.64303313361254,1.64615465367862,1.64771541371166,1.6492761737447,
1.66176225400902,1.67424833427334,1.68673441453766,1.69922049480199,1.70234201486807,
1.70546353493415,1.71170657506631,1.72419265533063,1.73667873559495,1.74292177572711,
1.74916481585927,1.75540785599143,1.76165089612359,1.77413697638791,1.79909975310733),
 .UNSPECIFIED.);
#647=B_SPLINE_CURVE_WITH_KNOTS('',3,(#2803,#2804,#2805,#2806,#2807,#2808,
#2809,#2810,#2811,#2812,#2813,#2814,#2815,#2816,#2817,#2818,#2819,#2820,
#2821,#2822,#2823,#2824,#2825,#2826,#2827,#2828,#2829,#2830,#2831,#2832,
#2833,#2834,#2835,#2836,#2837,#2838,#2839,#2840,#2841,#2842,#2843,#2844,
#2845,#2846,#2847,#2848,#2849,#2850,#2851,#2852,#2853,#2854,#2855,#2856,
#2857,#2858,#2859,#2860,#2861,#2862,#2863,#2864,#2865,#2866,#2867,#2868,
#2869,#2870,#2871,#2872,#2873,#2874,#2875,#2876,#2877,#2878,#2879,#2880,
#2881,#2882,#2883,#2884,#2885,#2886,#2887),.UNSPECIFIED.,.F.,.F.,(4,1,1,
1,1,1,1,1,1,1,1,1,1,1,1,1,1,1,1,1,1,1,1,1,1,1,1,1,1,1,1,1,1,1,1,1,1,1,1,
1,1,1,1,1,1,1,1,1,1,1,1,1,1,1,1,1,1,1,1,1,1,1,1,1,1,1,1,1,1,1,1,1,1,1,1,
1,1,1,1,1,1,1,4),(-1.79910913691656,-1.77413697638791,-1.76165089612359,
-1.75540785599143,-1.74916481585927,-1.74292177572711,-1.73667873559495,
-1.72419265533063,-1.71170657506631,-1.70546353493415,-1.70234201486807,
-1.69922049480199,-1.68673441453766,-1.67424833427334,-1.66176225400902,
-1.6492761737447,-1.64771541371166,-1.64615465367862,-1.64303313361254,
-1.63679009348038,-1.62430401321606,-1.59933185268742,-1.58268374566832,
-1.57852171891355,-1.57713437666196,-1.56603563864923,-1.5549369006365,
-1.54383816262377,-1.53273942461104,-1.51609131759194,-1.50776726408239,
-1.49944321057285,-1.4911191570633,-1.48279510355375,-1.46614699653466,
-1.46198496977988,-1.45782294302511,-1.44949888951556,-1.44117483600602,
-1.43285078249647,-1.42452672898692,-1.41620267547737,-1.39955456845828,
-1.37458240792964,-1.36209632766531,-1.34961024740099,-1.33712416713667,
-1.32463808687235,-1.31215200660803,-1.29966592634371,-1.28717984607939,
-1.27469376581507,-1.26220768555074,-1.24972160528642,-1.22474944475778,
-1.21226336449346,-1.19977728422914,-1.18729120396482,-1.1748051237005,
-1.14983296317185,-1.13734688290753,-1.12486080264321,-1.11237472237889,
-1.09988864211457,-1.08740256185025,-1.07491648158593,-1.06243040132161,
-1.04994432105729,-1.0468228009912,-1.04370128092512,-1.03745824079296,
-1.0312152006608,-1.02497216052864,-1.01872912039648,-1.01248608026432,
-1.00624304013216,-1.,-0.996370182026746,-0.990320485404655,-0.985480728106982,
-0.980640970809309,-0.975801213511636,-0.961294069632657),.UNSPECIFIED.);
#648=B_SPLINE_CURVE_WITH_KNOTS('',3,(#3146,#3147,#3148,#3149,#3150,#3151,
#3152,#3153,#3154,#3155,#3156,#3157,#3158,#3159,#3160,#3161,#3162,#3163,
#3164,#3165,#3166,#3167,#3168,#3169,#3170,#3171,#3172,#3173,#3174,#3175,
#3176,#3177,#3178,#3179,#3180,#3181,#3182,#3183,#3184,#3185,#3186,#3187,
#3188),.UNSPECIFIED.,.F.,.F.,(4,3,3,3,3,3,3,3,3,3,3,3,3,3,4),(-1.13366960212867,
-1.12617314778738,-1.10589530212482,-1.08362502160089,-1.06528010336847,
-1.05173315831677,-1.04072760504032,-1.02927850371283,-1.01950865350624,
-1.00826336876635,-1.,-0.998077204872729,-0.983885855531773,-0.967771711063546,
-0.961180592165601),.UNSPECIFIED.);
#649=B_SPLINE_CURVE_WITH_KNOTS('',3,(#3194,#3195,#3196,#3197,#3198,#3199,
#3200,#3201,#3202,#3203,#3204,#3205,#3206,#3207,#3208,#3209,#3210,#3211,
#3212),.UNSPECIFIED.,.F.,.F.,(4,3,3,3,3,3,4),(-0.809863897414243,-0.801759215603907,
-0.773439103547323,-0.756829595066324,-0.743367635068939,-0.72970579808929,
-0.7149096124701),.UNSPECIFIED.);
#650=B_SPLINE_CURVE_WITH_KNOTS('',3,(#3415,#3416,#3417,#3418,#3419,#3420,
#3421,#3422,#3423,#3424,#3425,#3426,#3427,#3428,#3429,#3430,#3431,#3432,
#3433),.UNSPECIFIED.,.F.,.F.,(4,3,3,3,3,3,4),(-1.52579064381064,-1.51657583609233,
-1.49939678370186,-1.4792959091106,-1.46418762039379,-1.45043717690551,
-1.44179768493887),.UNSPECIFIED.);
#651=B_SPLINE_CURVE_WITH_KNOTS('',3,(#3437,#3438,#3439,#3440,#3441,#3442,
#3443,#3444,#3445,#3446,#3447,#3448,#3449,#3450,#3451,#3452),
 .UNSPECIFIED.,.F.,.F.,(4,3,3,3,3,4),(-1.35767126245813,-1.33232334369542,
-1.31310886464379,-1.29067252037098,-1.26428481452649,-1.25590021483493),
 .UNSPECIFIED.);
#652=B_SPLINE_CURVE_WITH_KNOTS('',3,(#3522,#3523,#3524,#3525,#3526,#3527),
 .UNSPECIFIED.,.F.,.F.,(4,2,4),(-0.974270909911912,-0.114958805597402,-0.106043627552626),
 .UNSPECIFIED.);
#653=B_SPLINE_CURVE_WITH_KNOTS('',3,(#3531,#3532,#3533,#3534,#3535,#3536),
 .UNSPECIFIED.,.F.,.F.,(4,2,4),(-1.33995186864296,-0.414991054876734,-0.175777397082997),
 .UNSPECIFIED.);
#654=B_SPLINE_CURVE_WITH_KNOTS('',3,(#3540,#3541,#3542,#3543,#3544,#3545),
 .UNSPECIFIED.,.F.,.F.,(4,2,4),(-2.81152674986563,-2.37967458948524,-2.20550155617759),
 .UNSPECIFIED.);
#655=B_SPLINE_CURVE_WITH_KNOTS('',3,(#3547,#3548,#3549,#3550,#3551,#3552),
 .UNSPECIFIED.,.F.,.F.,(4,2,4),(-0.717153229668431,-0.556349781390516,-0.254019897287211),
 .UNSPECIFIED.);
#656=B_SPLINE_CURVE_WITH_KNOTS('',3,(#3556,#3557,#3558,#3559,#3560,#3561,
#3562),.UNSPECIFIED.,.F.,.F.,(4,3,4),(-0.144868970509953,-0.0673510060289971,
0.),.UNSPECIFIED.);
#657=B_SPLINE_CURVE_WITH_KNOTS('',3,(#3565,#3566,#3567,#3568),
 .UNSPECIFIED.,.F.,.F.,(4,4),(-1.84035474392678,-1.69504562739646),
 .UNSPECIFIED.);
#658=B_SPLINE_CURVE_WITH_KNOTS('',3,(#3570,#3571,#3572,#3573,#3574,#3575,
#3576,#3577,#3578,#3579),.UNSPECIFIED.,.F.,.F.,(4,2,2,2,4),(-1.40983480307568,
-1.28048687233218,-1.00854661607183,-0.79472171519088,-0.0603778146774166),
 .UNSPECIFIED.);
#659=B_SPLINE_CURVE_WITH_KNOTS('',3,(#3580,#3581,#3582,#3583,#3584,#3585),
 .UNSPECIFIED.,.F.,.F.,(4,2,4),(-0.604626579876285,-0.272236580757963,-0.14955330276981),
 .UNSPECIFIED.);
#660=B_SPLINE_CURVE_WITH_KNOTS('',3,(#3590,#3591,#3592,#3593),
 .UNSPECIFIED.,.F.,.F.,(4,4),(-7.41259540269904,-6.91510294760818),
 .UNSPECIFIED.);
#661=B_SPLINE_CURVE_WITH_KNOTS('',3,(#3600,#3601,#3602,#3603,#3604,#3605),
 .UNSPECIFIED.,.F.,.F.,(4,2,4),(-1.04592894495307,-0.501698050055007,-0.0994968338223375),
 .UNSPECIFIED.);
#662=B_SPLINE_CURVE_WITH_KNOTS('',3,(#3608,#3609,#3610,#3611,#3612,#3613,
#3614,#3615),.UNSPECIFIED.,.F.,.F.,(4,2,2,4),(-1.21367094126371,-0.994846637163087,
-0.685048055985411,-0.157011713284121),.UNSPECIFIED.);
#663=B_SPLINE_CURVE_WITH_KNOTS('',3,(#3621,#3622,#3623,#3624,#3625,#3626,
#3627,#3628,#3629,#3630),.UNSPECIFIED.,.F.,.F.,(4,3,3,4),(-1.3268820725674,
-1.25387810788676,-1.19182410236961,-1.17083986548763),.UNSPECIFIED.);
#664=B_SPLINE_CURVE_WITH_KNOTS('',3,(#3665,#3666,#3667,#3668,#3669,#3670,
#3671,#3672,#3673,#3674,#3675,#3676,#3677,#3678,#3679,#3680,#3681,#3682,
#3683,#3684,#3685,#3686,#3687,#3688,#3689,#3690,#3691,#3692,#3693,#3694,
#3695,#3696,#3697,#3698,#3699,#3700,#3701),.UNSPECIFIED.,.F.,.F.,(4,3,3,
3,3,3,3,3,3,3,3,3,4),(-4.41122301446182,-4.17060349660306,-3.41807554952619,
-3.0464616337327,-2.22685135352414,-1.98405191788103,-1.77527067279923,
-1.34493821276738,-0.954918142847938,-0.745930904554201,-0.402796824569694,
-0.1875084680829,-0.127746687585755),.UNSPECIFIED.);
#665=B_SPLINE_CURVE_WITH_KNOTS('',3,(#3705,#3706,#3707,#3708,#3709,#3710,
#3711,#3712),.UNSPECIFIED.,.F.,.F.,(4,2,2,4),(-0.781287380680842,-0.56650098626544,
-0.295046278605203,-0.176502657523454),.UNSPECIFIED.);
#666=B_SPLINE_CURVE_WITH_KNOTS('',3,(#3716,#3717,#3718,#3719,#3720,#3721,
#3722,#3723,#3724,#3725,#3726,#3727,#3728,#3729,#3730,#3731,#3732,#3733,
#3734,#3735,#3736,#3737),.UNSPECIFIED.,.F.,.F.,(4,3,3,3,3,3,3,4),(-0.388543191537932,
-0.361771921895952,-0.331443806705256,-0.304338344304614,-0.279917704121311,
-0.258501319679962,-0.239486926967683,-0.225755470549553),.UNSPECIFIED.);
#667=B_SPLINE_CURVE_WITH_KNOTS('',3,(#3739,#3740,#3741,#3742,#3743,#3744,
#3745,#3746,#3747,#3748,#3749,#3750,#3751),.UNSPECIFIED.,.F.,.F.,(4,3,3,
3,4),(-1.38843669855525,-1.38361164089989,-1.37877371859919,-1.37398053336236,
-1.37329574933757),.UNSPECIFIED.);
#668=B_SPLINE_CURVE_WITH_KNOTS('',3,(#3755,#3756,#3757,#3758,#3759,#3760),
 .UNSPECIFIED.,.F.,.F.,(4,2,4),(-1.82914016245685,-1.73084944811827,-1.60835318517525),
 .UNSPECIFIED.);
#669=B_SPLINE_CURVE_WITH_KNOTS('',3,(#3763,#3764,#3765,#3766,#3767,#3768),
 .UNSPECIFIED.,.F.,.F.,(4,2,4),(-0.402198346605109,-0.262754916939572,-0.0595655812299506),
 .UNSPECIFIED.);
#670=B_SPLINE_CURVE_WITH_KNOTS('',3,(#3770,#3771,#3772,#3773,#3774,#3775,
#3776,#3777,#3778,#3779,#3780,#3781,#3782,#3783,#3784,#3785,#3786,#3787),
 .UNSPECIFIED.,.F.,.F.,(4,2,2,2,2,2,2,2,4),(-4.48496757329219,-4.31359327219268,
-3.89771553041191,-3.54739864517671,-3.04205849718218,-2.09172610693283,
-1.39977862982074,-0.858221655320872,-0.755036889591136),.UNSPECIFIED.);
#671=B_SPLINE_CURVE_WITH_KNOTS('',3,(#3788,#3789,#3790,#3791,#3792,#3793,
#3794,#3795,#3796,#3797),.UNSPECIFIED.,.F.,.F.,(4,3,3,4),(-1.47956022074817,
-0.765489161150211,-0.559172180111048,-0.0514181015522502),
 .UNSPECIFIED.);
#672=B_SPLINE_CURVE_WITH_KNOTS('',3,(#3802,#3803,#3804,#3805),
 .UNSPECIFIED.,.F.,.F.,(4,4),(-3.44692278215346,-3.22348656017581),
 .UNSPECIFIED.);
#673=B_SPLINE_CURVE_WITH_KNOTS('',3,(#3810,#3811,#3812,#3813,#3814,#3815),
 .UNSPECIFIED.,.F.,.F.,(4,2,4),(-1.22936436685644,-0.769265953721049,-0.123226431982075),
 .UNSPECIFIED.);
#674=B_SPLINE_CURVE_WITH_KNOTS('',3,(#3818,#3819,#3820,#3821,#3822,#3823),
 .UNSPECIFIED.,.F.,.F.,(4,2,4),(-0.929673548142705,-0.47968116237095,-0.128790301554688),
 .UNSPECIFIED.);
#675=B_SPLINE_CURVE_WITH_KNOTS('',3,(#3826,#3827,#3828,#3829,#3830,#3831,
#3832,#3833,#3834,#3835),.UNSPECIFIED.,.F.,.F.,(4,3,3,4),(-1.71713264959618,
-1.50870684265274,-1.38265788392528,-1.30028103570931),.UNSPECIFIED.);
#676=B_SPLINE_CURVE_WITH_KNOTS('',3,(#3840,#3841,#3842,#3843,#3844,#3845),
 .UNSPECIFIED.,.F.,.F.,(4,2,4),(-1.32792343718099,-0.692629322809565,-0.166082926151679),
 .UNSPECIFIED.);
#677=B_SPLINE_CURVE_WITH_KNOTS('',3,(#3850,#3851,#3852,#3853,#3854,#3855,
#3856,#3857,#3858,#3859),.UNSPECIFIED.,.F.,.F.,(4,3,3,4),(-0.631632975574915,
-0.614742932901238,-0.603005397780264,-0.591302205735927),.UNSPECIFIED.);
#678=B_SPLINE_CURVE_WITH_KNOTS('',3,(#3864,#3865,#3866,#3867),
 .UNSPECIFIED.,.F.,.F.,(4,4),(-0.172742345229106,0.),.UNSPECIFIED.);
#679=B_SPLINE_CURVE_WITH_KNOTS('',3,(#3870,#3871,#3872,#3873,#3874,#3875,
#3876,#3877,#3878,#3879),.UNSPECIFIED.,.F.,.F.,(4,2,2,2,4),(-1.31520295884747,
-1.20967957588554,-0.935278157900829,-0.362403417594893,-0.120317006877811),
 .UNSPECIFIED.);
#680=B_SPLINE_CURVE_WITH_KNOTS('',3,(#3881,#3882,#3883,#3884),
 .UNSPECIFIED.,.F.,.F.,(4,4),(-0.928195463122009,-0.55524170752393),
 .UNSPECIFIED.);
#681=B_SPLINE_CURVE_WITH_KNOTS('',3,(#3885,#3886,#3887,#3888,#3889,#3890,
#3891),.UNSPECIFIED.,.F.,.F.,(4,3,4),(-0.823670689160291,-0.780505382105225,
-0.743001470912813),.UNSPECIFIED.);
#682=B_SPLINE_CURVE_WITH_KNOTS('',3,(#4215,#4216,#4217,#4218),
 .UNSPECIFIED.,.F.,.F.,(4,4),(-0.2885718487609,-0.0968142306477332),
 .UNSPECIFIED.);
#683=B_SPLINE_CURVE_WITH_KNOTS('',3,(#4220,#4221,#4222,#4223),
 .UNSPECIFIED.,.F.,.F.,(4,4),(-0.272347533016831,0.),.UNSPECIFIED.);
#684=B_SPLINE_CURVE_WITH_KNOTS('',3,(#4226,#4227,#4228,#4229,#4230,#4231,
#4232,#4233),.UNSPECIFIED.,.F.,.F.,(4,2,2,4),(-0.67288296149701,-0.474553047528817,
-0.220194650582418,-0.136266852981751),.UNSPECIFIED.);
#685=B_SPLINE_CURVE_WITH_KNOTS('',3,(#4235,#4236,#4237,#4238,#4239,#4240,
#4241,#4242,#4243,#4244,#4245,#4246,#4247,#4248,#4249,#4250,#4251,#4252,
#4253,#4254,#4255,#4256,#4257,#4258,#4259,#4260,#4261,#4262),
 .UNSPECIFIED.,.F.,.F.,(4,3,3,3,3,3,3,3,3,4),(-0.314341816227832,-0.297239926498111,
-0.27648278956467,-0.269856957325618,-0.240029668578405,-0.207533554524867,
-0.174607620727009,-0.143682865006025,-0.132470981962597,-0.118669521393525),
 .UNSPECIFIED.);
#686=B_SPLINE_CURVE_WITH_KNOTS('',3,(#4264,#4265,#4266,#4267,#4268,#4269,
#4270,#4271,#4272,#4273),.UNSPECIFIED.,.F.,.F.,(4,2,2,2,4),(-1.39495707328736,
-1.2827181339181,-1.11055205729249,-0.735443737108814,-0.120492877578629),
 .UNSPECIFIED.);
#687=B_SPLINE_CURVE_WITH_KNOTS('',3,(#4274,#4275,#4276,#4277,#4278,#4279,
#4280,#4281,#4282,#4283,#4284,#4285,#4286),.UNSPECIFIED.,.F.,.F.,(4,3,3,
3,4),(-0.203630948756456,-0.149674341411514,-0.0985040059404968,-0.0492520029702484,
0.),.UNSPECIFIED.);
#688=B_SPLINE_CURVE_WITH_KNOTS('',3,(#4289,#4290,#4291,#4292),
 .UNSPECIFIED.,.F.,.F.,(4,4),(-2.1272731377233,-1.92476341675344),
 .UNSPECIFIED.);
#689=B_SPLINE_CURVE_WITH_KNOTS('',3,(#4294,#4295,#4296,#4297,#4298,#4299,
#4300,#4301),.UNSPECIFIED.,.F.,.F.,(4,2,2,4),(-1.28362503863968,-1.08287712178954,
-0.709606851984311,-0.117358430402395),.UNSPECIFIED.);
#690=B_SPLINE_CURVE_WITH_KNOTS('',3,(#4303,#4304,#4305,#4306),
 .UNSPECIFIED.,.F.,.F.,(4,4),(-0.786929846512162,-0.597409821466775),
 .UNSPECIFIED.);
#691=B_SPLINE_CURVE_WITH_KNOTS('',3,(#4307,#4308,#4309,#4310,#4311,#4312),
 .UNSPECIFIED.,.F.,.F.,(4,2,4),(-1.34423411627456,-0.758601996926373,-0.167755909609754),
 .UNSPECIFIED.);
#692=B_SPLINE_CURVE_WITH_KNOTS('',3,(#4315,#4316,#4317,#4318),
 .UNSPECIFIED.,.F.,.F.,(4,4),(-0.236554714431069,-0.0491590852986404),
 .UNSPECIFIED.);
#693=B_SPLINE_CURVE_WITH_KNOTS('',3,(#4320,#4321,#4322,#4323,#4324,#4325,
#4326,#4327),.UNSPECIFIED.,.F.,.F.,(4,2,2,4),(-1.02851136724368,-0.852441349255862,
-0.526645645101961,-0.113751687668148),.UNSPECIFIED.);
#694=B_SPLINE_CURVE_WITH_KNOTS('',3,(#4329,#4330,#4331,#4332),
 .UNSPECIFIED.,.F.,.F.,(4,4),(-15.6783588208574,-15.2886249378429),
 .UNSPECIFIED.);
#695=B_SPLINE_CURVE_WITH_KNOTS('',3,(#4333,#4334,#4335,#4336,#4337,#4338),
 .UNSPECIFIED.,.F.,.F.,(4,2,4),(-2.09682843483639,-0.939927843009536,-0.172921810380174),
 .UNSPECIFIED.);
#696=B_SPLINE_CURVE_WITH_KNOTS('',3,(#4341,#4342,#4343,#4344,#4345,#4346,
#4347,#4348,#4349,#4350),.UNSPECIFIED.,.F.,.F.,(4,3,3,4),(-4.7752097676975,
-4.11885921210995,-3.59569898309662,-3.56269046964987),.UNSPECIFIED.);
#697=B_SPLINE_CURVE_WITH_KNOTS('',3,(#4352,#4353,#4354,#4355,#4356,#4357,
#4358,#4359,#4360,#4361,#4362,#4363,#4364),.UNSPECIFIED.,.F.,.F.,(4,3,3,
3,4),(-1.47297019547176,-0.962267098292451,-0.732828919721431,-0.514237386362371,
-0.119046235834932),.UNSPECIFIED.);
#698=B_SPLINE_CURVE_WITH_KNOTS('',3,(#4366,#4367,#4368,#4369),
 .UNSPECIFIED.,.F.,.F.,(4,4),(-4.6650920064694,-3.91629458504325),
 .UNSPECIFIED.);
#699=B_SPLINE_CURVE_WITH_KNOTS('',3,(#4370,#4371,#4372,#4373,#4374,#4375,
#4376,#4377),.UNSPECIFIED.,.F.,.F.,(4,2,2,4),(-1.4317634020058,-1.0596982553086,
-0.603668378480517,-0.166550436935723),.UNSPECIFIED.);
#700=B_SPLINE_CURVE_WITH_KNOTS('',3,(#4444,#4445,#4446,#4447,#4448,#4449,
#4450,#4451,#4452,#4453,#4454,#4455,#4456,#4457,#4458,#4459,#4460,#4461,
#4462),.UNSPECIFIED.,.F.,.F.,(4,3,3,3,3,3,4),(1.44179768493887,1.45043717690551,
1.46418762039379,1.4792959091106,1.49939678370186,1.51657583609233,1.52579064381064),
 .UNSPECIFIED.);
#701=B_SPLINE_CURVE_WITH_KNOTS('',3,(#4508,#4509,#4510,#4511,#4512,#4513,
#4514,#4515,#4516,#4517,#4518,#4519,#4520,#4521,#4522,#4523,#4524,#4525,
#4526),.UNSPECIFIED.,.F.,.F.,(4,3,3,3,3,3,4),(0.7149096124701,0.72970579808929,
0.743367635068939,0.756829595066324,0.773439103547323,0.801759215603907,
0.809863897414243),.UNSPECIFIED.);
#702=B_SPLINE_CURVE_WITH_KNOTS('',3,(#4619,#4620,#4621,#4622,#4623,#4624,
#4625,#4626,#4627,#4628,#4629,#4630,#4631,#4632,#4633,#4634,#4635,#4636,
#4637,#4638,#4639,#4640,#4641,#4642,#4643,#4644,#4645,#4646,#4647,#4648,
#4649,#4650,#4651,#4652,#4653,#4654,#4655,#4656,#4657,#4658,#4659,#4660,
#4661),.UNSPECIFIED.,.F.,.F.,(4,3,3,3,3,3,3,3,3,3,3,3,3,3,4),(0.961180592165601,
0.967771711063546,0.983885855531773,0.998077204872729,1.,1.00826336876635,
1.01950865350624,1.02927850371283,1.04072760504032,1.05173315831677,1.06528010336847,
1.08362502160089,1.10589530212482,1.12617314778738,1.13366960212867),
 .UNSPECIFIED.);
#703=B_SPLINE_CURVE_WITH_KNOTS('',3,(#4700,#4701,#4702,#4703,#4704,#4705,
#4706,#4707,#4708,#4709,#4710,#4711,#4712,#4713,#4714,#4715),
 .UNSPECIFIED.,.F.,.F.,(4,3,3,3,3,4),(1.25590021483493,1.26428481452649,
1.29067252037098,1.31310886464379,1.33232334369542,1.35767126245813),
 .UNSPECIFIED.);
#704=VERTEX_POINT('',#2367);
#705=VERTEX_POINT('',#2368);
#706=VERTEX_POINT('',#2373);
#707=VERTEX_POINT('',#2375);
#708=VERTEX_POINT('',#2889);
#709=VERTEX_POINT('',#2891);
#710=VERTEX_POINT('',#2893);
#711=VERTEX_POINT('',#2895);
#712=VERTEX_POINT('',#2897);
#713=VERTEX_POINT('',#2899);
#714=VERTEX_POINT('',#2901);
#715=VERTEX_POINT('',#2903);
#716=VERTEX_POINT('',#2905);
#717=VERTEX_POINT('',#2907);
#718=VERTEX_POINT('',#2909);
#719=VERTEX_POINT('',#2911);
#720=VERTEX_POINT('',#2913);
#721=VERTEX_POINT('',#2915);
#722=VERTEX_POINT('',#2917);
#723=VERTEX_POINT('',#2919);
#724=VERTEX_POINT('',#2921);
#725=VERTEX_POINT('',#2923);
#726=VERTEX_POINT('',#2925);
#727=VERTEX_POINT('',#2927);
#728=VERTEX_POINT('',#2929);
#729=VERTEX_POINT('',#2931);
#730=VERTEX_POINT('',#2933);
#731=VERTEX_POINT('',#2937);
#732=VERTEX_POINT('',#2938);
#733=VERTEX_POINT('',#2940);
#734=VERTEX_POINT('',#2942);
#735=VERTEX_POINT('',#2944);
#736=VERTEX_POINT('',#2946);
#737=VERTEX_POINT('',#2948);
#738=VERTEX_POINT('',#2950);
#739=VERTEX_POINT('',#2954);
#740=VERTEX_POINT('',#2956);
#741=VERTEX_POINT('',#2960);
#742=VERTEX_POINT('',#2964);
#743=VERTEX_POINT('',#2968);
#744=VERTEX_POINT('',#2972);
#745=VERTEX_POINT('',#2976);
#746=VERTEX_POINT('',#2980);
#747=VERTEX_POINT('',#2986);
#748=VERTEX_POINT('',#2988);
#749=VERTEX_POINT('',#2992);
#750=VERTEX_POINT('',#2996);
#751=VERTEX_POINT('',#3000);
#752=VERTEX_POINT('',#3004);
#753=VERTEX_POINT('',#3005);
#754=VERTEX_POINT('',#3007);
#755=VERTEX_POINT('',#3009);
#756=VERTEX_POINT('',#3013);
#757=VERTEX_POINT('',#3015);
#758=VERTEX_POINT('',#3019);
#759=VERTEX_POINT('',#3021);
#760=VERTEX_POINT('',#3025);
#761=VERTEX_POINT('',#3026);
#762=VERTEX_POINT('',#3028);
#763=VERTEX_POINT('',#3030);
#764=VERTEX_POINT('',#3037);
#765=VERTEX_POINT('',#3038);
#766=VERTEX_POINT('',#3040);
#767=VERTEX_POINT('',#3042);
#768=VERTEX_POINT('',#3046);
#769=VERTEX_POINT('',#3047);
#770=VERTEX_POINT('',#3049);
#771=VERTEX_POINT('',#3051);
#772=VERTEX_POINT('',#3058);
#773=VERTEX_POINT('',#3059);
#774=VERTEX_POINT('',#3061);
#775=VERTEX_POINT('',#3063);
#776=VERTEX_POINT('',#3067);
#777=VERTEX_POINT('',#3069);
#778=VERTEX_POINT('',#3073);
#779=VERTEX_POINT('',#3075);
#780=VERTEX_POINT('',#3079);
#781=VERTEX_POINT('',#3081);
#782=VERTEX_POINT('',#3085);
#783=VERTEX_POINT('',#3087);
#784=VERTEX_POINT('',#3093);
#785=VERTEX_POINT('',#3095);
#786=VERTEX_POINT('',#3141);
#787=VERTEX_POINT('',#3143);
#788=VERTEX_POINT('',#3145);
#789=VERTEX_POINT('',#3191);
#790=VERTEX_POINT('',#3193);
#791=VERTEX_POINT('',#3213);
#792=VERTEX_POINT('',#3215);
#793=VERTEX_POINT('',#3217);
#794=VERTEX_POINT('',#3251);
#795=VERTEX_POINT('',#3252);
#796=VERTEX_POINT('',#3255);
#797=VERTEX_POINT('',#3312);
#798=VERTEX_POINT('',#3337);
#799=VERTEX_POINT('',#3410);
#800=VERTEX_POINT('',#3412);
#801=VERTEX_POINT('',#3414);
#802=VERTEX_POINT('',#3434);
#803=VERTEX_POINT('',#3436);
#804=VERTEX_POINT('',#3456);
#805=VERTEX_POINT('',#3460);
#806=VERTEX_POINT('',#3462);
#807=VERTEX_POINT('',#3489);
#808=VERTEX_POINT('',#3521);
#809=VERTEX_POINT('',#3528);
#810=VERTEX_POINT('',#3530);
#811=VERTEX_POINT('',#3539);
#812=VERTEX_POINT('',#3546);
#813=VERTEX_POINT('',#3555);
#814=VERTEX_POINT('',#3563);
#815=VERTEX_POINT('',#3587);
#816=VERTEX_POINT('',#3589);
#817=VERTEX_POINT('',#3596);
#818=VERTEX_POINT('',#3598);
#819=VERTEX_POINT('',#3607);
#820=VERTEX_POINT('',#3616);
#821=VERTEX_POINT('',#3632);
#822=VERTEX_POINT('',#3634);
#823=VERTEX_POINT('',#3637);
#824=VERTEX_POINT('',#3639);
#825=VERTEX_POINT('',#3642);
#826=VERTEX_POINT('',#3644);
#827=VERTEX_POINT('',#3647);
#828=VERTEX_POINT('',#3649);
#829=VERTEX_POINT('',#3651);
#830=VERTEX_POINT('',#3653);
#831=VERTEX_POINT('',#3655);
#832=VERTEX_POINT('',#3657);
#833=VERTEX_POINT('',#3659);
#834=VERTEX_POINT('',#3663);
#835=VERTEX_POINT('',#3664);
#836=VERTEX_POINT('',#3702);
#837=VERTEX_POINT('',#3704);
#838=VERTEX_POINT('',#3715);
#839=VERTEX_POINT('',#3738);
#840=VERTEX_POINT('',#3754);
#841=VERTEX_POINT('',#3761);
#842=VERTEX_POINT('',#3799);
#843=VERTEX_POINT('',#3801);
#844=VERTEX_POINT('',#3808);
#845=VERTEX_POINT('',#3817);
#846=VERTEX_POINT('',#3837);
#847=VERTEX_POINT('',#3839);
#848=VERTEX_POINT('',#3848);
#849=VERTEX_POINT('',#3861);
#850=VERTEX_POINT('',#3863);
#851=VERTEX_POINT('',#3868);
#852=VERTEX_POINT('',#4214);
#853=VERTEX_POINT('',#4219);
#854=VERTEX_POINT('',#4225);
#855=VERTEX_POINT('',#4234);
#856=VERTEX_POINT('',#4263);
#857=VERTEX_POINT('',#4287);
#858=VERTEX_POINT('',#4288);
#859=VERTEX_POINT('',#4293);
#860=VERTEX_POINT('',#4302);
#861=VERTEX_POINT('',#4313);
#862=VERTEX_POINT('',#4314);
#863=VERTEX_POINT('',#4319);
#864=VERTEX_POINT('',#4328);
#865=VERTEX_POINT('',#4339);
#866=VERTEX_POINT('',#4340);
#867=VERTEX_POINT('',#4351);
#868=VERTEX_POINT('',#4365);
#869=VERTEX_POINT('',#4442);
#870=VERTEX_POINT('',#4443);
#871=VERTEX_POINT('',#4466);
#872=VERTEX_POINT('',#4507);
#873=VERTEX_POINT('',#4529);
#874=VERTEX_POINT('',#4618);
#875=VERTEX_POINT('',#4664);
#876=VERTEX_POINT('',#4699);
#877=VERTEX_POINT('',#4720);
#878=VERTEX_POINT('',#4724);
#879=VERTEX_POINT('',#4728);
#880=EDGE_CURVE('',#704,#705,#645,.T.);
#881=EDGE_CURVE('',#704,#706,#257,.T.);
#882=EDGE_CURVE('',#706,#707,#258,.T.);
#883=EDGE_CURVE('',#707,#705,#259,.T.);
#884=EDGE_CURVE('',#705,#707,#646,.T.);
#885=EDGE_CURVE('',#706,#704,#647,.T.);
#886=EDGE_CURVE('',#704,#708,#260,.T.);
#887=EDGE_CURVE('',#708,#709,#261,.T.);
#888=EDGE_CURVE('',#709,#710,#262,.T.);
#889=EDGE_CURVE('',#710,#711,#263,.T.);
#890=EDGE_CURVE('',#712,#711,#264,.T.);
#891=EDGE_CURVE('',#712,#713,#265,.T.);
#892=EDGE_CURVE('',#713,#714,#266,.T.);
#893=EDGE_CURVE('',#714,#715,#267,.T.);
#894=EDGE_CURVE('',#716,#715,#268,.T.);
#895=EDGE_CURVE('',#716,#717,#269,.T.);
#896=EDGE_CURVE('',#717,#718,#270,.T.);
#897=EDGE_CURVE('',#718,#719,#271,.T.);
#898=EDGE_CURVE('',#720,#719,#272,.T.);
#899=EDGE_CURVE('',#720,#721,#273,.T.);
#900=EDGE_CURVE('',#721,#722,#274,.T.);
#901=EDGE_CURVE('',#722,#723,#275,.T.);
#902=EDGE_CURVE('',#724,#723,#276,.T.);
#903=EDGE_CURVE('',#724,#725,#277,.T.);
#904=EDGE_CURVE('',#725,#726,#278,.T.);
#905=EDGE_CURVE('',#726,#727,#279,.T.);
#906=EDGE_CURVE('',#728,#727,#280,.T.);
#907=EDGE_CURVE('',#728,#729,#281,.T.);
#908=EDGE_CURVE('',#729,#730,#282,.T.);
#909=EDGE_CURVE('',#730,#706,#283,.T.);
#910=EDGE_CURVE('',#731,#732,#284,.T.);
#911=EDGE_CURVE('',#733,#731,#45,.T.);
#912=EDGE_CURVE('',#734,#733,#285,.T.);
#913=EDGE_CURVE('',#735,#734,#46,.T.);
#914=EDGE_CURVE('',#736,#735,#286,.T.);
#915=EDGE_CURVE('',#737,#736,#47,.T.);
#916=EDGE_CURVE('',#738,#737,#287,.T.);
#917=EDGE_CURVE('',#732,#738,#48,.T.);
#918=EDGE_CURVE('',#739,#731,#288,.T.);
#919=EDGE_CURVE('',#732,#740,#289,.T.);
#920=EDGE_CURVE('',#740,#739,#290,.T.);
#921=EDGE_CURVE('',#741,#733,#291,.T.);
#922=EDGE_CURVE('',#739,#741,#49,.T.);
#923=EDGE_CURVE('',#742,#734,#292,.T.);
#924=EDGE_CURVE('',#741,#742,#293,.T.);
#925=EDGE_CURVE('',#743,#735,#294,.T.);
#926=EDGE_CURVE('',#742,#743,#50,.T.);
#927=EDGE_CURVE('',#744,#736,#295,.T.);
#928=EDGE_CURVE('',#743,#744,#296,.T.);
#929=EDGE_CURVE('',#745,#737,#297,.T.);
#930=EDGE_CURVE('',#744,#745,#51,.T.);
#931=EDGE_CURVE('',#746,#738,#298,.T.);
#932=EDGE_CURVE('',#745,#746,#299,.T.);
#933=EDGE_CURVE('',#746,#740,#52,.T.);
#934=EDGE_CURVE('',#742,#747,#300,.T.);
#935=EDGE_CURVE('',#748,#747,#53,.T.);
#936=EDGE_CURVE('',#743,#748,#301,.T.);
#937=EDGE_CURVE('',#741,#749,#302,.T.);
#938=EDGE_CURVE('',#747,#749,#303,.T.);
#939=EDGE_CURVE('',#739,#750,#304,.T.);
#940=EDGE_CURVE('',#749,#750,#54,.T.);
#941=EDGE_CURVE('',#751,#740,#305,.T.);
#942=EDGE_CURVE('',#750,#751,#306,.T.);
#943=EDGE_CURVE('',#752,#753,#307,.T.);
#944=EDGE_CURVE('',#752,#754,#308,.T.);
#945=EDGE_CURVE('',#754,#755,#309,.T.);
#946=EDGE_CURVE('',#753,#755,#310,.T.);
#947=EDGE_CURVE('',#753,#756,#311,.T.);
#948=EDGE_CURVE('',#755,#757,#312,.T.);
#949=EDGE_CURVE('',#756,#757,#313,.T.);
#950=EDGE_CURVE('',#756,#758,#314,.T.);
#951=EDGE_CURVE('',#757,#759,#315,.T.);
#952=EDGE_CURVE('',#758,#759,#316,.T.);
#953=EDGE_CURVE('',#760,#761,#317,.T.);
#954=EDGE_CURVE('',#760,#762,#318,.T.);
#955=EDGE_CURVE('',#762,#763,#319,.T.);
#956=EDGE_CURVE('',#761,#763,#320,.T.);
#957=EDGE_CURVE('',#761,#752,#321,.T.);
#958=EDGE_CURVE('',#763,#754,#322,.T.);
#959=EDGE_CURVE('',#764,#765,#323,.T.);
#960=EDGE_CURVE('',#765,#766,#324,.T.);
#961=EDGE_CURVE('',#767,#766,#325,.T.);
#962=EDGE_CURVE('',#764,#767,#326,.T.);
#963=EDGE_CURVE('',#768,#769,#327,.T.);
#964=EDGE_CURVE('',#770,#769,#328,.T.);
#965=EDGE_CURVE('',#771,#770,#329,.T.);
#966=EDGE_CURVE('',#768,#771,#330,.T.);
#967=EDGE_CURVE('',#765,#768,#331,.T.);
#968=EDGE_CURVE('',#766,#771,#332,.T.);
#969=EDGE_CURVE('',#772,#773,#333,.T.);
#970=EDGE_CURVE('',#772,#774,#334,.T.);
#971=EDGE_CURVE('',#775,#774,#335,.T.);
#972=EDGE_CURVE('',#773,#775,#336,.T.);
#973=EDGE_CURVE('',#773,#776,#337,.T.);
#974=EDGE_CURVE('',#777,#775,#338,.T.);
#975=EDGE_CURVE('',#776,#777,#339,.T.);
#976=EDGE_CURVE('',#776,#778,#340,.T.);
#977=EDGE_CURVE('',#779,#777,#341,.T.);
#978=EDGE_CURVE('',#778,#779,#342,.T.);
#979=EDGE_CURVE('',#760,#780,#343,.T.);
#980=EDGE_CURVE('',#781,#758,#344,.T.);
#981=EDGE_CURVE('',#780,#781,#345,.T.);
#982=EDGE_CURVE('',#782,#762,#346,.T.);
#983=EDGE_CURVE('',#782,#783,#347,.T.);
#984=EDGE_CURVE('',#759,#783,#348,.T.);
#985=EDGE_CURVE('',#783,#781,#349,.T.);
#986=EDGE_CURVE('',#780,#784,#350,.T.);
#987=EDGE_CURVE('',#784,#785,#18,.T.);
#988=EDGE_CURVE('',#785,#786,#351,.T.);
#989=EDGE_CURVE('',#786,#787,#352,.T.);
#990=EDGE_CURVE('',#787,#788,#648,.T.);
#991=EDGE_CURVE('',#788,#760,#353,.T.);
#992=EDGE_CURVE('',#762,#789,#354,.T.);
#993=EDGE_CURVE('',#789,#790,#649,.T.);
#994=EDGE_CURVE('',#790,#791,#355,.T.);
#995=EDGE_CURVE('',#791,#792,#356,.T.);
#996=EDGE_CURVE('',#792,#793,#19,.T.);
#997=EDGE_CURVE('',#793,#782,#357,.T.);
#998=EDGE_CURVE('',#794,#795,#358,.T.);
#999=EDGE_CURVE('',#769,#794,#359,.T.);
#1000=EDGE_CURVE('',#796,#764,#360,.T.);
#1001=EDGE_CURVE('',#795,#796,#361,.T.);
#1002=EDGE_CURVE('',#785,#795,#20,.T.);
#1003=EDGE_CURVE('',#797,#796,#21,.T.);
#1004=EDGE_CURVE('',#785,#797,#362,.T.);
#1005=EDGE_CURVE('',#797,#767,#363,.T.);
#1006=EDGE_CURVE('',#786,#770,#364,.T.);
#1007=EDGE_CURVE('',#795,#798,#22,.T.);
#1008=EDGE_CURVE('',#798,#799,#365,.T.);
#1009=EDGE_CURVE('',#799,#800,#366,.T.);
#1010=EDGE_CURVE('',#800,#801,#650,.T.);
#1011=EDGE_CURVE('',#801,#802,#367,.T.);
#1012=EDGE_CURVE('',#802,#803,#651,.T.);
#1013=EDGE_CURVE('',#803,#794,#368,.T.);
#1014=EDGE_CURVE('',#779,#791,#369,.T.);
#1015=EDGE_CURVE('',#804,#774,#370,.T.);
#1016=EDGE_CURVE('',#792,#804,#371,.T.);
#1017=EDGE_CURVE('',#792,#805,#372,.T.);
#1018=EDGE_CURVE('',#806,#804,#373,.T.);
#1019=EDGE_CURVE('',#805,#806,#374,.T.);
#1020=EDGE_CURVE('',#798,#805,#23,.T.);
#1021=EDGE_CURVE('',#807,#806,#24,.T.);
#1022=EDGE_CURVE('',#798,#807,#375,.T.);
#1023=EDGE_CURVE('',#807,#772,#376,.T.);
#1024=EDGE_CURVE('',#799,#778,#377,.T.);
#1025=EDGE_CURVE('',#805,#792,#25,.T.);
#1026=EDGE_CURVE('',#710,#808,#652,.T.);
#1027=EDGE_CURVE('',#809,#709,#378,.T.);
#1028=EDGE_CURVE('',#810,#809,#653,.T.);
#1029=EDGE_CURVE('',#810,#808,#379,.T.);
#1030=EDGE_CURVE('',#808,#811,#654,.T.);
#1031=EDGE_CURVE('',#812,#810,#655,.T.);
#1032=EDGE_CURVE('',#812,#811,#380,.T.);
#1033=EDGE_CURVE('',#813,#708,#656,.T.);
#1034=EDGE_CURVE('',#814,#813,#381,.T.);
#1035=EDGE_CURVE('',#809,#814,#657,.T.);
#1036=EDGE_CURVE('',#811,#813,#658,.T.);
#1037=EDGE_CURVE('',#814,#812,#659,.T.);
#1038=EDGE_CURVE('',#815,#725,#382,.T.);
#1039=EDGE_CURVE('',#816,#815,#660,.T.);
#1040=EDGE_CURVE('',#816,#726,#383,.T.);
#1041=EDGE_CURVE('',#817,#724,#384,.T.);
#1042=EDGE_CURVE('',#818,#817,#385,.T.);
#1043=EDGE_CURVE('',#815,#818,#661,.T.);
#1044=EDGE_CURVE('',#819,#816,#662,.T.);
#1045=EDGE_CURVE('',#819,#820,#386,.T.);
#1046=EDGE_CURVE('',#727,#820,#387,.T.);
#1047=EDGE_CURVE('',#820,#817,#388,.T.);
#1048=EDGE_CURVE('',#818,#819,#663,.T.);
#1049=EDGE_CURVE('',#723,#821,#389,.T.);
#1050=EDGE_CURVE('',#821,#822,#390,.T.);
#1051=EDGE_CURVE('',#822,#720,#391,.T.);
#1052=EDGE_CURVE('',#719,#823,#392,.T.);
#1053=EDGE_CURVE('',#823,#824,#393,.T.);
#1054=EDGE_CURVE('',#824,#716,#394,.T.);
#1055=EDGE_CURVE('',#715,#825,#395,.T.);
#1056=EDGE_CURVE('',#825,#826,#396,.T.);
#1057=EDGE_CURVE('',#826,#784,#397,.T.);
#1058=EDGE_CURVE('',#827,#793,#398,.T.);
#1059=EDGE_CURVE('',#827,#828,#399,.T.);
#1060=EDGE_CURVE('',#828,#829,#400,.T.);
#1061=EDGE_CURVE('',#830,#829,#401,.T.);
#1062=EDGE_CURVE('',#830,#831,#402,.T.);
#1063=EDGE_CURVE('',#831,#832,#403,.T.);
#1064=EDGE_CURVE('',#832,#833,#404,.T.);
#1065=EDGE_CURVE('',#833,#728,#405,.T.);
#1066=EDGE_CURVE('',#834,#835,#664,.T.);
#1067=EDGE_CURVE('',#836,#834,#406,.T.);
#1068=EDGE_CURVE('',#837,#836,#665,.T.);
#1069=EDGE_CURVE('',#837,#835,#407,.T.);
#1070=EDGE_CURVE('',#835,#838,#666,.T.);
#1071=EDGE_CURVE('',#839,#837,#667,.T.);
#1072=EDGE_CURVE('',#839,#838,#408,.T.);
#1073=EDGE_CURVE('',#840,#834,#668,.T.);
#1074=EDGE_CURVE('',#841,#840,#409,.T.);
#1075=EDGE_CURVE('',#836,#841,#669,.T.);
#1076=EDGE_CURVE('',#838,#840,#670,.T.);
#1077=EDGE_CURVE('',#841,#839,#671,.T.);
#1078=EDGE_CURVE('',#842,#721,#410,.T.);
#1079=EDGE_CURVE('',#843,#842,#672,.T.);
#1080=EDGE_CURVE('',#843,#722,#411,.T.);
#1081=EDGE_CURVE('',#844,#822,#412,.T.);
#1082=EDGE_CURVE('',#842,#844,#673,.T.);
#1083=EDGE_CURVE('',#845,#843,#674,.T.);
#1084=EDGE_CURVE('',#845,#821,#413,.T.);
#1085=EDGE_CURVE('',#844,#845,#675,.T.);
#1086=EDGE_CURVE('',#846,#714,#414,.T.);
#1087=EDGE_CURVE('',#847,#846,#676,.T.);
#1088=EDGE_CURVE('',#847,#825,#415,.T.);
#1089=EDGE_CURVE('',#848,#713,#416,.T.);
#1090=EDGE_CURVE('',#846,#848,#677,.T.);
#1091=EDGE_CURVE('',#849,#712,#417,.T.);
#1092=EDGE_CURVE('',#850,#849,#678,.T.);
#1093=EDGE_CURVE('',#851,#850,#418,.T.);
#1094=EDGE_CURVE('',#848,#851,#679,.T.);
#1095=EDGE_CURVE('',#851,#847,#680,.T.);
#1096=EDGE_CURVE('',#826,#850,#681,.T.);
#1097=EDGE_CURVE('',#711,#849,#419,.T.);
#1098=EDGE_CURVE('',#730,#852,#682,.T.);
#1099=EDGE_CURVE('',#852,#853,#683,.T.);
#1100=EDGE_CURVE('',#830,#853,#420,.T.);
#1101=EDGE_CURVE('',#829,#854,#684,.T.);
#1102=EDGE_CURVE('',#854,#855,#685,.T.);
#1103=EDGE_CURVE('',#855,#856,#686,.T.);
#1104=EDGE_CURVE('',#856,#827,#687,.T.);
#1105=EDGE_CURVE('',#857,#858,#688,.T.);
#1106=EDGE_CURVE('',#858,#859,#689,.T.);
#1107=EDGE_CURVE('',#859,#860,#690,.T.);
#1108=EDGE_CURVE('',#860,#857,#691,.T.);
#1109=EDGE_CURVE('',#861,#862,#692,.T.);
#1110=EDGE_CURVE('',#862,#863,#693,.T.);
#1111=EDGE_CURVE('',#863,#864,#694,.T.);
#1112=EDGE_CURVE('',#864,#861,#695,.T.);
#1113=EDGE_CURVE('',#865,#866,#696,.T.);
#1114=EDGE_CURVE('',#866,#867,#697,.T.);
#1115=EDGE_CURVE('',#867,#868,#698,.T.);
#1116=EDGE_CURVE('',#868,#865,#699,.T.);
#1117=EDGE_CURVE('',#866,#729,#421,.T.);
#1118=EDGE_CURVE('',#865,#852,#422,.T.);
#1119=EDGE_CURVE('',#867,#833,#423,.T.);
#1120=EDGE_CURVE('',#868,#832,#424,.T.);
#1121=EDGE_CURVE('',#853,#831,#425,.T.);
#1122=EDGE_CURVE('',#862,#854,#426,.T.);
#1123=EDGE_CURVE('',#861,#855,#427,.T.);
#1124=EDGE_CURVE('',#863,#828,#428,.T.);
#1125=EDGE_CURVE('',#864,#856,#429,.T.);
#1126=EDGE_CURVE('',#858,#717,#430,.T.);
#1127=EDGE_CURVE('',#857,#718,#431,.T.);
#1128=EDGE_CURVE('',#859,#824,#432,.T.);
#1129=EDGE_CURVE('',#860,#823,#433,.T.);
#1130=EDGE_CURVE('',#869,#870,#700,.T.);
#1131=EDGE_CURVE('',#869,#801,#434,.T.);
#1132=EDGE_CURVE('',#870,#800,#435,.T.);
#1133=EDGE_CURVE('',#871,#790,#436,.T.);
#1134=EDGE_CURVE('',#870,#871,#437,.T.);
#1135=EDGE_CURVE('',#871,#872,#701,.T.);
#1136=EDGE_CURVE('',#872,#789,#438,.T.);
#1137=EDGE_CURVE('',#872,#873,#439,.T.);
#1138=EDGE_CURVE('',#873,#788,#440,.T.);
#1139=EDGE_CURVE('',#873,#874,#702,.T.);
#1140=EDGE_CURVE('',#874,#787,#441,.T.);
#1141=EDGE_CURVE('',#875,#803,#442,.T.);
#1142=EDGE_CURVE('',#874,#875,#443,.T.);
#1143=EDGE_CURVE('',#875,#876,#703,.T.);
#1144=EDGE_CURVE('',#876,#802,#444,.T.);
#1145=EDGE_CURVE('',#876,#869,#445,.T.);
#1146=EDGE_CURVE('',#877,#748,#446,.T.);
#1147=EDGE_CURVE('',#744,#877,#447,.T.);
#1148=EDGE_CURVE('',#878,#877,#55,.T.);
#1149=EDGE_CURVE('',#745,#878,#448,.T.);
#1150=EDGE_CURVE('',#879,#878,#449,.T.);
#1151=EDGE_CURVE('',#746,#879,#450,.T.);
#1152=EDGE_CURVE('',#751,#879,#56,.T.);
#1153=ORIENTED_EDGE('',*,*,#880,.F.);
#1154=ORIENTED_EDGE('',*,*,#881,.T.);
#1155=ORIENTED_EDGE('',*,*,#882,.T.);
#1156=ORIENTED_EDGE('',*,*,#883,.T.);
#1157=ORIENTED_EDGE('',*,*,#880,.T.);
#1158=ORIENTED_EDGE('',*,*,#884,.T.);
#1159=ORIENTED_EDGE('',*,*,#882,.F.);
#1160=ORIENTED_EDGE('',*,*,#885,.T.);
#1161=ORIENTED_EDGE('',*,*,#881,.F.);
#1162=ORIENTED_EDGE('',*,*,#886,.T.);
#1163=ORIENTED_EDGE('',*,*,#887,.T.);
#1164=ORIENTED_EDGE('',*,*,#888,.T.);
#1165=ORIENTED_EDGE('',*,*,#889,.T.);
#1166=ORIENTED_EDGE('',*,*,#890,.F.);
#1167=ORIENTED_EDGE('',*,*,#891,.T.);
#1168=ORIENTED_EDGE('',*,*,#892,.T.);
#1169=ORIENTED_EDGE('',*,*,#893,.T.);
#1170=ORIENTED_EDGE('',*,*,#894,.F.);
#1171=ORIENTED_EDGE('',*,*,#895,.T.);
#1172=ORIENTED_EDGE('',*,*,#896,.T.);
#1173=ORIENTED_EDGE('',*,*,#897,.T.);
#1174=ORIENTED_EDGE('',*,*,#898,.F.);
#1175=ORIENTED_EDGE('',*,*,#899,.T.);
#1176=ORIENTED_EDGE('',*,*,#900,.T.);
#1177=ORIENTED_EDGE('',*,*,#901,.T.);
#1178=ORIENTED_EDGE('',*,*,#902,.F.);
#1179=ORIENTED_EDGE('',*,*,#903,.T.);
#1180=ORIENTED_EDGE('',*,*,#904,.T.);
#1181=ORIENTED_EDGE('',*,*,#905,.T.);
#1182=ORIENTED_EDGE('',*,*,#906,.F.);
#1183=ORIENTED_EDGE('',*,*,#907,.T.);
#1184=ORIENTED_EDGE('',*,*,#908,.T.);
#1185=ORIENTED_EDGE('',*,*,#909,.T.);
#1186=ORIENTED_EDGE('',*,*,#910,.F.);
#1187=ORIENTED_EDGE('',*,*,#911,.F.);
#1188=ORIENTED_EDGE('',*,*,#912,.F.);
#1189=ORIENTED_EDGE('',*,*,#913,.F.);
#1190=ORIENTED_EDGE('',*,*,#914,.F.);
#1191=ORIENTED_EDGE('',*,*,#915,.F.);
#1192=ORIENTED_EDGE('',*,*,#916,.F.);
#1193=ORIENTED_EDGE('',*,*,#917,.F.);
#1194=ORIENTED_EDGE('',*,*,#883,.F.);
#1195=ORIENTED_EDGE('',*,*,#884,.F.);
#1196=ORIENTED_EDGE('',*,*,#918,.T.);
#1197=ORIENTED_EDGE('',*,*,#910,.T.);
#1198=ORIENTED_EDGE('',*,*,#919,.T.);
#1199=ORIENTED_EDGE('',*,*,#920,.T.);
#1200=ORIENTED_EDGE('',*,*,#921,.T.);
#1201=ORIENTED_EDGE('',*,*,#911,.T.);
#1202=ORIENTED_EDGE('',*,*,#918,.F.);
#1203=ORIENTED_EDGE('',*,*,#922,.T.);
#1204=ORIENTED_EDGE('',*,*,#923,.T.);
#1205=ORIENTED_EDGE('',*,*,#912,.T.);
#1206=ORIENTED_EDGE('',*,*,#921,.F.);
#1207=ORIENTED_EDGE('',*,*,#924,.T.);
#1208=ORIENTED_EDGE('',*,*,#925,.T.);
#1209=ORIENTED_EDGE('',*,*,#913,.T.);
#1210=ORIENTED_EDGE('',*,*,#923,.F.);
#1211=ORIENTED_EDGE('',*,*,#926,.T.);
#1212=ORIENTED_EDGE('',*,*,#927,.T.);
#1213=ORIENTED_EDGE('',*,*,#914,.T.);
#1214=ORIENTED_EDGE('',*,*,#925,.F.);
#1215=ORIENTED_EDGE('',*,*,#928,.T.);
#1216=ORIENTED_EDGE('',*,*,#929,.T.);
#1217=ORIENTED_EDGE('',*,*,#915,.T.);
#1218=ORIENTED_EDGE('',*,*,#927,.F.);
#1219=ORIENTED_EDGE('',*,*,#930,.T.);
#1220=ORIENTED_EDGE('',*,*,#931,.T.);
#1221=ORIENTED_EDGE('',*,*,#916,.T.);
#1222=ORIENTED_EDGE('',*,*,#929,.F.);
#1223=ORIENTED_EDGE('',*,*,#932,.T.);
#1224=ORIENTED_EDGE('',*,*,#919,.F.);
#1225=ORIENTED_EDGE('',*,*,#917,.T.);
#1226=ORIENTED_EDGE('',*,*,#931,.F.);
#1227=ORIENTED_EDGE('',*,*,#933,.T.);
#1228=ORIENTED_EDGE('',*,*,#926,.F.);
#1229=ORIENTED_EDGE('',*,*,#934,.T.);
#1230=ORIENTED_EDGE('',*,*,#935,.F.);
#1231=ORIENTED_EDGE('',*,*,#936,.F.);
#1232=ORIENTED_EDGE('',*,*,#924,.F.);
#1233=ORIENTED_EDGE('',*,*,#937,.T.);
#1234=ORIENTED_EDGE('',*,*,#938,.F.);
#1235=ORIENTED_EDGE('',*,*,#934,.F.);
#1236=ORIENTED_EDGE('',*,*,#922,.F.);
#1237=ORIENTED_EDGE('',*,*,#939,.T.);
#1238=ORIENTED_EDGE('',*,*,#940,.F.);
#1239=ORIENTED_EDGE('',*,*,#937,.F.);
#1240=ORIENTED_EDGE('',*,*,#920,.F.);
#1241=ORIENTED_EDGE('',*,*,#941,.F.);
#1242=ORIENTED_EDGE('',*,*,#942,.F.);
#1243=ORIENTED_EDGE('',*,*,#939,.F.);
#1244=ORIENTED_EDGE('',*,*,#943,.F.);
#1245=ORIENTED_EDGE('',*,*,#944,.T.);
#1246=ORIENTED_EDGE('',*,*,#945,.T.);
#1247=ORIENTED_EDGE('',*,*,#946,.F.);
#1248=ORIENTED_EDGE('',*,*,#947,.F.);
#1249=ORIENTED_EDGE('',*,*,#946,.T.);
#1250=ORIENTED_EDGE('',*,*,#948,.T.);
#1251=ORIENTED_EDGE('',*,*,#949,.F.);
#1252=ORIENTED_EDGE('',*,*,#950,.F.);
#1253=ORIENTED_EDGE('',*,*,#949,.T.);
#1254=ORIENTED_EDGE('',*,*,#951,.T.);
#1255=ORIENTED_EDGE('',*,*,#952,.F.);
#1256=ORIENTED_EDGE('',*,*,#953,.F.);
#1257=ORIENTED_EDGE('',*,*,#954,.T.);
#1258=ORIENTED_EDGE('',*,*,#955,.T.);
#1259=ORIENTED_EDGE('',*,*,#956,.F.);
#1260=ORIENTED_EDGE('',*,*,#957,.F.);
#1261=ORIENTED_EDGE('',*,*,#956,.T.);
#1262=ORIENTED_EDGE('',*,*,#958,.T.);
#1263=ORIENTED_EDGE('',*,*,#944,.F.);
#1264=ORIENTED_EDGE('',*,*,#959,.T.);
#1265=ORIENTED_EDGE('',*,*,#960,.T.);
#1266=ORIENTED_EDGE('',*,*,#961,.F.);
#1267=ORIENTED_EDGE('',*,*,#962,.F.);
#1268=ORIENTED_EDGE('',*,*,#963,.T.);
#1269=ORIENTED_EDGE('',*,*,#964,.F.);
#1270=ORIENTED_EDGE('',*,*,#965,.F.);
#1271=ORIENTED_EDGE('',*,*,#966,.F.);
#1272=ORIENTED_EDGE('',*,*,#967,.T.);
#1273=ORIENTED_EDGE('',*,*,#966,.T.);
#1274=ORIENTED_EDGE('',*,*,#968,.F.);
#1275=ORIENTED_EDGE('',*,*,#960,.F.);
#1276=ORIENTED_EDGE('',*,*,#969,.F.);
#1277=ORIENTED_EDGE('',*,*,#970,.T.);
#1278=ORIENTED_EDGE('',*,*,#971,.F.);
#1279=ORIENTED_EDGE('',*,*,#972,.F.);
#1280=ORIENTED_EDGE('',*,*,#973,.F.);
#1281=ORIENTED_EDGE('',*,*,#972,.T.);
#1282=ORIENTED_EDGE('',*,*,#974,.F.);
#1283=ORIENTED_EDGE('',*,*,#975,.F.);
#1284=ORIENTED_EDGE('',*,*,#976,.F.);
#1285=ORIENTED_EDGE('',*,*,#975,.T.);
#1286=ORIENTED_EDGE('',*,*,#977,.F.);
#1287=ORIENTED_EDGE('',*,*,#978,.F.);
#1288=ORIENTED_EDGE('',*,*,#979,.F.);
#1289=ORIENTED_EDGE('',*,*,#953,.T.);
#1290=ORIENTED_EDGE('',*,*,#957,.T.);
#1291=ORIENTED_EDGE('',*,*,#943,.T.);
#1292=ORIENTED_EDGE('',*,*,#947,.T.);
#1293=ORIENTED_EDGE('',*,*,#950,.T.);
#1294=ORIENTED_EDGE('',*,*,#980,.F.);
#1295=ORIENTED_EDGE('',*,*,#981,.F.);
#1296=ORIENTED_EDGE('',*,*,#982,.F.);
#1297=ORIENTED_EDGE('',*,*,#983,.T.);
#1298=ORIENTED_EDGE('',*,*,#984,.F.);
#1299=ORIENTED_EDGE('',*,*,#951,.F.);
#1300=ORIENTED_EDGE('',*,*,#948,.F.);
#1301=ORIENTED_EDGE('',*,*,#945,.F.);
#1302=ORIENTED_EDGE('',*,*,#958,.F.);
#1303=ORIENTED_EDGE('',*,*,#955,.F.);
#1304=ORIENTED_EDGE('',*,*,#984,.T.);
#1305=ORIENTED_EDGE('',*,*,#985,.T.);
#1306=ORIENTED_EDGE('',*,*,#980,.T.);
#1307=ORIENTED_EDGE('',*,*,#952,.T.);
#1308=ORIENTED_EDGE('',*,*,#979,.T.);
#1309=ORIENTED_EDGE('',*,*,#986,.T.);
#1310=ORIENTED_EDGE('',*,*,#987,.T.);
#1311=ORIENTED_EDGE('',*,*,#988,.T.);
#1312=ORIENTED_EDGE('',*,*,#989,.T.);
#1313=ORIENTED_EDGE('',*,*,#990,.T.);
#1314=ORIENTED_EDGE('',*,*,#991,.T.);
#1315=ORIENTED_EDGE('',*,*,#982,.T.);
#1316=ORIENTED_EDGE('',*,*,#992,.T.);
#1317=ORIENTED_EDGE('',*,*,#993,.T.);
#1318=ORIENTED_EDGE('',*,*,#994,.T.);
#1319=ORIENTED_EDGE('',*,*,#995,.T.);
#1320=ORIENTED_EDGE('',*,*,#996,.T.);
#1321=ORIENTED_EDGE('',*,*,#997,.T.);
#1322=ORIENTED_EDGE('',*,*,#998,.F.);
#1323=ORIENTED_EDGE('',*,*,#999,.F.);
#1324=ORIENTED_EDGE('',*,*,#963,.F.);
#1325=ORIENTED_EDGE('',*,*,#967,.F.);
#1326=ORIENTED_EDGE('',*,*,#959,.F.);
#1327=ORIENTED_EDGE('',*,*,#1000,.F.);
#1328=ORIENTED_EDGE('',*,*,#1001,.F.);
#1329=ORIENTED_EDGE('',*,*,#1002,.T.);
#1330=ORIENTED_EDGE('',*,*,#1001,.T.);
#1331=ORIENTED_EDGE('',*,*,#1003,.F.);
#1332=ORIENTED_EDGE('',*,*,#1004,.F.);
#1333=ORIENTED_EDGE('',*,*,#988,.F.);
#1334=ORIENTED_EDGE('',*,*,#1004,.T.);
#1335=ORIENTED_EDGE('',*,*,#1005,.T.);
#1336=ORIENTED_EDGE('',*,*,#961,.T.);
#1337=ORIENTED_EDGE('',*,*,#968,.T.);
#1338=ORIENTED_EDGE('',*,*,#965,.T.);
#1339=ORIENTED_EDGE('',*,*,#1006,.F.);
#1340=ORIENTED_EDGE('',*,*,#1005,.F.);
#1341=ORIENTED_EDGE('',*,*,#1003,.T.);
#1342=ORIENTED_EDGE('',*,*,#1000,.T.);
#1343=ORIENTED_EDGE('',*,*,#962,.T.);
#1344=ORIENTED_EDGE('',*,*,#998,.T.);
#1345=ORIENTED_EDGE('',*,*,#1007,.T.);
#1346=ORIENTED_EDGE('',*,*,#1008,.T.);
#1347=ORIENTED_EDGE('',*,*,#1009,.T.);
#1348=ORIENTED_EDGE('',*,*,#1010,.T.);
#1349=ORIENTED_EDGE('',*,*,#1011,.T.);
#1350=ORIENTED_EDGE('',*,*,#1012,.T.);
#1351=ORIENTED_EDGE('',*,*,#1013,.T.);
#1352=ORIENTED_EDGE('',*,*,#995,.F.);
#1353=ORIENTED_EDGE('',*,*,#1014,.F.);
#1354=ORIENTED_EDGE('',*,*,#977,.T.);
#1355=ORIENTED_EDGE('',*,*,#974,.T.);
#1356=ORIENTED_EDGE('',*,*,#971,.T.);
#1357=ORIENTED_EDGE('',*,*,#1015,.F.);
#1358=ORIENTED_EDGE('',*,*,#1016,.F.);
#1359=ORIENTED_EDGE('',*,*,#1017,.F.);
#1360=ORIENTED_EDGE('',*,*,#1016,.T.);
#1361=ORIENTED_EDGE('',*,*,#1018,.F.);
#1362=ORIENTED_EDGE('',*,*,#1019,.F.);
#1363=ORIENTED_EDGE('',*,*,#1020,.T.);
#1364=ORIENTED_EDGE('',*,*,#1019,.T.);
#1365=ORIENTED_EDGE('',*,*,#1021,.F.);
#1366=ORIENTED_EDGE('',*,*,#1022,.F.);
#1367=ORIENTED_EDGE('',*,*,#1008,.F.);
#1368=ORIENTED_EDGE('',*,*,#1022,.T.);
#1369=ORIENTED_EDGE('',*,*,#1023,.T.);
#1370=ORIENTED_EDGE('',*,*,#969,.T.);
#1371=ORIENTED_EDGE('',*,*,#973,.T.);
#1372=ORIENTED_EDGE('',*,*,#976,.T.);
#1373=ORIENTED_EDGE('',*,*,#1024,.F.);
#1374=ORIENTED_EDGE('',*,*,#1023,.F.);
#1375=ORIENTED_EDGE('',*,*,#1021,.T.);
#1376=ORIENTED_EDGE('',*,*,#1018,.T.);
#1377=ORIENTED_EDGE('',*,*,#1015,.T.);
#1378=ORIENTED_EDGE('',*,*,#970,.F.);
#1379=ORIENTED_EDGE('',*,*,#1017,.T.);
#1380=ORIENTED_EDGE('',*,*,#1025,.T.);
#1381=ORIENTED_EDGE('',*,*,#1026,.F.);
#1382=ORIENTED_EDGE('',*,*,#888,.F.);
#1383=ORIENTED_EDGE('',*,*,#1027,.F.);
#1384=ORIENTED_EDGE('',*,*,#1028,.F.);
#1385=ORIENTED_EDGE('',*,*,#1029,.T.);
#1386=ORIENTED_EDGE('',*,*,#1030,.F.);
#1387=ORIENTED_EDGE('',*,*,#1029,.F.);
#1388=ORIENTED_EDGE('',*,*,#1031,.F.);
#1389=ORIENTED_EDGE('',*,*,#1032,.T.);
#1390=ORIENTED_EDGE('',*,*,#887,.F.);
#1391=ORIENTED_EDGE('',*,*,#1033,.F.);
#1392=ORIENTED_EDGE('',*,*,#1034,.F.);
#1393=ORIENTED_EDGE('',*,*,#1035,.F.);
#1394=ORIENTED_EDGE('',*,*,#1027,.T.);
#1395=ORIENTED_EDGE('',*,*,#1036,.F.);
#1396=ORIENTED_EDGE('',*,*,#1032,.F.);
#1397=ORIENTED_EDGE('',*,*,#1037,.F.);
#1398=ORIENTED_EDGE('',*,*,#1034,.T.);
#1399=ORIENTED_EDGE('',*,*,#904,.F.);
#1400=ORIENTED_EDGE('',*,*,#1038,.F.);
#1401=ORIENTED_EDGE('',*,*,#1039,.F.);
#1402=ORIENTED_EDGE('',*,*,#1040,.T.);
#1403=ORIENTED_EDGE('',*,*,#903,.F.);
#1404=ORIENTED_EDGE('',*,*,#1041,.F.);
#1405=ORIENTED_EDGE('',*,*,#1042,.F.);
#1406=ORIENTED_EDGE('',*,*,#1043,.F.);
#1407=ORIENTED_EDGE('',*,*,#1038,.T.);
#1408=ORIENTED_EDGE('',*,*,#905,.F.);
#1409=ORIENTED_EDGE('',*,*,#1040,.F.);
#1410=ORIENTED_EDGE('',*,*,#1044,.F.);
#1411=ORIENTED_EDGE('',*,*,#1045,.T.);
#1412=ORIENTED_EDGE('',*,*,#1046,.F.);
#1413=ORIENTED_EDGE('',*,*,#1047,.F.);
#1414=ORIENTED_EDGE('',*,*,#1045,.F.);
#1415=ORIENTED_EDGE('',*,*,#1048,.F.);
#1416=ORIENTED_EDGE('',*,*,#1042,.T.);
#1417=ORIENTED_EDGE('',*,*,#1046,.T.);
#1418=ORIENTED_EDGE('',*,*,#1047,.T.);
#1419=ORIENTED_EDGE('',*,*,#1041,.T.);
#1420=ORIENTED_EDGE('',*,*,#902,.T.);
#1421=ORIENTED_EDGE('',*,*,#1049,.T.);
#1422=ORIENTED_EDGE('',*,*,#1050,.T.);
#1423=ORIENTED_EDGE('',*,*,#1051,.T.);
#1424=ORIENTED_EDGE('',*,*,#898,.T.);
#1425=ORIENTED_EDGE('',*,*,#1052,.T.);
#1426=ORIENTED_EDGE('',*,*,#1053,.T.);
#1427=ORIENTED_EDGE('',*,*,#1054,.T.);
#1428=ORIENTED_EDGE('',*,*,#894,.T.);
#1429=ORIENTED_EDGE('',*,*,#1055,.T.);
#1430=ORIENTED_EDGE('',*,*,#1056,.T.);
#1431=ORIENTED_EDGE('',*,*,#1057,.T.);
#1432=ORIENTED_EDGE('',*,*,#986,.F.);
#1433=ORIENTED_EDGE('',*,*,#981,.T.);
#1434=ORIENTED_EDGE('',*,*,#985,.F.);
#1435=ORIENTED_EDGE('',*,*,#983,.F.);
#1436=ORIENTED_EDGE('',*,*,#997,.F.);
#1437=ORIENTED_EDGE('',*,*,#1058,.F.);
#1438=ORIENTED_EDGE('',*,*,#1059,.T.);
#1439=ORIENTED_EDGE('',*,*,#1060,.T.);
#1440=ORIENTED_EDGE('',*,*,#1061,.F.);
#1441=ORIENTED_EDGE('',*,*,#1062,.T.);
#1442=ORIENTED_EDGE('',*,*,#1063,.T.);
#1443=ORIENTED_EDGE('',*,*,#1064,.T.);
#1444=ORIENTED_EDGE('',*,*,#1065,.T.);
#1445=ORIENTED_EDGE('',*,*,#906,.T.);
#1446=ORIENTED_EDGE('',*,*,#1066,.F.);
#1447=ORIENTED_EDGE('',*,*,#1067,.F.);
#1448=ORIENTED_EDGE('',*,*,#1068,.F.);
#1449=ORIENTED_EDGE('',*,*,#1069,.T.);
#1450=ORIENTED_EDGE('',*,*,#1070,.F.);
#1451=ORIENTED_EDGE('',*,*,#1069,.F.);
#1452=ORIENTED_EDGE('',*,*,#1071,.F.);
#1453=ORIENTED_EDGE('',*,*,#1072,.T.);
#1454=ORIENTED_EDGE('',*,*,#1073,.F.);
#1455=ORIENTED_EDGE('',*,*,#1074,.F.);
#1456=ORIENTED_EDGE('',*,*,#1075,.F.);
#1457=ORIENTED_EDGE('',*,*,#1067,.T.);
#1458=ORIENTED_EDGE('',*,*,#1076,.F.);
#1459=ORIENTED_EDGE('',*,*,#1072,.F.);
#1460=ORIENTED_EDGE('',*,*,#1077,.F.);
#1461=ORIENTED_EDGE('',*,*,#1074,.T.);
#1462=ORIENTED_EDGE('',*,*,#900,.F.);
#1463=ORIENTED_EDGE('',*,*,#1078,.F.);
#1464=ORIENTED_EDGE('',*,*,#1079,.F.);
#1465=ORIENTED_EDGE('',*,*,#1080,.T.);
#1466=ORIENTED_EDGE('',*,*,#899,.F.);
#1467=ORIENTED_EDGE('',*,*,#1051,.F.);
#1468=ORIENTED_EDGE('',*,*,#1081,.F.);
#1469=ORIENTED_EDGE('',*,*,#1082,.F.);
#1470=ORIENTED_EDGE('',*,*,#1078,.T.);
#1471=ORIENTED_EDGE('',*,*,#901,.F.);
#1472=ORIENTED_EDGE('',*,*,#1080,.F.);
#1473=ORIENTED_EDGE('',*,*,#1083,.F.);
#1474=ORIENTED_EDGE('',*,*,#1084,.T.);
#1475=ORIENTED_EDGE('',*,*,#1049,.F.);
#1476=ORIENTED_EDGE('',*,*,#1050,.F.);
#1477=ORIENTED_EDGE('',*,*,#1084,.F.);
#1478=ORIENTED_EDGE('',*,*,#1085,.F.);
#1479=ORIENTED_EDGE('',*,*,#1081,.T.);
#1480=ORIENTED_EDGE('',*,*,#1055,.F.);
#1481=ORIENTED_EDGE('',*,*,#893,.F.);
#1482=ORIENTED_EDGE('',*,*,#1086,.F.);
#1483=ORIENTED_EDGE('',*,*,#1087,.F.);
#1484=ORIENTED_EDGE('',*,*,#1088,.T.);
#1485=ORIENTED_EDGE('',*,*,#892,.F.);
#1486=ORIENTED_EDGE('',*,*,#1089,.F.);
#1487=ORIENTED_EDGE('',*,*,#1090,.F.);
#1488=ORIENTED_EDGE('',*,*,#1086,.T.);
#1489=ORIENTED_EDGE('',*,*,#891,.F.);
#1490=ORIENTED_EDGE('',*,*,#1091,.F.);
#1491=ORIENTED_EDGE('',*,*,#1092,.F.);
#1492=ORIENTED_EDGE('',*,*,#1093,.F.);
#1493=ORIENTED_EDGE('',*,*,#1094,.F.);
#1494=ORIENTED_EDGE('',*,*,#1089,.T.);
#1495=ORIENTED_EDGE('',*,*,#1056,.F.);
#1496=ORIENTED_EDGE('',*,*,#1088,.F.);
#1497=ORIENTED_EDGE('',*,*,#1095,.F.);
#1498=ORIENTED_EDGE('',*,*,#1093,.T.);
#1499=ORIENTED_EDGE('',*,*,#1096,.F.);
#1500=ORIENTED_EDGE('',*,*,#1091,.T.);
#1501=ORIENTED_EDGE('',*,*,#890,.T.);
#1502=ORIENTED_EDGE('',*,*,#1097,.T.);
#1503=ORIENTED_EDGE('',*,*,#885,.F.);
#1504=ORIENTED_EDGE('',*,*,#909,.F.);
#1505=ORIENTED_EDGE('',*,*,#1098,.T.);
#1506=ORIENTED_EDGE('',*,*,#1099,.T.);
#1507=ORIENTED_EDGE('',*,*,#1100,.F.);
#1508=ORIENTED_EDGE('',*,*,#1061,.T.);
#1509=ORIENTED_EDGE('',*,*,#1101,.T.);
#1510=ORIENTED_EDGE('',*,*,#1102,.T.);
#1511=ORIENTED_EDGE('',*,*,#1103,.T.);
#1512=ORIENTED_EDGE('',*,*,#1104,.T.);
#1513=ORIENTED_EDGE('',*,*,#1058,.T.);
#1514=ORIENTED_EDGE('',*,*,#996,.F.);
#1515=ORIENTED_EDGE('',*,*,#1025,.F.);
#1516=ORIENTED_EDGE('',*,*,#1020,.F.);
#1517=ORIENTED_EDGE('',*,*,#1007,.F.);
#1518=ORIENTED_EDGE('',*,*,#1002,.F.);
#1519=ORIENTED_EDGE('',*,*,#987,.F.);
#1520=ORIENTED_EDGE('',*,*,#1057,.F.);
#1521=ORIENTED_EDGE('',*,*,#1096,.T.);
#1522=ORIENTED_EDGE('',*,*,#1092,.T.);
#1523=ORIENTED_EDGE('',*,*,#1097,.F.);
#1524=ORIENTED_EDGE('',*,*,#889,.F.);
#1525=ORIENTED_EDGE('',*,*,#1026,.T.);
#1526=ORIENTED_EDGE('',*,*,#1030,.T.);
#1527=ORIENTED_EDGE('',*,*,#1036,.T.);
#1528=ORIENTED_EDGE('',*,*,#1033,.T.);
#1529=ORIENTED_EDGE('',*,*,#886,.F.);
#1530=ORIENTED_EDGE('',*,*,#1039,.T.);
#1531=ORIENTED_EDGE('',*,*,#1043,.T.);
#1532=ORIENTED_EDGE('',*,*,#1048,.T.);
#1533=ORIENTED_EDGE('',*,*,#1044,.T.);
#1534=ORIENTED_EDGE('',*,*,#1087,.T.);
#1535=ORIENTED_EDGE('',*,*,#1090,.T.);
#1536=ORIENTED_EDGE('',*,*,#1094,.T.);
#1537=ORIENTED_EDGE('',*,*,#1095,.T.);
#1538=ORIENTED_EDGE('',*,*,#1105,.T.);
#1539=ORIENTED_EDGE('',*,*,#1106,.T.);
#1540=ORIENTED_EDGE('',*,*,#1107,.T.);
#1541=ORIENTED_EDGE('',*,*,#1108,.T.);
#1542=ORIENTED_EDGE('',*,*,#1109,.T.);
#1543=ORIENTED_EDGE('',*,*,#1110,.T.);
#1544=ORIENTED_EDGE('',*,*,#1111,.T.);
#1545=ORIENTED_EDGE('',*,*,#1112,.T.);
#1546=ORIENTED_EDGE('',*,*,#1113,.T.);
#1547=ORIENTED_EDGE('',*,*,#1114,.T.);
#1548=ORIENTED_EDGE('',*,*,#1115,.T.);
#1549=ORIENTED_EDGE('',*,*,#1116,.T.);
#1550=ORIENTED_EDGE('',*,*,#1079,.T.);
#1551=ORIENTED_EDGE('',*,*,#1082,.T.);
#1552=ORIENTED_EDGE('',*,*,#1085,.T.);
#1553=ORIENTED_EDGE('',*,*,#1083,.T.);
#1554=ORIENTED_EDGE('',*,*,#1066,.T.);
#1555=ORIENTED_EDGE('',*,*,#1070,.T.);
#1556=ORIENTED_EDGE('',*,*,#1076,.T.);
#1557=ORIENTED_EDGE('',*,*,#1073,.T.);
#1558=ORIENTED_EDGE('',*,*,#1068,.T.);
#1559=ORIENTED_EDGE('',*,*,#1075,.T.);
#1560=ORIENTED_EDGE('',*,*,#1077,.T.);
#1561=ORIENTED_EDGE('',*,*,#1071,.T.);
#1562=ORIENTED_EDGE('',*,*,#1028,.T.);
#1563=ORIENTED_EDGE('',*,*,#1035,.T.);
#1564=ORIENTED_EDGE('',*,*,#1037,.T.);
#1565=ORIENTED_EDGE('',*,*,#1031,.T.);
#1566=ORIENTED_EDGE('',*,*,#1098,.F.);
#1567=ORIENTED_EDGE('',*,*,#908,.F.);
#1568=ORIENTED_EDGE('',*,*,#1117,.F.);
#1569=ORIENTED_EDGE('',*,*,#1113,.F.);
#1570=ORIENTED_EDGE('',*,*,#1118,.T.);
#1571=ORIENTED_EDGE('',*,*,#907,.F.);
#1572=ORIENTED_EDGE('',*,*,#1065,.F.);
#1573=ORIENTED_EDGE('',*,*,#1119,.F.);
#1574=ORIENTED_EDGE('',*,*,#1114,.F.);
#1575=ORIENTED_EDGE('',*,*,#1117,.T.);
#1576=ORIENTED_EDGE('',*,*,#1099,.F.);
#1577=ORIENTED_EDGE('',*,*,#1118,.F.);
#1578=ORIENTED_EDGE('',*,*,#1116,.F.);
#1579=ORIENTED_EDGE('',*,*,#1120,.T.);
#1580=ORIENTED_EDGE('',*,*,#1063,.F.);
#1581=ORIENTED_EDGE('',*,*,#1121,.F.);
#1582=ORIENTED_EDGE('',*,*,#1064,.F.);
#1583=ORIENTED_EDGE('',*,*,#1120,.F.);
#1584=ORIENTED_EDGE('',*,*,#1115,.F.);
#1585=ORIENTED_EDGE('',*,*,#1119,.T.);
#1586=ORIENTED_EDGE('',*,*,#1121,.T.);
#1587=ORIENTED_EDGE('',*,*,#1062,.F.);
#1588=ORIENTED_EDGE('',*,*,#1100,.T.);
#1589=ORIENTED_EDGE('',*,*,#1102,.F.);
#1590=ORIENTED_EDGE('',*,*,#1122,.F.);
#1591=ORIENTED_EDGE('',*,*,#1109,.F.);
#1592=ORIENTED_EDGE('',*,*,#1123,.T.);
#1593=ORIENTED_EDGE('',*,*,#1101,.F.);
#1594=ORIENTED_EDGE('',*,*,#1060,.F.);
#1595=ORIENTED_EDGE('',*,*,#1124,.F.);
#1596=ORIENTED_EDGE('',*,*,#1110,.F.);
#1597=ORIENTED_EDGE('',*,*,#1122,.T.);
#1598=ORIENTED_EDGE('',*,*,#1103,.F.);
#1599=ORIENTED_EDGE('',*,*,#1123,.F.);
#1600=ORIENTED_EDGE('',*,*,#1112,.F.);
#1601=ORIENTED_EDGE('',*,*,#1125,.T.);
#1602=ORIENTED_EDGE('',*,*,#1104,.F.);
#1603=ORIENTED_EDGE('',*,*,#1125,.F.);
#1604=ORIENTED_EDGE('',*,*,#1111,.F.);
#1605=ORIENTED_EDGE('',*,*,#1124,.T.);
#1606=ORIENTED_EDGE('',*,*,#1059,.F.);
#1607=ORIENTED_EDGE('',*,*,#896,.F.);
#1608=ORIENTED_EDGE('',*,*,#1126,.F.);
#1609=ORIENTED_EDGE('',*,*,#1105,.F.);
#1610=ORIENTED_EDGE('',*,*,#1127,.T.);
#1611=ORIENTED_EDGE('',*,*,#895,.F.);
#1612=ORIENTED_EDGE('',*,*,#1054,.F.);
#1613=ORIENTED_EDGE('',*,*,#1128,.F.);
#1614=ORIENTED_EDGE('',*,*,#1106,.F.);
#1615=ORIENTED_EDGE('',*,*,#1126,.T.);
#1616=ORIENTED_EDGE('',*,*,#897,.F.);
#1617=ORIENTED_EDGE('',*,*,#1127,.F.);
#1618=ORIENTED_EDGE('',*,*,#1108,.F.);
#1619=ORIENTED_EDGE('',*,*,#1129,.T.);
#1620=ORIENTED_EDGE('',*,*,#1052,.F.);
#1621=ORIENTED_EDGE('',*,*,#1053,.F.);
#1622=ORIENTED_EDGE('',*,*,#1129,.F.);
#1623=ORIENTED_EDGE('',*,*,#1107,.F.);
#1624=ORIENTED_EDGE('',*,*,#1128,.T.);
#1625=ORIENTED_EDGE('',*,*,#1130,.F.);
#1626=ORIENTED_EDGE('',*,*,#1131,.T.);
#1627=ORIENTED_EDGE('',*,*,#1010,.F.);
#1628=ORIENTED_EDGE('',*,*,#1132,.F.);
#1629=ORIENTED_EDGE('',*,*,#1014,.T.);
#1630=ORIENTED_EDGE('',*,*,#994,.F.);
#1631=ORIENTED_EDGE('',*,*,#1133,.F.);
#1632=ORIENTED_EDGE('',*,*,#1134,.F.);
#1633=ORIENTED_EDGE('',*,*,#1132,.T.);
#1634=ORIENTED_EDGE('',*,*,#1009,.F.);
#1635=ORIENTED_EDGE('',*,*,#1024,.T.);
#1636=ORIENTED_EDGE('',*,*,#978,.T.);
#1637=ORIENTED_EDGE('',*,*,#1135,.F.);
#1638=ORIENTED_EDGE('',*,*,#1133,.T.);
#1639=ORIENTED_EDGE('',*,*,#993,.F.);
#1640=ORIENTED_EDGE('',*,*,#1136,.F.);
#1641=ORIENTED_EDGE('',*,*,#1137,.F.);
#1642=ORIENTED_EDGE('',*,*,#1136,.T.);
#1643=ORIENTED_EDGE('',*,*,#992,.F.);
#1644=ORIENTED_EDGE('',*,*,#954,.F.);
#1645=ORIENTED_EDGE('',*,*,#991,.F.);
#1646=ORIENTED_EDGE('',*,*,#1138,.F.);
#1647=ORIENTED_EDGE('',*,*,#1139,.F.);
#1648=ORIENTED_EDGE('',*,*,#1138,.T.);
#1649=ORIENTED_EDGE('',*,*,#990,.F.);
#1650=ORIENTED_EDGE('',*,*,#1140,.F.);
#1651=ORIENTED_EDGE('',*,*,#999,.T.);
#1652=ORIENTED_EDGE('',*,*,#1013,.F.);
#1653=ORIENTED_EDGE('',*,*,#1141,.F.);
#1654=ORIENTED_EDGE('',*,*,#1142,.F.);
#1655=ORIENTED_EDGE('',*,*,#1140,.T.);
#1656=ORIENTED_EDGE('',*,*,#989,.F.);
#1657=ORIENTED_EDGE('',*,*,#1006,.T.);
#1658=ORIENTED_EDGE('',*,*,#964,.T.);
#1659=ORIENTED_EDGE('',*,*,#1143,.F.);
#1660=ORIENTED_EDGE('',*,*,#1141,.T.);
#1661=ORIENTED_EDGE('',*,*,#1012,.F.);
#1662=ORIENTED_EDGE('',*,*,#1144,.F.);
#1663=ORIENTED_EDGE('',*,*,#1145,.F.);
#1664=ORIENTED_EDGE('',*,*,#1144,.T.);
#1665=ORIENTED_EDGE('',*,*,#1011,.F.);
#1666=ORIENTED_EDGE('',*,*,#1131,.F.);
#1667=ORIENTED_EDGE('',*,*,#928,.F.);
#1668=ORIENTED_EDGE('',*,*,#936,.T.);
#1669=ORIENTED_EDGE('',*,*,#1146,.F.);
#1670=ORIENTED_EDGE('',*,*,#1147,.F.);
#1671=ORIENTED_EDGE('',*,*,#930,.F.);
#1672=ORIENTED_EDGE('',*,*,#1147,.T.);
#1673=ORIENTED_EDGE('',*,*,#1148,.F.);
#1674=ORIENTED_EDGE('',*,*,#1149,.F.);
#1675=ORIENTED_EDGE('',*,*,#932,.F.);
#1676=ORIENTED_EDGE('',*,*,#1149,.T.);
#1677=ORIENTED_EDGE('',*,*,#1150,.F.);
#1678=ORIENTED_EDGE('',*,*,#1151,.F.);
#1679=ORIENTED_EDGE('',*,*,#933,.F.);
#1680=ORIENTED_EDGE('',*,*,#1151,.T.);
#1681=ORIENTED_EDGE('',*,*,#1152,.F.);
#1682=ORIENTED_EDGE('',*,*,#941,.T.);
#1683=ORIENTED_EDGE('',*,*,#1152,.T.);
#1684=ORIENTED_EDGE('',*,*,#1150,.T.);
#1685=ORIENTED_EDGE('',*,*,#1148,.T.);
#1686=ORIENTED_EDGE('',*,*,#1146,.T.);
#1687=ORIENTED_EDGE('',*,*,#935,.T.);
#1688=ORIENTED_EDGE('',*,*,#938,.T.);
#1689=ORIENTED_EDGE('',*,*,#940,.T.);
#1690=ORIENTED_EDGE('',*,*,#942,.T.);
#1691=ORIENTED_EDGE('',*,*,#1130,.T.);
#1692=ORIENTED_EDGE('',*,*,#1134,.T.);
#1693=ORIENTED_EDGE('',*,*,#1135,.T.);
#1694=ORIENTED_EDGE('',*,*,#1137,.T.);
#1695=ORIENTED_EDGE('',*,*,#1139,.T.);
#1696=ORIENTED_EDGE('',*,*,#1142,.T.);
#1697=ORIENTED_EDGE('',*,*,#1143,.T.);
#1698=ORIENTED_EDGE('',*,*,#1145,.T.);
#1699=PLANE('',#1881);
#1700=PLANE('',#1882);
#1701=PLANE('',#1883);
#1702=PLANE('',#1888);
#1703=PLANE('',#1891);
#1704=PLANE('',#1894);
#1705=PLANE('',#1897);
#1706=PLANE('',#1902);
#1707=PLANE('',#1905);
#1708=PLANE('',#1906);
#1709=PLANE('',#1907);
#1710=PLANE('',#1908);
#1711=PLANE('',#1909);
#1712=PLANE('',#1910);
#1713=PLANE('',#1911);
#1714=PLANE('',#1912);
#1715=PLANE('',#1913);
#1716=PLANE('',#1914);
#1717=PLANE('',#1915);
#1718=PLANE('',#1916);
#1719=PLANE('',#1917);
#1720=PLANE('',#1918);
#1721=PLANE('',#1919);
#1722=PLANE('',#1920);
#1723=PLANE('',#1921);
#1724=PLANE('',#1922);
#1725=PLANE('',#1923);
#1726=PLANE('',#1924);
#1727=PLANE('',#1925);
#1728=PLANE('',#1926);
#1729=PLANE('',#1927);
#1730=PLANE('',#1928);
#1731=PLANE('',#1929);
#1732=PLANE('',#1930);
#1733=PLANE('',#1931);
#1734=PLANE('',#1932);
#1735=PLANE('',#1933);
#1736=PLANE('',#1934);
#1737=PLANE('',#1935);
#1738=PLANE('',#1936);
#1739=PLANE('',#1937);
#1740=PLANE('',#1938);
#1741=PLANE('',#1939);
#1742=PLANE('',#1940);
#1743=PLANE('',#1941);
#1744=PLANE('',#1942);
#1745=PLANE('',#1943);
#1746=PLANE('',#1944);
#1747=PLANE('',#1945);
#1748=PLANE('',#1946);
#1749=PLANE('',#1947);
#1750=PLANE('',#1948);
#1751=PLANE('',#1949);
#1752=PLANE('',#1950);
#1753=PLANE('',#1951);
#1754=PLANE('',#1952);
#1755=PLANE('',#1953);
#1756=PLANE('',#1954);
#1757=PLANE('',#1955);
#1758=PLANE('',#1956);
#1759=PLANE('',#1957);
#1760=PLANE('',#1958);
#1761=PLANE('',#1959);
#1762=PLANE('',#1960);
#1763=PLANE('',#1961);
#1764=PLANE('',#1962);
#1765=PLANE('',#1963);
#1766=PLANE('',#1964);
#1767=PLANE('',#1965);
#1768=PLANE('',#1966);
#1769=PLANE('',#1967);
#1770=PLANE('',#1968);
#1771=PLANE('',#1969);
#1772=PLANE('',#1970);
#1773=PLANE('',#1973);
#1774=PLANE('',#1976);
#1775=ADVANCED_FACE('',(#62),#1699,.T.);
#1776=ADVANCED_FACE('',(#63),#57,.T.);
#1777=ADVANCED_FACE('',(#64),#1700,.T.);
#1778=ADVANCED_FACE('',(#65,#34),#1701,.F.);
#1779=ADVANCED_FACE('',(#66),#1702,.T.);
#1780=ADVANCED_FACE('',(#67),#30,.T.);
#1781=ADVANCED_FACE('',(#68),#1703,.T.);
#1782=ADVANCED_FACE('',(#69),#31,.T.);
#1783=ADVANCED_FACE('',(#70),#1704,.T.);
#1784=ADVANCED_FACE('',(#71),#32,.T.);
#1785=ADVANCED_FACE('',(#72),#1705,.T.);
#1786=ADVANCED_FACE('',(#73),#33,.T.);
#1787=ADVANCED_FACE('',(#74),#26,.T.);
#1788=ADVANCED_FACE('',(#75),#1706,.T.);
#1789=ADVANCED_FACE('',(#76),#27,.T.);
#1790=ADVANCED_FACE('',(#77),#1707,.T.);
#1791=ADVANCED_FACE('',(#78),#1708,.F.);
#1792=ADVANCED_FACE('',(#79),#1709,.F.);
#1793=ADVANCED_FACE('',(#80),#1710,.F.);
#1794=ADVANCED_FACE('',(#81),#1711,.F.);
#1795=ADVANCED_FACE('',(#82),#1712,.F.);
#1796=ADVANCED_FACE('',(#83),#1713,.T.);
#1797=ADVANCED_FACE('',(#84),#1714,.T.);
#1798=ADVANCED_FACE('',(#85),#1715,.T.);
#1799=ADVANCED_FACE('',(#86),#1716,.T.);
#1800=ADVANCED_FACE('',(#87),#1717,.T.);
#1801=ADVANCED_FACE('',(#88),#1718,.T.);
#1802=ADVANCED_FACE('',(#89),#1719,.T.);
#1803=ADVANCED_FACE('',(#90),#1720,.T.);
#1804=ADVANCED_FACE('',(#91),#1721,.T.);
#1805=ADVANCED_FACE('',(#92),#1722,.T.);
#1806=ADVANCED_FACE('',(#93),#1723,.T.);
#1807=ADVANCED_FACE('',(#94),#1724,.T.);
#1808=ADVANCED_FACE('',(#95),#15,.T.);
#1809=ADVANCED_FACE('',(#96),#1725,.T.);
#1810=ADVANCED_FACE('',(#97),#1726,.T.);
#1811=ADVANCED_FACE('',(#98),#1727,.T.);
#1812=ADVANCED_FACE('',(#99),#1728,.T.);
#1813=ADVANCED_FACE('',(#100),#1729,.T.);
#1814=ADVANCED_FACE('',(#101),#16,.T.);
#1815=ADVANCED_FACE('',(#102),#1730,.T.);
#1816=ADVANCED_FACE('',(#103),#1731,.T.);
#1817=ADVANCED_FACE('',(#104),#1732,.T.);
#1818=ADVANCED_FACE('',(#105),#1733,.T.);
#1819=ADVANCED_FACE('',(#106),#1734,.T.);
#1820=ADVANCED_FACE('',(#107),#1735,.T.);
#1821=ADVANCED_FACE('',(#108),#1736,.T.);
#1822=ADVANCED_FACE('',(#109),#1737,.T.);
#1823=ADVANCED_FACE('',(#110),#1738,.T.);
#1824=ADVANCED_FACE('',(#111),#1739,.T.);
#1825=ADVANCED_FACE('',(#112),#1740,.T.);
#1826=ADVANCED_FACE('',(#113),#1741,.T.);
#1827=ADVANCED_FACE('',(#114),#1742,.T.);
#1828=ADVANCED_FACE('',(#115),#1743,.T.);
#1829=ADVANCED_FACE('',(#116),#1744,.T.);
#1830=ADVANCED_FACE('',(#117),#1745,.T.);
#1831=ADVANCED_FACE('',(#118),#1746,.T.);
#1832=ADVANCED_FACE('',(#119),#1747,.T.);
#1833=ADVANCED_FACE('',(#120),#1748,.T.);
#1834=ADVANCED_FACE('',(#121),#1749,.T.);
#1835=ADVANCED_FACE('',(#122),#1750,.T.);
#1836=ADVANCED_FACE('',(#123),#1751,.T.);
#1837=ADVANCED_FACE('',(#124),#1752,.T.);
#1838=ADVANCED_FACE('',(#125),#1753,.T.);
#1839=ADVANCED_FACE('',(#126),#1754,.T.);
#1840=ADVANCED_FACE('',(#127,#35,#36,#37,#38,#39,#40,#41,#42,#43),#17,.T.);
#1841=ADVANCED_FACE('',(#128),#1755,.T.);
#1842=ADVANCED_FACE('',(#129),#1756,.T.);
#1843=ADVANCED_FACE('',(#130),#1757,.T.);
#1844=ADVANCED_FACE('',(#131),#1758,.T.);
#1845=ADVANCED_FACE('',(#132),#1759,.T.);
#1846=ADVANCED_FACE('',(#133),#1760,.T.);
#1847=ADVANCED_FACE('',(#134),#1761,.T.);
#1848=ADVANCED_FACE('',(#135),#1762,.T.);
#1849=ADVANCED_FACE('',(#136),#1763,.T.);
#1850=ADVANCED_FACE('',(#137),#1764,.T.);
#1851=ADVANCED_FACE('',(#138),#1765,.T.);
#1852=ADVANCED_FACE('',(#139),#1766,.T.);
#1853=ADVANCED_FACE('',(#140),#1767,.T.);
#1854=ADVANCED_FACE('',(#141),#58,.T.);
#1855=ADVANCED_FACE('',(#142),#1768,.T.);
#1856=ADVANCED_FACE('',(#143),#59,.T.);
#1857=ADVANCED_FACE('',(#144),#1769,.T.);
#1858=ADVANCED_FACE('',(#145),#60,.T.);
#1859=ADVANCED_FACE('',(#146),#1770,.T.);
#1860=ADVANCED_FACE('',(#147),#61,.T.);
#1861=ADVANCED_FACE('',(#148),#1771,.T.);
#1862=ADVANCED_FACE('',(#149),#1772,.T.);
#1863=ADVANCED_FACE('',(#150),#28,.T.);
#1864=ADVANCED_FACE('',(#151),#1773,.T.);
#1865=ADVANCED_FACE('',(#152),#29,.T.);
#1866=ADVANCED_FACE('',(#153,#44),#1774,.T.);
#1867=CLOSED_SHELL('',(#1775,#1776,#1777,#1778,#1779,#1780,#1781,#1782,
#1783,#1784,#1785,#1786,#1787,#1788,#1789,#1790,#1791,#1792,#1793,#1794,
#1795,#1796,#1797,#1798,#1799,#1800,#1801,#1802,#1803,#1804,#1805,#1806,
#1807,#1808,#1809,#1810,#1811,#1812,#1813,#1814,#1815,#1816,#1817,#1818,
#1819,#1820,#1821,#1822,#1823,#1824,#1825,#1826,#1827,#1828,#1829,#1830,
#1831,#1832,#1833,#1834,#1835,#1836,#1837,#1838,#1839,#1840,#1841,#1842,
#1843,#1844,#1845,#1846,#1847,#1848,#1849,#1850,#1851,#1852,#1853,#1854,
#1855,#1856,#1857,#1858,#1859,#1860,#1861,#1862,#1863,#1864,#1865,#1866));
#1868=DERIVED_UNIT_ELEMENT(#1870,1.);
#1869=DERIVED_UNIT_ELEMENT(#4739,-3.);
#1870=(
MASS_UNIT()
NAMED_UNIT(*)
SI_UNIT(.KILO.,.GRAM.)
);
#1871=DERIVED_UNIT((#1868,#1869));
#1872=MEASURE_REPRESENTATION_ITEM('density measure',
POSITIVE_RATIO_MEASURE(7850.),#1871);
#1873=PROPERTY_DEFINITION_REPRESENTATION(#1878,#1875);
#1874=PROPERTY_DEFINITION_REPRESENTATION(#1879,#1876);
#1875=REPRESENTATION('material name',(#1877),#4736);
#1876=REPRESENTATION('density',(#1872),#4736);
#1877=DESCRIPTIVE_REPRESENTATION_ITEM('Steel','Steel');
#1878=PROPERTY_DEFINITION('material property','material name',#4746);
#1879=PROPERTY_DEFINITION('material property','density of part',#4746);
#1880=AXIS2_PLACEMENT_3D('',#2365,#1977,#1978);
#1881=AXIS2_PLACEMENT_3D('',#2366,#1979,#1980);
#1882=AXIS2_PLACEMENT_3D('',#2888,#1984,#1985);
#1883=AXIS2_PLACEMENT_3D('',#2936,#2010,#2011);
#1884=AXIS2_PLACEMENT_3D('',#2941,#2013,#2014);
#1885=AXIS2_PLACEMENT_3D('',#2945,#2016,#2017);
#1886=AXIS2_PLACEMENT_3D('',#2949,#2019,#2020);
#1887=AXIS2_PLACEMENT_3D('',#2952,#2022,#2023);
#1888=AXIS2_PLACEMENT_3D('',#2953,#2024,#2025);
#1889=AXIS2_PLACEMENT_3D('',#2959,#2029,#2030);
#1890=AXIS2_PLACEMENT_3D('',#2962,#2032,#2033);
#1891=AXIS2_PLACEMENT_3D('',#2963,#2034,#2035);
#1892=AXIS2_PLACEMENT_3D('',#2967,#2038,#2039);
#1893=AXIS2_PLACEMENT_3D('',#2970,#2041,#2042);
#1894=AXIS2_PLACEMENT_3D('',#2971,#2043,#2044);
#1895=AXIS2_PLACEMENT_3D('',#2975,#2047,#2048);
#1896=AXIS2_PLACEMENT_3D('',#2978,#2050,#2051);
#1897=AXIS2_PLACEMENT_3D('',#2979,#2052,#2053);
#1898=AXIS2_PLACEMENT_3D('',#2983,#2056,#2057);
#1899=AXIS2_PLACEMENT_3D('',#2984,#2058,#2059);
#1900=AXIS2_PLACEMENT_3D('',#2985,#2060,#2061);
#1901=AXIS2_PLACEMENT_3D('',#2989,#2063,#2064);
#1902=AXIS2_PLACEMENT_3D('',#2991,#2066,#2067);
#1903=AXIS2_PLACEMENT_3D('',#2995,#2070,#2071);
#1904=AXIS2_PLACEMENT_3D('',#2998,#2073,#2074);
#1905=AXIS2_PLACEMENT_3D('',#2999,#2075,#2076);
#1906=AXIS2_PLACEMENT_3D('',#3003,#2079,#2080);
#1907=AXIS2_PLACEMENT_3D('',#3012,#2085,#2086);
#1908=AXIS2_PLACEMENT_3D('',#3018,#2090,#2091);
#1909=AXIS2_PLACEMENT_3D('',#3024,#2095,#2096);
#1910=AXIS2_PLACEMENT_3D('',#3033,#2101,#2102);
#1911=AXIS2_PLACEMENT_3D('',#3036,#2105,#2106);
#1912=AXIS2_PLACEMENT_3D('',#3045,#2111,#2112);
#1913=AXIS2_PLACEMENT_3D('',#3054,#2117,#2118);
#1914=AXIS2_PLACEMENT_3D('',#3057,#2121,#2122);
#1915=AXIS2_PLACEMENT_3D('',#3066,#2127,#2128);
#1916=AXIS2_PLACEMENT_3D('',#3072,#2132,#2133);
#1917=AXIS2_PLACEMENT_3D('',#3078,#2137,#2138);
#1918=AXIS2_PLACEMENT_3D('',#3084,#2142,#2143);
#1919=AXIS2_PLACEMENT_3D('',#3090,#2147,#2148);
#1920=AXIS2_PLACEMENT_3D('',#3092,#2150,#2151);
#1921=AXIS2_PLACEMENT_3D('',#3190,#2156,#2157);
#1922=AXIS2_PLACEMENT_3D('',#3250,#2162,#2163);
#1923=AXIS2_PLACEMENT_3D('',#3332,#2169,#2170);
#1924=AXIS2_PLACEMENT_3D('',#3335,#2173,#2174);
#1925=AXIS2_PLACEMENT_3D('',#3336,#2175,#2176);
#1926=AXIS2_PLACEMENT_3D('',#3454,#2181,#2182);
#1927=AXIS2_PLACEMENT_3D('',#3459,#2186,#2187);
#1928=AXIS2_PLACEMENT_3D('',#3499,#2192,#2193);
#1929=AXIS2_PLACEMENT_3D('',#3502,#2196,#2197);
#1930=AXIS2_PLACEMENT_3D('',#3503,#2198,#2199);
#1931=AXIS2_PLACEMENT_3D('',#3520,#2200,#2201);
#1932=AXIS2_PLACEMENT_3D('',#3538,#2204,#2205);
#1933=AXIS2_PLACEMENT_3D('',#3554,#2207,#2208);
#1934=AXIS2_PLACEMENT_3D('',#3569,#2210,#2211);
#1935=AXIS2_PLACEMENT_3D('',#3586,#2212,#2213);
#1936=AXIS2_PLACEMENT_3D('',#3595,#2216,#2217);
#1937=AXIS2_PLACEMENT_3D('',#3606,#2220,#2221);
#1938=AXIS2_PLACEMENT_3D('',#3619,#2224,#2225);
#1939=AXIS2_PLACEMENT_3D('',#3631,#2227,#2228);
#1940=AXIS2_PLACEMENT_3D('',#3662,#2246,#2247);
#1941=AXIS2_PLACEMENT_3D('',#3714,#2250,#2251);
#1942=AXIS2_PLACEMENT_3D('',#3753,#2253,#2254);
#1943=AXIS2_PLACEMENT_3D('',#3769,#2256,#2257);
#1944=AXIS2_PLACEMENT_3D('',#3798,#2258,#2259);
#1945=AXIS2_PLACEMENT_3D('',#3807,#2262,#2263);
#1946=AXIS2_PLACEMENT_3D('',#3816,#2265,#2266);
#1947=AXIS2_PLACEMENT_3D('',#3825,#2268,#2269);
#1948=AXIS2_PLACEMENT_3D('',#3836,#2270,#2271);
#1949=AXIS2_PLACEMENT_3D('',#3847,#2274,#2275);
#1950=AXIS2_PLACEMENT_3D('',#3860,#2277,#2278);
#1951=AXIS2_PLACEMENT_3D('',#3880,#2281,#2282);
#1952=AXIS2_PLACEMENT_3D('',#3892,#2283,#2284);
#1953=AXIS2_PLACEMENT_3D('',#4378,#2287,#2288);
#1954=AXIS2_PLACEMENT_3D('',#4381,#2291,#2292);
#1955=AXIS2_PLACEMENT_3D('',#4383,#2294,#2295);
#1956=AXIS2_PLACEMENT_3D('',#4386,#2298,#2299);
#1957=AXIS2_PLACEMENT_3D('',#4387,#2300,#2301);
#1958=AXIS2_PLACEMENT_3D('',#4388,#2302,#2303);
#1959=AXIS2_PLACEMENT_3D('',#4391,#2306,#2307);
#1960=AXIS2_PLACEMENT_3D('',#4393,#2309,#2310);
#1961=AXIS2_PLACEMENT_3D('',#4395,#2312,#2313);
#1962=AXIS2_PLACEMENT_3D('',#4396,#2314,#2315);
#1963=AXIS2_PLACEMENT_3D('',#4399,#2318,#2319);
#1964=AXIS2_PLACEMENT_3D('',#4401,#2321,#2322);
#1965=AXIS2_PLACEMENT_3D('',#4403,#2324,#2325);
#1966=AXIS2_PLACEMENT_3D('',#4465,#2328,#2329);
#1967=AXIS2_PLACEMENT_3D('',#4528,#2333,#2334);
#1968=AXIS2_PLACEMENT_3D('',#4663,#2338,#2339);
#1969=AXIS2_PLACEMENT_3D('',#4717,#2343,#2344);
#1970=AXIS2_PLACEMENT_3D('',#4719,#2346,#2347);
#1971=AXIS2_PLACEMENT_3D('',#4723,#2350,#2351);
#1972=AXIS2_PLACEMENT_3D('',#4725,#2352,#2353);
#1973=AXIS2_PLACEMENT_3D('',#4727,#2355,#2356);
#1974=AXIS2_PLACEMENT_3D('',#4731,#2359,#2360);
#1975=AXIS2_PLACEMENT_3D('',#4732,#2361,#2362);
#1976=AXIS2_PLACEMENT_3D('',#4733,#2363,#2364);
#1977=DIRECTION('axis',(0.,0.,1.));
#1978=DIRECTION('refdir',(1.,0.,0.));
#1979=DIRECTION('center_axis',(0.010948855687586,0.707022009953815,-0.707106781186547));
#1980=DIRECTION('ref_axis',(-0.999880144110728,0.,-0.0154821643548387));
#1981=DIRECTION('',(0.999880115372971,-0.0154840202058499,0.));
#1982=DIRECTION('',(-0.0131636942798844,-0.706985976207411,-0.707105046367907));
#1983=DIRECTION('',(-0.999880115372971,0.0154840202058499,0.));
#1984=DIRECTION('center_axis',(0.0154840202058499,0.999880115372971,0.));
#1985=DIRECTION('ref_axis',(-0.999880115372971,0.0154840202058499,0.));
#1986=DIRECTION('',(0.,0.,1.));
#1987=DIRECTION('',(0.999880115372971,-0.0154840202058499,-1.37773615741635E-15));
#1988=DIRECTION('',(-0.809272056303576,0.0125322873004231,0.587300332590747));
#1989=DIRECTION('',(0.,0.,1.));
#1990=DIRECTION('',(-0.999880115372971,0.0154840202058499,0.));
#1991=DIRECTION('',(0.809272056303575,-0.0125322873004231,-0.587300332590747));
#1992=DIRECTION('',(0.999880115372971,-0.0154840202058499,-1.37764054768517E-15));
#1993=DIRECTION('',(-0.809272056303576,0.0125322873004231,0.587300332590747));
#1994=DIRECTION('',(-0.999880115372971,0.0154840202058499,0.));
#1995=DIRECTION('',(0.809272056303575,-0.0125322873004231,-0.587300332590748));
#1996=DIRECTION('',(0.999682325315085,-0.0154809572533962,-0.019889404594977));
#1997=DIRECTION('',(-0.809272056303576,0.0125322873004231,0.587300332590747));
#1998=DIRECTION('',(-0.999880115372971,0.0154840202058499,0.));
#1999=DIRECTION('',(0.809272056303575,-0.0125322873004231,-0.587300332590747));
#2000=DIRECTION('',(0.999682325315085,-0.0154809572533962,-0.019889404594977));
#2001=DIRECTION('',(-0.809272056303576,0.0125322873004231,0.587300332590747));
#2002=DIRECTION('',(-0.999880115372971,0.0154840202058499,0.));
#2003=DIRECTION('',(0.809272056303575,-0.0125322873004231,-0.587300332590747));
#2004=DIRECTION('',(0.999682325315085,-0.0154809572533962,-0.019889404594977));
#2005=DIRECTION('',(-0.809272056303576,0.0125322873004231,0.587300332590747));
#2006=DIRECTION('',(-0.999880115372971,0.0154840202058499,0.));
#2007=DIRECTION('',(0.809272056303575,-0.0125322873004231,-0.587300332590747));
#2008=DIRECTION('',(0.999682325315085,-0.0154809572533962,-0.019889404594977));
#2009=DIRECTION('',(0.,0.,-1.));
#2010=DIRECTION('center_axis',(0.,0.,1.));
#2011=DIRECTION('ref_axis',(1.,0.,0.));
#2012=DIRECTION('',(-0.499595985406163,-0.86625853609996,0.));
#2013=DIRECTION('center_axis',(0.,0.,1.));
#2014=DIRECTION('ref_axis',(-1.87504333047803E-15,1.,0.));
#2015=DIRECTION('',(-1.,0.,0.));
#2016=DIRECTION('center_axis',(0.,0.,1.));
#2017=DIRECTION('ref_axis',(0.939692620785909,0.342020143325668,0.));
#2018=DIRECTION('',(-0.342020143325669,0.939692620785909,0.));
#2019=DIRECTION('center_axis',(0.,0.,1.));
#2020=DIRECTION('ref_axis',(-7.72329060608805E-16,-1.,0.));
#2021=DIRECTION('',(1.,1.05674634768025E-16,0.));
#2022=DIRECTION('center_axis',(0.,0.,1.));
#2023=DIRECTION('ref_axis',(-0.866258536099959,0.499595985406164,0.));
#2024=DIRECTION('center_axis',(-0.612537285137013,0.353267709134274,-0.707106781186548));
#2025=DIRECTION('ref_axis',(-0.755841737415732,0.,0.654754356977002));
#2026=DIRECTION('',(0.612537285137014,-0.353267709134272,-0.707106781186547));
#2027=DIRECTION('',(-0.612537285137013,0.353267709134275,0.707106781186547));
#2028=DIRECTION('',(0.499595985406163,0.86625853609996,0.));
#2029=DIRECTION('center_axis',(0.,0.,1.));
#2030=DIRECTION('ref_axis',(-1.87504333047803E-15,1.,0.));
#2031=DIRECTION('',(1.57009245868378E-15,-0.707106781186546,-0.707106781186549));
#2032=DIRECTION('center_axis',(0.,0.,-1.));
#2033=DIRECTION('ref_axis',(-1.87504333047803E-15,1.,0.));
#2034=DIRECTION('center_axis',(0.,0.707106781186547,-0.707106781186548));
#2035=DIRECTION('ref_axis',(-1.,0.,0.));
#2036=DIRECTION('',(0.,-0.707106781186548,-0.707106781186547));
#2037=DIRECTION('',(1.,0.,0.));
#2038=DIRECTION('center_axis',(0.,0.,1.));
#2039=DIRECTION('ref_axis',(0.939692620785909,0.342020143325668,0.));
#2040=DIRECTION('',(-0.664463024388675,-0.241844762647973,-0.707106781186548));
#2041=DIRECTION('center_axis',(0.,0.,-1.));
#2042=DIRECTION('ref_axis',(0.939692620785909,0.342020143325668,0.));
#2043=DIRECTION('center_axis',(0.664463024388675,0.241844762647975,-0.707106781186548));
#2044=DIRECTION('ref_axis',(-0.728739444818683,0.,-0.684791078771736));
#2045=DIRECTION('',(-0.664463024388675,-0.241844762647975,-0.707106781186547));
#2046=DIRECTION('',(0.342020143325669,-0.939692620785909,0.));
#2047=DIRECTION('center_axis',(0.,0.,1.));
#2048=DIRECTION('ref_axis',(-7.72329060608805E-16,-1.,0.));
#2049=DIRECTION('',(0.,0.707106781186547,-0.707106781186548));
#2050=DIRECTION('center_axis',(0.,0.,-1.));
#2051=DIRECTION('ref_axis',(-7.72329060608805E-16,-1.,0.));
#2052=DIRECTION('center_axis',(7.47232508438824E-17,-0.707106781186548,
-0.707106781186547));
#2053=DIRECTION('ref_axis',(-1.,0.,-1.05674634768025E-16));
#2054=DIRECTION('',(0.,0.707106781186547,-0.707106781186548));
#2055=DIRECTION('',(-1.,-1.05674634768025E-16,0.));
#2056=DIRECTION('center_axis',(0.,0.,1.));
#2057=DIRECTION('ref_axis',(-0.866258536099959,0.499595985406164,0.));
#2058=DIRECTION('center_axis',(0.,0.,-1.));
#2059=DIRECTION('ref_axis',(-0.866258536099959,0.499595985406164,0.));
#2060=DIRECTION('center_axis',(0.,0.,1.));
#2061=DIRECTION('ref_axis',(0.939692620785909,0.342020143325668,0.));
#2062=DIRECTION('',(0.,0.,1.));
#2063=DIRECTION('center_axis',(0.,0.,1.));
#2064=DIRECTION('ref_axis',(0.939692620785909,0.342020143325668,0.));
#2065=DIRECTION('',(0.,0.,1.));
#2066=DIRECTION('center_axis',(0.,1.,0.));
#2067=DIRECTION('ref_axis',(-1.,0.,0.));
#2068=DIRECTION('',(0.,0.,1.));
#2069=DIRECTION('',(-1.,0.,0.));
#2070=DIRECTION('center_axis',(0.,0.,1.));
#2071=DIRECTION('ref_axis',(-1.87504333047803E-15,1.,0.));
#2072=DIRECTION('',(0.,0.,1.));
#2073=DIRECTION('center_axis',(0.,0.,1.));
#2074=DIRECTION('ref_axis',(-1.87504333047803E-15,1.,0.));
#2075=DIRECTION('center_axis',(-0.866258536099959,0.499595985406163,0.));
#2076=DIRECTION('ref_axis',(-0.499595985406163,-0.86625853609996,0.));
#2077=DIRECTION('',(0.,0.,-1.));
#2078=DIRECTION('',(-0.499595985406163,-0.86625853609996,0.));
#2079=DIRECTION('center_axis',(0.00950904315331409,0.456414381298558,0.889716522630755));
#2080=DIRECTION('ref_axis',(0.999942891188111,0.,-0.0106871119747695));
#2081=DIRECTION('',(-0.0137764294405878,-0.889612509182833,0.45650826224428));
#2082=DIRECTION('',(0.999876352957009,-0.0154839617065156,-0.00274330590006316));
#2083=DIRECTION('',(-0.013776429440588,-0.889612509182833,0.45650826224428));
#2084=DIRECTION('',(0.999783038015607,-0.0208297118627008,-1.11022302462516E-16));
#2085=DIRECTION('center_axis',(0.0208297118627008,0.999783038015607,0.));
#2086=DIRECTION('ref_axis',(0.,0.,1.));
#2087=DIRECTION('',(0.,0.,1.));
#2088=DIRECTION('',(-8.59535774271387E-18,-5.55044962977985E-16,1.));
#2089=DIRECTION('',(0.999783038015607,-0.0208297118627008,-1.48029736616689E-16));
#2090=DIRECTION('center_axis',(0.019573559256368,0.939490313985206,-0.342015826689374));
#2091=DIRECTION('ref_axis',(0.,0.342081362795077,0.93967033646288));
#2092=DIRECTION('',(0.00529584672969702,0.341979140369595,0.939692620785908));
#2093=DIRECTION('',(0.00529584672969821,0.341979140369594,0.939692620785909));
#2094=DIRECTION('',(0.999783038015607,-0.0208297118627009,0.));
#2095=DIRECTION('center_axis',(0.,0.,1.));
#2096=DIRECTION('ref_axis',(1.,0.,0.));
#2097=DIRECTION('',(-0.0154840199709265,-0.999880115376608,0.));
#2098=DIRECTION('',(0.999783038032889,-0.0208297110332046,6.14803767932922E-18));
#2099=DIRECTION('',(-0.0154840199708928,-0.999880115376609,0.));
#2100=DIRECTION('',(0.999880115376609,-0.0154840199708808,0.));
#2101=DIRECTION('center_axis',(-0.0154840199708808,-0.999880115376609,-1.78692621175814E-17));
#2102=DIRECTION('ref_axis',(0.,1.78714046241942E-17,-1.));
#2103=DIRECTION('',(1.49723920799408E-15,-2.31860614500107E-17,-1.));
#2104=DIRECTION('',(9.1400836798987E-16,-1.41542206969251E-17,-1.));
#2105=DIRECTION('center_axis',(-0.811155360989224,0.474393509544484,0.342020143325667));
#2106=DIRECTION('ref_axis',(-0.295236406765532,0.172665116803271,-0.939692620785909));
#2107=DIRECTION('',(-0.295236406765532,0.172665116803271,-0.939692620785909));
#2108=DIRECTION('',(-0.504839028264079,-0.863213505189406,0.));
#2109=DIRECTION('',(-0.295236406765532,0.172665116803271,-0.939692620785909));
#2110=DIRECTION('',(-0.504839028264079,-0.863213505189406,0.));
#2111=DIRECTION('center_axis',(-0.394064097199804,0.230463187505923,-0.889719172830794));
#2112=DIRECTION('ref_axis',(0.768017605813489,-0.449164962639819,-0.456508262244274));
#2113=DIRECTION('',(0.768017605813489,-0.449164962639819,-0.456508262244274));
#2114=DIRECTION('',(0.50483902826408,0.863213505189405,-3.43154717910054E-16));
#2115=DIRECTION('',(0.768017605813489,-0.449164962639819,-0.456508262244274));
#2116=DIRECTION('',(-0.504839028264079,-0.863213505189406,0.));
#2117=DIRECTION('center_axis',(-0.863213505189406,0.504839028264079,0.));
#2118=DIRECTION('ref_axis',(0.,0.,-1.));
#2119=DIRECTION('',(0.,0.,-1.));
#2120=DIRECTION('',(0.,0.,-1.));
#2121=DIRECTION('center_axis',(0.88783177334481,0.307858675042462,0.342020143325667));
#2122=DIRECTION('ref_axis',(-0.323144338533287,-0.112051394076087,0.939692620785909));
#2123=DIRECTION('',(0.323144338533287,0.112051394076087,-0.939692620785909));
#2124=DIRECTION('',(0.327616359044071,-0.944810838891419,2.22044604925031E-15));
#2125=DIRECTION('',(-0.323144338533287,-0.112051394076087,0.939692620785909));
#2126=DIRECTION('',(0.327616359044071,-0.944810838891419,2.22044604925031E-15));
#2127=DIRECTION('center_axis',(0.944810838891419,0.327616359044071,0.));
#2128=DIRECTION('ref_axis',(0.,0.,1.));
#2129=DIRECTION('',(0.,0.,-1.));
#2130=DIRECTION('',(9.86076131526265E-32,0.,1.));
#2131=DIRECTION('',(0.327616359044071,-0.944810838891419,2.22044604925031E-15));
#2132=DIRECTION('center_axis',(0.431313954211872,0.149559574750002,-0.889719172830797));
#2133=DIRECTION('ref_axis',(0.840616318060045,0.291486555974529,0.456508262244269));
#2134=DIRECTION('',(-0.840616318060045,-0.291486555974529,-0.456508262244269));
#2135=DIRECTION('',(0.840616318060045,0.291486555974529,0.456508262244269));
#2136=DIRECTION('',(0.327616359044108,-0.944810838891406,2.22426648972607E-14));
#2137=DIRECTION('center_axis',(-0.999880115376609,0.0154840199708829,0.));
#2138=DIRECTION('ref_axis',(-0.0154840199708829,-0.999880115376609,0.));
#2139=DIRECTION('',(0.0154840199708829,0.999880115376609,0.));
#2140=DIRECTION('',(-0.0154840199708829,-0.999880115376609,0.));
#2141=DIRECTION('',(0.,0.,1.));
#2142=DIRECTION('center_axis',(0.999880115376609,-0.0154840199708804,0.));
#2143=DIRECTION('ref_axis',(0.0154840199708804,0.999880115376609,0.));
#2144=DIRECTION('',(-0.0154840199708804,-0.999880115376609,0.));
#2145=DIRECTION('',(0.,0.,1.));
#2146=DIRECTION('',(0.0154840199708809,0.999880115376609,0.));
#2147=DIRECTION('center_axis',(0.,0.,1.));
#2148=DIRECTION('ref_axis',(1.,0.,0.));
#2149=DIRECTION('',(-0.999880115376609,0.0154840199708809,0.));
#2150=DIRECTION('center_axis',(0.,0.,1.));
#2151=DIRECTION('ref_axis',(-1.,0.,0.));
#2152=DIRECTION('',(-0.999880115376609,0.0154840199708809,0.));
#2153=DIRECTION('',(-0.863213505189406,0.50483902826408,0.));
#2154=DIRECTION('',(-0.50483902826408,-0.863213505189405,0.));
#2155=DIRECTION('',(0.999783038032889,-0.0208297110332046,6.14803767932922E-18));
#2156=DIRECTION('center_axis',(0.,0.,1.));
#2157=DIRECTION('ref_axis',(-1.,0.,0.));
#2158=DIRECTION('',(0.999783038032889,-0.0208297110332046,6.14803767932922E-18));
#2159=DIRECTION('',(-0.327616359044108,0.944810838891406,0.));
#2160=DIRECTION('',(-0.944810838891417,-0.327616359044075,0.));
#2161=DIRECTION('',(-0.999880115376609,0.0154840199708809,0.));
#2162=DIRECTION('center_axis',(0.504839028264079,0.863213505189406,0.));
#2163=DIRECTION('ref_axis',(-0.863213505189406,0.504839028264079,0.));
#2164=DIRECTION('',(0.863213505189406,-0.504839028264079,0.));
#2165=DIRECTION('',(0.,0.,1.));
#2166=DIRECTION('',(-0.863213505189406,0.504839028264079,0.));
#2167=DIRECTION('',(0.,0.,1.));
#2168=DIRECTION('',(0.,0.,1.));
#2169=DIRECTION('center_axis',(-0.50483902826408,-0.863213505189406,0.));
#2170=DIRECTION('ref_axis',(0.863213505189406,-0.50483902826408,0.));
#2171=DIRECTION('',(-0.863213505189406,0.504839028264079,-3.70074341541718E-15));
#2172=DIRECTION('',(0.,0.,-1.));
#2173=DIRECTION('center_axis',(0.,0.,1.));
#2174=DIRECTION('ref_axis',(-1.,0.,0.));
#2175=DIRECTION('center_axis',(0.,0.,1.));
#2176=DIRECTION('ref_axis',(-1.,0.,0.));
#2177=DIRECTION('',(0.944810838891419,0.327616359044072,0.));
#2178=DIRECTION('',(-0.327616359044108,0.944810838891406,0.));
#2179=DIRECTION('',(-1.,0.,0.));
#2180=DIRECTION('',(-0.50483902826408,-0.863213505189405,0.));
#2181=DIRECTION('center_axis',(0.327616359044075,-0.944810838891417,0.));
#2182=DIRECTION('ref_axis',(0.944810838891417,0.327616359044075,0.));
#2183=DIRECTION('',(-7.27454450109263E-16,2.0979014945053E-15,1.));
#2184=DIRECTION('',(0.944810838891417,0.327616359044075,0.));
#2185=DIRECTION('',(0.,0.,1.));
#2186=DIRECTION('center_axis',(-0.944375928933056,-0.328867913989534,0.));
#2187=DIRECTION('ref_axis',(0.328867913989534,-0.944375928933056,0.));
#2188=DIRECTION('',(-0.328867913989534,0.944375928933056,0.));
#2189=DIRECTION('',(0.328867913989534,-0.944375928933056,0.));
#2190=DIRECTION('',(0.,0.,1.));
#2191=DIRECTION('',(0.,0.,1.));
#2192=DIRECTION('center_axis',(-0.327616359044072,0.944810838891418,0.));
#2193=DIRECTION('ref_axis',(-0.944810838891419,-0.327616359044072,0.));
#2194=DIRECTION('',(0.944810838891419,0.327616359044071,0.));
#2195=DIRECTION('',(7.27454450109263E-16,-2.0979014945053E-15,-1.));
#2196=DIRECTION('center_axis',(0.,0.,1.));
#2197=DIRECTION('ref_axis',(-1.,0.,0.));
#2198=DIRECTION('center_axis',(0.,0.,1.));
#2199=DIRECTION('ref_axis',(-1.,0.,0.));
#2200=DIRECTION('center_axis',(0.560794212261495,0.314142901655514,0.766044443118977));
#2201=DIRECTION('ref_axis',(-0.403877951604742,-0.703886056213409,0.584317567830962));
#2202=DIRECTION('',(0.488719597144549,-0.872440917980621,6.105919112897E-17));
#2203=DIRECTION('',(0.488719597144549,-0.872440917980621,6.105919112897E-17));
#2204=DIRECTION('center_axis',(-3.5182722189071E-15,-1.90086154392979E-15,
1.));
#2205=DIRECTION('ref_axis',(-0.484721990684737,-0.874668275260185,-3.36800720185693E-15));
#2206=DIRECTION('',(0.488719597144549,-0.872440917980621,6.105919112897E-17));
#2207=DIRECTION('center_axis',(-1.39105225238522E-15,-8.49219325059384E-16,
-1.));
#2208=DIRECTION('ref_axis',(0.504094933254891,0.863648249153987,-1.43464917555546E-15));
#2209=DIRECTION('',(0.488719597144549,-0.872440917980621,6.105919112897E-17));
#2210=DIRECTION('center_axis',(-0.560794212261495,-0.314142901655514,-0.766044443118976));
#2211=DIRECTION('ref_axis',(0.296374466172358,0.787751002423143,-0.540009753599305));
#2212=DIRECTION('center_axis',(-0.0200645184053726,-0.011239641733758,-0.999735507799366));
#2213=DIRECTION('ref_axis',(0.570612293466885,0.820959117723457,-0.0206818174052705));
#2214=DIRECTION('',(0.488719597144549,-0.872440917980621,6.14745597761059E-17));
#2215=DIRECTION('',(0.488719597144549,-0.872440917980621,6.14745597761059E-17));
#2216=DIRECTION('center_axis',(-0.560794212261496,-0.314142901655514,-0.766044443118976));
#2217=DIRECTION('ref_axis',(0.420674846931336,0.688790700467868,-0.590423614118101));
#2218=DIRECTION('',(0.809272056268429,-0.0125322871096566,-0.587300332643248));
#2219=DIRECTION('',(0.488719597144549,-0.872440917980621,6.14745597761059E-17));
#2220=DIRECTION('center_axis',(0.560794212261495,0.314142901655514,0.766044443118977));
#2221=DIRECTION('ref_axis',(-0.495919118917801,-0.613447881715544,0.61461038382906));
#2222=DIRECTION('',(0.488719597144549,-0.872440917980621,6.14745597761059E-17));
#2223=DIRECTION('',(-0.809272056268429,0.0125322871096566,0.587300332643248));
#2224=DIRECTION('center_axis',(-3.51568601289891E-15,-1.89893671650482E-15,
1.));
#2225=DIRECTION('ref_axis',(-0.522158450972167,-0.85284849303868,-3.45525047964676E-15));
#2226=DIRECTION('',(-0.999880115376609,0.0154840199708809,-3.48586136216349E-15));
#2227=DIRECTION('center_axis',(0.0154840199708809,0.999880115376609,0.));
#2228=DIRECTION('ref_axis',(-0.999880115376609,0.0154840199708809,0.));
#2229=DIRECTION('',(-0.809272056268429,0.0125322871096566,0.587300332643248));
#2230=DIRECTION('',(-0.999880115376609,0.0154840199708809,-3.48581074200842E-15));
#2231=DIRECTION('',(0.809272056268429,-0.0125322871096566,-0.587300332643248));
#2232=DIRECTION('',(-0.809272056268429,0.0125322871096566,0.587300332643248));
#2233=DIRECTION('',(-0.999880115376609,0.0154840199708809,-3.48575825465846E-15));
#2234=DIRECTION('',(0.809272056268429,-0.0125322871096566,-0.587300332643248));
#2235=DIRECTION('',(-0.809272056268429,0.0125322871096566,0.587300332643248));
#2236=DIRECTION('',(-0.999880115376609,0.0154840199708809,-3.48835756745376E-15));
#2237=DIRECTION('',(0.,0.,1.));
#2238=DIRECTION('',(0.,0.,1.));
#2239=DIRECTION('',(-0.999880115376609,0.0154840199708809,-3.48722454125336E-15));
#2240=DIRECTION('',(0.809272056268429,-0.0125322871096566,-0.587300332643248));
#2241=DIRECTION('',(0.,0.,1.));
#2242=DIRECTION('',(-0.999880115372971,0.0154840202058499,0.));
#2243=DIRECTION('',(-0.809272056268429,0.0125322871096566,0.587300332643248));
#2244=DIRECTION('',(-0.999880115376609,0.0154840199708809,-3.48612821289526E-15));
#2245=DIRECTION('',(0.809272056268429,-0.0125322871096566,-0.587300332643248));
#2246=DIRECTION('center_axis',(0.560794212261495,0.314142901655514,0.766044443118977));
#2247=DIRECTION('ref_axis',(-0.808854821965128,0.0102799678850983,0.587918531128287));
#2248=DIRECTION('',(0.488719597144549,-0.872440917980621,6.14745597761059E-17));
#2249=DIRECTION('',(0.488719597144549,-0.872440917980621,6.14745597761059E-17));
#2250=DIRECTION('center_axis',(-3.51760905256744E-15,-1.90001395526418E-15,
1.));
#2251=DIRECTION('ref_axis',(-0.999982293719624,0.00595081903946772,-3.50624012957506E-15));
#2252=DIRECTION('',(0.488719597144549,-0.872440917980621,6.14745597761059E-17));
#2253=DIRECTION('center_axis',(-0.0200645184053726,-0.011239641733758,-0.999735507799366));
#2254=DIRECTION('ref_axis',(0.999745996624064,-0.0104913416600355,-0.0199467787958151));
#2255=DIRECTION('',(0.488719597144549,-0.872440917980621,6.14745597761059E-17));
#2256=DIRECTION('center_axis',(-0.560794212261495,-0.314142901655514,-0.766044443118976));
#2257=DIRECTION('ref_axis',(0.808210235834851,-0.00684751264139616,-0.588854248742761));
#2258=DIRECTION('center_axis',(-0.0200645184053726,-0.011239641733758,-0.999735507799366));
#2259=DIRECTION('ref_axis',(0.521117141192569,0.853249590095949,-0.0200514876350584));
#2260=DIRECTION('',(0.488719597144549,-0.872440917980621,6.14745597761059E-17));
#2261=DIRECTION('',(0.488719597144549,-0.872440917980621,6.14745597761059E-17));
#2262=DIRECTION('center_axis',(-0.560794212261496,-0.314142901655514,-0.766044443118976));
#2263=DIRECTION('ref_axis',(0.400448192047926,0.706897255361453,-0.583041607304309));
#2264=DIRECTION('',(0.488719597144549,-0.872440917980621,6.14745597761059E-17));
#2265=DIRECTION('center_axis',(0.560794212261495,0.314142901655514,0.766044443118977));
#2266=DIRECTION('ref_axis',(-0.421360048910052,-0.688162422553897,0.590667579411017));
#2267=DIRECTION('',(0.488719597144549,-0.872440917980621,6.14745597761059E-17));
#2268=DIRECTION('center_axis',(-3.51563494365904E-15,-1.89890810879304E-15,
1.));
#2269=DIRECTION('ref_axis',(-0.50282719058494,-0.864386959878767,-3.40914824909107E-15));
#2270=DIRECTION('center_axis',(0.560794212261495,0.314142901655514,0.766044443118977));
#2271=DIRECTION('ref_axis',(-0.393372539600018,-0.713034802178729,0.580378683249629));
#2272=DIRECTION('',(0.488719597144549,-0.872440917980621,6.105919112897E-17));
#2273=DIRECTION('',(0.488719597144549,-0.872440917980621,6.105919112897E-17));
#2274=DIRECTION('center_axis',(-1.39095579443702E-15,-8.49165291727596E-16,
-1.));
#2275=DIRECTION('ref_axis',(0.483373160226579,0.875414409278582,-1.41572223033008E-15));
#2276=DIRECTION('',(0.488719597144549,-0.872440917980621,6.105919112897E-17));
#2277=DIRECTION('center_axis',(-0.560794212261496,-0.314142901655514,-0.766044443118976));
#2278=DIRECTION('ref_axis',(0.40846985359854,0.699817138836799,-0.586010538208541));
#2279=DIRECTION('',(0.809272056268429,-0.0125322871096566,-0.587300332643248));
#2280=DIRECTION('',(0.488719597144549,-0.872440917980621,6.105919112897E-17));
#2281=DIRECTION('center_axis',(-3.51821180100821E-15,-1.90082769933287E-15,
1.));
#2282=DIRECTION('ref_axis',(-0.497677710842956,-0.867362032907894,-3.39964137288743E-15));
#2283=DIRECTION('center_axis',(0.0154840199708809,0.999880115376609,0.));
#2284=DIRECTION('ref_axis',(-0.999880115376609,0.0154840199708809,0.));
#2285=DIRECTION('',(0.,0.,1.));
#2286=DIRECTION('',(0.,0.,-1.));
#2287=DIRECTION('center_axis',(-0.0200645184053726,-0.011239641733758,-0.999735507799366));
#2288=DIRECTION('ref_axis',(0.840946100605408,0.540631749976632,-0.0229557573119241));
#2289=DIRECTION('',(0.488719597144549,-0.872440917980621,6.14745597761059E-17));
#2290=DIRECTION('',(0.488719597144549,-0.872440917980621,6.14745597761059E-17));
#2291=DIRECTION('center_axis',(-0.560794212261496,-0.314142901655514,-0.766044443118976));
#2292=DIRECTION('ref_axis',(0.455590743768909,0.655473741680316,-0.602321548809021));
#2293=DIRECTION('',(0.488719597144549,-0.872440917980621,6.14745597761059E-17));
#2294=DIRECTION('center_axis',(0.560794212261495,0.314142901655514,0.766044443118977));
#2295=DIRECTION('ref_axis',(-0.749548245624008,-0.200382480406092,0.630891661878864));
#2296=DIRECTION('',(0.488719597144549,-0.872440917980621,6.14745597761059E-17));
#2297=DIRECTION('',(-0.809272056303576,0.0125322873004231,0.587300332590747));
#2298=DIRECTION('center_axis',(-3.5159552310396E-15,-1.89908752577861E-15,
1.));
#2299=DIRECTION('ref_axis',(-0.626907137364118,-0.779093987348078,-3.68374510177328E-15));
#2300=DIRECTION('center_axis',(0.0154840202058499,0.999880115372971,0.));
#2301=DIRECTION('ref_axis',(-0.999880115372971,0.0154840202058499,0.));
#2302=DIRECTION('center_axis',(-0.0200645184053726,-0.011239641733758,-0.999735507799367));
#2303=DIRECTION('ref_axis',(0.999764700146309,-0.00847044632588929,-0.019969874321105));
#2304=DIRECTION('',(0.488719597144549,-0.872440917980621,6.14745597761059E-17));
#2305=DIRECTION('',(0.488719597144549,-0.872440917980621,6.14745597761059E-17));
#2306=DIRECTION('center_axis',(-0.560794212261496,-0.314142901655514,-0.766044443118976));
#2307=DIRECTION('ref_axis',(0.644862903419391,0.414572776685298,-0.642091308635271));
#2308=DIRECTION('',(0.488719597144549,-0.872440917980621,6.14745597761059E-17));
#2309=DIRECTION('center_axis',(0.560794212261495,0.314142901655514,0.766044443118977));
#2310=DIRECTION('ref_axis',(-0.807788970565392,0.00463404352128599,0.589453564476072));
#2311=DIRECTION('',(0.488719597144549,-0.872440917980621,6.14745597761059E-17));
#2312=DIRECTION('center_axis',(-3.51706128564998E-15,-1.89970710992748E-15,
1.));
#2313=DIRECTION('ref_axis',(-0.964076909803896,-0.265623251962193,-3.89532395617498E-15));
#2314=DIRECTION('center_axis',(-0.0200645184053726,-0.011239641733758,-0.999735507799366));
#2315=DIRECTION('ref_axis',(0.492798951463153,0.869920836582558,-0.0196705748853389));
#2316=DIRECTION('',(0.488719597144549,-0.872440917980621,6.14745597761059E-17));
#2317=DIRECTION('',(0.488719597144549,-0.872440917980621,6.14745597761059E-17));
#2318=DIRECTION('center_axis',(-0.560794212261496,-0.314142901655514,-0.766044443118976));
#2319=DIRECTION('ref_axis',(0.393603215616605,0.712836282278574,-0.580466143132853));
#2320=DIRECTION('',(0.488719597144549,-0.872440917980621,6.14745597761059E-17));
#2321=DIRECTION('center_axis',(0.560794212261495,0.314142901655514,0.766044443118977));
#2322=DIRECTION('ref_axis',(-0.407771520879544,-0.700438713044442,0.585754211276564));
#2323=DIRECTION('',(0.488719597144549,-0.872440917980621,6.14745597761059E-17));
#2324=DIRECTION('center_axis',(-3.51558199065916E-15,-1.89887844584597E-15,
1.));
#2325=DIRECTION('ref_axis',(-0.483052892404457,-0.875591173516321,-3.36085325583605E-15));
#2326=DIRECTION('',(0.,0.,1.));
#2327=DIRECTION('',(0.,0.,1.));
#2328=DIRECTION('center_axis',(0.944810838891406,0.327616359044108,0.));
#2329=DIRECTION('ref_axis',(-0.327616359044108,0.944810838891406,0.));
#2330=DIRECTION('',(0.,0.,1.));
#2331=DIRECTION('',(0.327616359044108,-0.944810838891406,0.));
#2332=DIRECTION('',(0.,0.,1.));
#2333=DIRECTION('center_axis',(-0.0208297110332046,-0.999783038032889,0.));
#2334=DIRECTION('ref_axis',(0.999783038032889,-0.0208297110332046,6.14803767932922E-18));
#2335=DIRECTION('',(-0.999783038032889,0.0208297110332046,0.));
#2336=DIRECTION('',(0.,0.,1.));
#2337=DIRECTION('',(0.,0.,1.));
#2338=DIRECTION('center_axis',(-0.863213505189405,0.50483902826408,0.));
#2339=DIRECTION('ref_axis',(-0.50483902826408,-0.863213505189405,0.));
#2340=DIRECTION('',(0.,0.,1.));
#2341=DIRECTION('',(0.50483902826408,0.863213505189405,0.));
#2342=DIRECTION('',(0.,0.,1.));
#2343=DIRECTION('center_axis',(0.,1.,0.));
#2344=DIRECTION('ref_axis',(-1.,0.,0.));
#2345=DIRECTION('',(1.,0.,0.));
#2346=DIRECTION('center_axis',(0.939692620785908,0.342020143325669,0.));
#2347=DIRECTION('ref_axis',(-0.342020143325669,0.939692620785909,0.));
#2348=DIRECTION('',(-0.342020143325669,0.939692620785909,0.));
#2349=DIRECTION('',(0.,0.,1.));
#2350=DIRECTION('center_axis',(0.,0.,1.));
#2351=DIRECTION('ref_axis',(-7.72329060608805E-16,-1.,0.));
#2352=DIRECTION('center_axis',(0.,0.,1.));
#2353=DIRECTION('ref_axis',(-7.72329060608805E-16,-1.,0.));
#2354=DIRECTION('',(0.,0.,1.));
#2355=DIRECTION('center_axis',(1.05674634768025E-16,-1.,0.));
#2356=DIRECTION('ref_axis',(1.,1.05674634768025E-16,0.));
#2357=DIRECTION('',(1.,1.05674634768025E-16,0.));
#2358=DIRECTION('',(0.,0.,1.));
#2359=DIRECTION('center_axis',(0.,0.,1.));
#2360=DIRECTION('ref_axis',(-0.866258536099959,0.499595985406164,0.));
#2361=DIRECTION('center_axis',(0.,0.,1.));
#2362=DIRECTION('ref_axis',(-0.866258536099959,0.499595985406164,0.));
#2363=DIRECTION('center_axis',(0.,0.,1.));
#2364=DIRECTION('ref_axis',(1.,0.,0.));
#2365=CARTESIAN_POINT('',(0.,0.,0.));
#2366=CARTESIAN_POINT('Origin',(2.82792487510264,0.244295532708531,-2.625));
#2367=CARTESIAN_POINT('',(-31.0293047614321,1.14364936860341,-2.25));
#2368=CARTESIAN_POINT('',(-31.0461467356238,0.393820260634958,-3.));
#2369=CARTESIAN_POINT('Ctrl Pts',(-31.0293047616583,1.14364936091875,-2.25));
#2370=CARTESIAN_POINT('Ctrl Pts',(-31.0349187555837,0.893706239035643,-2.49999990638112));
#2371=CARTESIAN_POINT('Ctrl Pts',(-31.0405327442265,0.64376329662444,-2.75));
#2372=CARTESIAN_POINT('Ctrl Pts',(-31.0461467356238,0.393820260634958,-3.));
#2373=CARTESIAN_POINT('',(14.1063251797469,0.44468457806522,-2.25));
#2374=CARTESIAN_POINT('',(2.83373138267984,0.619250575973395,-2.25));
#2375=CARTESIAN_POINT('',(14.0923629392558,-0.305189128648046,-3.));
#2376=CARTESIAN_POINT('',(14.1063251797469,0.44468457806522,-2.25));
#2377=CARTESIAN_POINT('',(2.82211836752545,-0.130659510556332,-3.));
#2378=CARTESIAN_POINT('Ctrl Pts',(14.0900139418535,-0.305138029968428,-3.));
#2379=CARTESIAN_POINT('Ctrl Pts',(16.1736348558108,-0.35046399912864,-3.));
#2380=CARTESIAN_POINT('Ctrl Pts',(19.6724638964349,-0.454910852458129,-3.));
#2381=CARTESIAN_POINT('Ctrl Pts',(22.4577110425652,0.291934970027889,-3.));
#2382=CARTESIAN_POINT('Ctrl Pts',(23.7238771246314,1.00188798460649,-3.));
#2383=CARTESIAN_POINT('Ctrl Pts',(24.5454040561463,1.68901990813315,-3.));
#2384=CARTESIAN_POINT('Ctrl Pts',(25.1752714789716,2.56294684545692,-3.));
#2385=CARTESIAN_POINT('Ctrl Pts',(25.6596357126213,3.91069105149065,-3.));
#2386=CARTESIAN_POINT('Ctrl Pts',(25.6569327468579,5.64462835589832,-3.));
#2387=CARTESIAN_POINT('Ctrl Pts',(25.3798242831112,7.16409376170814,-3.));
#2388=CARTESIAN_POINT('Ctrl Pts',(25.1248932027262,8.24198244874457,-3.));
#2389=CARTESIAN_POINT('Ctrl Pts',(24.9512704819431,8.89613112423918,-3.));
#2390=CARTESIAN_POINT('Ctrl Pts',(24.664292688738,9.92359453578177,-3.));
#2391=CARTESIAN_POINT('Ctrl Pts',(24.1131641763894,11.7061250866903,-3.));
#2392=CARTESIAN_POINT('Ctrl Pts',(23.1501369461127,14.577326194903,-3.));
#2393=CARTESIAN_POINT('Ctrl Pts',(22.1015206573812,17.5604195797058,-3.));
#2394=CARTESIAN_POINT('Ctrl Pts',(21.3944096629881,19.5139674412911,-3.));
#2395=CARTESIAN_POINT('Ctrl Pts',(21.0009346475581,20.6029753566571,-3.));
#2396=CARTESIAN_POINT('Ctrl Pts',(20.8453044107414,21.0340959724776,-3.));
#2397=CARTESIAN_POINT('Ctrl Pts',(20.5781852570698,21.7761742328253,-3.));
#2398=CARTESIAN_POINT('Ctrl Pts',(20.0605913590332,23.2244676295121,-3.));
#2399=CARTESIAN_POINT('Ctrl Pts',(19.0943496717144,26.0189989252137,-3.));
#2400=CARTESIAN_POINT('Ctrl Pts',(17.8886650780284,29.6785028045878,-3.));
#2401=CARTESIAN_POINT('Ctrl Pts',(16.7389207393089,32.9235344044577,-3.));
#2402=CARTESIAN_POINT('Ctrl Pts',(16.2053654674397,34.4218325294741,-3.));
#2403=CARTESIAN_POINT('Ctrl Pts',(15.8104439596159,35.5329605359908,-3.));
#2404=CARTESIAN_POINT('Ctrl Pts',(15.2750587764723,37.0494720599256,-3.));
#2405=CARTESIAN_POINT('Ctrl Pts',(14.5706262379934,39.079915239442,-3.));
#2406=CARTESIAN_POINT('Ctrl Pts',(13.8092554481198,41.1822580193531,-3.));
#2407=CARTESIAN_POINT('Ctrl Pts',(12.7230509601303,43.902649291253,-3.));
#2408=CARTESIAN_POINT('Ctrl Pts',(11.5001456454788,46.6318632515175,-3.));
#2409=CARTESIAN_POINT('Ctrl Pts',(10.5436622349009,48.6131409873951,-3.));
#2410=CARTESIAN_POINT('Ctrl Pts',(9.97719382401217,49.7172684590353,-3.));
#2411=CARTESIAN_POINT('Ctrl Pts',(9.51802435975271,50.5352124555817,-3.));
#2412=CARTESIAN_POINT('Ctrl Pts',(8.90268438113257,51.5525826212661,-3.));
#2413=CARTESIAN_POINT('Ctrl Pts',(8.07243124836636,52.6749115972564,-3.));
#2414=CARTESIAN_POINT('Ctrl Pts',(7.07230722354394,53.3197458898679,-3.));
#2415=CARTESIAN_POINT('Ctrl Pts',(6.37684828906115,53.6237153736422,-3.));
#2416=CARTESIAN_POINT('Ctrl Pts',(5.50707982399118,53.7833662580785,-3.));
#2417=CARTESIAN_POINT('Ctrl Pts',(4.60536274386428,53.7744613811387,-3.));
#2418=CARTESIAN_POINT('Ctrl Pts',(3.81784870043892,53.7395368201031,-3.));
#2419=CARTESIAN_POINT('Ctrl Pts',(2.97964235778594,53.7336562188913,-3.));
#2420=CARTESIAN_POINT('Ctrl Pts',(1.5964699816042,53.7624451236059,-3.));
#2421=CARTESIAN_POINT('Ctrl Pts',(-1.25183854319415,53.7468042143391,-3.));
#2422=CARTESIAN_POINT('Ctrl Pts',(-5.40511998064244,53.7576956210312,-3.));
#2423=CARTESIAN_POINT('Ctrl Pts',(-9.04098199700644,53.7959706481165,-3.));
#2424=CARTESIAN_POINT('Ctrl Pts',(-11.4490297518014,53.7022026666511,-3.));
#2425=CARTESIAN_POINT('Ctrl Pts',(-13.4601186118774,53.3770551090197,-3.));
#2426=CARTESIAN_POINT('Ctrl Pts',(-15.1199658304536,52.6504745572454,-3.));
#2427=CARTESIAN_POINT('Ctrl Pts',(-16.5256752693749,51.5740908676662,-3.));
#2428=CARTESIAN_POINT('Ctrl Pts',(-18.0140199266783,50.2037606733997,-3.));
#2429=CARTESIAN_POINT('Ctrl Pts',(-19.5924230382817,48.5209043984617,-3.));
#2430=CARTESIAN_POINT('Ctrl Pts',(-21.1037880134371,46.5614192315912,-3.));
#2431=CARTESIAN_POINT('Ctrl Pts',(-22.5848399803587,44.3121098802572,-3.));
#2432=CARTESIAN_POINT('Ctrl Pts',(-24.695991337273,40.8836663673278,-3.));
#2433=CARTESIAN_POINT('Ctrl Pts',(-27.0826531114987,36.9862888262916,-3.));
#2434=CARTESIAN_POINT('Ctrl Pts',(-29.2160885871676,33.4363256610372,-3.));
#2435=CARTESIAN_POINT('Ctrl Pts',(-30.6479488862694,30.9620014757843,-3.));
#2436=CARTESIAN_POINT('Ctrl Pts',(-32.0192231645277,28.5174265175463,-3.));
#2437=CARTESIAN_POINT('Ctrl Pts',(-33.9315954624559,25.056114615705,-3.));
#2438=CARTESIAN_POINT('Ctrl Pts',(-35.925207945322,21.4382178466861,-3.));
#2439=CARTESIAN_POINT('Ctrl Pts',(-37.609811414753,18.4015198806267,-3.));
#2440=CARTESIAN_POINT('Ctrl Pts',(-38.8212093506915,16.2566996104827,-3.));
#2441=CARTESIAN_POINT('Ctrl Pts',(-40.1539372265117,13.9590410529281,-3.));
#2442=CARTESIAN_POINT('Ctrl Pts',(-41.6087341098424,11.4846071857196,-3.));
#2443=CARTESIAN_POINT('Ctrl Pts',(-42.9178558708951,9.2414318687089,-3.));
#2444=CARTESIAN_POINT('Ctrl Pts',(-43.8518632098054,7.56884188318892,-3.));
#2445=CARTESIAN_POINT('Ctrl Pts',(-44.5443003865134,6.28313393268847,-3.));
#2446=CARTESIAN_POINT('Ctrl Pts',(-44.9798569462495,5.13357843210849,-3.));
#2447=CARTESIAN_POINT('Ctrl Pts',(-44.9807512384349,4.26648325859535,-3.));
#2448=CARTESIAN_POINT('Ctrl Pts',(-44.8940620609005,3.70279492635571,-3.));
#2449=CARTESIAN_POINT('Ctrl Pts',(-44.6488158374274,3.05955727357952,-3.));
#2450=CARTESIAN_POINT('Ctrl Pts',(-44.2545196315764,2.39986309739396,-3.));
#2451=CARTESIAN_POINT('Ctrl Pts',(-43.7649816306614,1.77161687370259,-3.));
#2452=CARTESIAN_POINT('Ctrl Pts',(-43.0535140152801,1.2134593911115,-3.));
#2453=CARTESIAN_POINT('Ctrl Pts',(-42.1840572105636,0.899597336492106,-3.));
#2454=CARTESIAN_POINT('Ctrl Pts',(-41.4100166131174,0.788458315239434,-3.));
#2455=CARTESIAN_POINT('Ctrl Pts',(-41.0849277512259,0.754208320063343,-3.));
#2456=CARTESIAN_POINT('Ctrl Pts',(-40.7806083721881,0.716680269591398,-3.));
#2457=CARTESIAN_POINT('Ctrl Pts',(-40.3267906090277,0.682799229151138,-3.));
#2458=CARTESIAN_POINT('Ctrl Pts',(-39.4799253960192,0.645711139472869,-3.));
#2459=CARTESIAN_POINT('Ctrl Pts',(-38.3387407903503,0.605800124888025,-3.));
#2460=CARTESIAN_POINT('Ctrl Pts',(-35.8694708308305,0.530968754267034,-3.));
#2461=CARTESIAN_POINT('Ctrl Pts',(-33.1319647050187,0.455222146169182,-3.));
#2462=CARTESIAN_POINT('Ctrl Pts',(-31.0461467356238,0.393820260634958,-3.));
#2463=CARTESIAN_POINT('Ctrl Pts',(14.0954510211513,-0.0551971606238787,
-2.75));
#2464=CARTESIAN_POINT('Ctrl Pts',(16.1776591654773,-0.102234104940341,-2.75));
#2465=CARTESIAN_POINT('Ctrl Pts',(19.6704797449743,-0.19966000854508,-2.75));
#2466=CARTESIAN_POINT('Ctrl Pts',(22.36804444866,0.528784691310997,-2.75));
#2467=CARTESIAN_POINT('Ctrl Pts',(23.583076847705,1.21005948365514,-2.75));
#2468=CARTESIAN_POINT('Ctrl Pts',(24.3622427707681,1.86291453633386,-2.75));
#2469=CARTESIAN_POINT('Ctrl Pts',(24.9507566387231,2.68107689598914,-2.75));
#2470=CARTESIAN_POINT('Ctrl Pts',(25.4065813636022,3.94340125280167,-2.75));
#2471=CARTESIAN_POINT('Ctrl Pts',(25.4081458398667,5.61399884629254,-2.75));
#2472=CARTESIAN_POINT('Ctrl Pts',(25.1345637504078,7.11441931372914,-2.75));
#2473=CARTESIAN_POINT('Ctrl Pts',(24.8825661620079,8.18054289412291,-2.75));
#2474=CARTESIAN_POINT('Ctrl Pts',(24.7100175799672,8.83051268076735,-2.75));
#2475=CARTESIAN_POINT('Ctrl Pts',(24.4248847090904,9.85147836204691,-2.75));
#2476=CARTESIAN_POINT('Ctrl Pts',(23.8754492245427,11.6286692072967,-2.75));
#2477=CARTESIAN_POINT('Ctrl Pts',(22.9137722109478,14.4958626169372,-2.75));
#2478=CARTESIAN_POINT('Ctrl Pts',(21.866113155889,17.4762522336619,-2.75));
#2479=CARTESIAN_POINT('Ctrl Pts',(21.1593615643305,19.4288026045414,-2.75));
#2480=CARTESIAN_POINT('Ctrl Pts',(20.765793789369,20.5180734208538,-2.75));
#2481=CARTESIAN_POINT('Ctrl Pts',(20.6101420765453,20.9492416904343,-2.75));
#2482=CARTESIAN_POINT('Ctrl Pts',(20.3428217145316,21.6919096065306,-2.75));
#2483=CARTESIAN_POINT('Ctrl Pts',(19.8248678469591,23.1411447307173,-2.75));
#2484=CARTESIAN_POINT('Ctrl Pts',(18.8569314596309,25.9406685456153,-2.75));
#2485=CARTESIAN_POINT('Ctrl Pts',(17.6519381349521,29.5981015651126,-2.75));
#2486=CARTESIAN_POINT('Ctrl Pts',(16.503496816661,32.8393993180153,-2.75));
#2487=CARTESIAN_POINT('Ctrl Pts',(15.9698108739823,34.3380879988428,-2.75));
#2488=CARTESIAN_POINT('Ctrl Pts',(15.5748417940219,35.4493351138794,-2.75));
#2489=CARTESIAN_POINT('Ctrl Pts',(15.0389633803112,36.9672657926263,-2.75));
#2490=CARTESIAN_POINT('Ctrl Pts',(14.3346345061809,38.9973888180494,-2.75));
#2491=CARTESIAN_POINT('Ctrl Pts',(13.5754951586542,41.093485333592,-2.75));
#2492=CARTESIAN_POINT('Ctrl Pts',(12.4932054725349,43.8040944920626,-2.75));
#2493=CARTESIAN_POINT('Ctrl Pts',(11.2730901649911,46.5272536643486,-2.75));
#2494=CARTESIAN_POINT('Ctrl Pts',(10.3194951584791,48.5023077449883,-2.75));
#2495=CARTESIAN_POINT('Ctrl Pts',(9.75628917632291,49.6002955907322,-2.75));
#2496=CARTESIAN_POINT('Ctrl Pts',(9.30213388695293,50.4086072281491,-2.75));
#2497=CARTESIAN_POINT('Ctrl Pts',(8.69347617786073,51.4165836058957,-2.75));
#2498=CARTESIAN_POINT('Ctrl Pts',(7.88760716443036,52.4988470345432,-2.75));
#2499=CARTESIAN_POINT('Ctrl Pts',(6.9534853839362,53.0980011276036,-2.75));
#2500=CARTESIAN_POINT('Ctrl Pts',(6.30593134191974,53.3819945893576,-2.75));
#2501=CARTESIAN_POINT('Ctrl Pts',(5.49032168484926,53.5321694617542,-2.75));
#2502=CARTESIAN_POINT('Ctrl Pts',(4.61740404806556,53.5249915636385,-2.75));
#2503=CARTESIAN_POINT('Ctrl Pts',(3.82521771090715,53.4894567585477,-2.75));
#2504=CARTESIAN_POINT('Ctrl Pts',(2.97548852372084,53.4836915784497,-2.75));
#2505=CARTESIAN_POINT('Ctrl Pts',(1.59428348050733,53.5124614728633,-2.75));
#2506=CARTESIAN_POINT('Ctrl Pts',(-1.24780285432013,53.4967582994571,-2.75));
#2507=CARTESIAN_POINT('Ctrl Pts',(-5.41019288561654,53.5077840644228,-2.75));
#2508=CARTESIAN_POINT('Ctrl Pts',(-9.0397168183878,53.5458435512663,-2.75));
#2509=CARTESIAN_POINT('Ctrl Pts',(-11.4301887211635,53.4527163494475,-2.75));
#2510=CARTESIAN_POINT('Ctrl Pts',(-13.3959195330672,53.1323266763053,-2.75));
#2511=CARTESIAN_POINT('Ctrl Pts',(-14.9858966772283,52.435905034743,-2.75));
#2512=CARTESIAN_POINT('Ctrl Pts',(-16.3611010947459,51.3861225212372,-2.75));
#2513=CARTESIAN_POINT('Ctrl Pts',(-17.838535684709,50.025196205522,-2.75));
#2514=CARTESIAN_POINT('Ctrl Pts',(-19.4015528371669,48.3588641393674,-2.75));
#2515=CARTESIAN_POINT('Ctrl Pts',(-20.8988010770417,46.4178496586712,-2.75));
#2516=CARTESIAN_POINT('Ctrl Pts',(-22.3729021299645,44.1795067305248,-2.75));
#2517=CARTESIAN_POINT('Ctrl Pts',(-24.482406914163,40.753722692988,-2.75));
#2518=CARTESIAN_POINT('Ctrl Pts',(-26.869621485361,36.8554564144795,-2.75));
#2519=CARTESIAN_POINT('Ctrl Pts',(-29.0007841792907,33.3092340921309,-2.75));
#2520=CARTESIAN_POINT('Ctrl Pts',(-30.4306678478645,30.838341235826,-2.75));
#2521=CARTESIAN_POINT('Ctrl Pts',(-31.8005557840274,28.3962420145268,-2.75));
#2522=CARTESIAN_POINT('Ctrl Pts',(-33.7126652894291,24.9354107141609,-2.75));
#2523=CARTESIAN_POINT('Ctrl Pts',(-35.7062609184189,21.3175466157672,-2.75));
#2524=CARTESIAN_POINT('Ctrl Pts',(-37.3914949597095,18.2796996021607,-2.75));
#2525=CARTESIAN_POINT('Ctrl Pts',(-38.6042614617336,16.1324658494936,-2.75));
#2526=CARTESIAN_POINT('Ctrl Pts',(-39.9383103038554,13.8325037630198,-2.75));
#2527=CARTESIAN_POINT('Ctrl Pts',(-41.3930800567246,11.3582070621166,-2.75));
#2528=CARTESIAN_POINT('Ctrl Pts',(-42.7014666937696,9.11610879277384,-2.75));
#2529=CARTESIAN_POINT('Ctrl Pts',(-43.6321726647474,7.4496395829935,-2.75));
#2530=CARTESIAN_POINT('Ctrl Pts',(-44.3224571746622,6.167277413672,-2.75));
#2531=CARTESIAN_POINT('Ctrl Pts',(-44.7318132463573,5.0745502607497,-2.75));
#2532=CARTESIAN_POINT('Ctrl Pts',(-44.7298795774621,4.2866345889539,-2.75));
#2533=CARTESIAN_POINT('Ctrl Pts',(-44.6518949091369,3.77045410835779,-2.75));
#2534=CARTESIAN_POINT('Ctrl Pts',(-44.4242693900547,3.17317058636862,-2.75));
#2535=CARTESIAN_POINT('Ctrl Pts',(-44.0473724295788,2.53996472748729,-2.75));
#2536=CARTESIAN_POINT('Ctrl Pts',(-43.5824288447839,1.94657924493503,-2.75));
#2537=CARTESIAN_POINT('Ctrl Pts',(-42.9321166502609,1.43700052493565,-2.75));
#2538=CARTESIAN_POINT('Ctrl Pts',(-42.1273665764463,1.14468323991854,-2.75));
#2539=CARTESIAN_POINT('Ctrl Pts',(-41.3841807026426,1.03703384717989,-2.75));
#2540=CARTESIAN_POINT('Ctrl Pts',(-41.0539672674339,1.00234282185717,-2.75));
#2541=CARTESIAN_POINT('Ctrl Pts',(-40.7562699755738,0.965524164643494,-2.75));
#2542=CARTESIAN_POINT('Ctrl Pts',(-40.3158713005073,0.932707461358897,-2.75));
#2543=CARTESIAN_POINT('Ctrl Pts',(-39.4696395470324,0.895429160270118,-2.75));
#2544=CARTESIAN_POINT('Ctrl Pts',(-38.3312754075901,0.855730246641507,-2.75));
#2545=CARTESIAN_POINT('Ctrl Pts',(-35.8619437237246,0.780797746367248,-2.75));
#2546=CARTESIAN_POINT('Ctrl Pts',(-33.1256214639016,0.705217582832511,-2.75));
#2547=CARTESIAN_POINT('Ctrl Pts',(-31.038790473144,0.643712008002352,-2.75));
#2548=CARTESIAN_POINT('Ctrl Pts',(14.1008881004491,0.194743708720671,-2.5));
#2549=CARTESIAN_POINT('Ctrl Pts',(16.1864106613959,0.151118079941492,-2.5));
#2550=CARTESIAN_POINT('Ctrl Pts',(19.667419026054,0.054245347256665,-2.5));
#2551=CARTESIAN_POINT('Ctrl Pts',(22.2780245983158,0.764893719370847,-2.5));
#2552=CARTESIAN_POINT('Ctrl Pts',(23.4431621733409,1.41876465834076,-2.5));
#2553=CARTESIAN_POINT('Ctrl Pts',(24.179063779313,2.03647954101566,-2.5));
#2554=CARTESIAN_POINT('Ctrl Pts',(24.726682764937,2.79871335596472,-2.5));
#2555=CARTESIAN_POINT('Ctrl Pts',(25.1532297750741,3.97597812707443,-2.5));
#2556=CARTESIAN_POINT('Ctrl Pts',(25.1591164904898,5.58379146466609,-2.5));
#2557=CARTESIAN_POINT('Ctrl Pts',(24.8892142809443,7.06446444598136,-2.5));
#2558=CARTESIAN_POINT('Ctrl Pts',(24.6396236389523,8.12060122355082,-2.5));
#2559=CARTESIAN_POINT('Ctrl Pts',(24.4686135770829,8.7650453820259,-2.5));
#2560=CARTESIAN_POINT('Ctrl Pts',(24.1850685997474,9.78026508889548,-2.5));
#2561=CARTESIAN_POINT('Ctrl Pts',(23.6376918445967,11.5511991343276,-2.5));
#2562=CARTESIAN_POINT('Ctrl Pts',(22.6772652380665,14.4147199434043,-2.5));
#2563=CARTESIAN_POINT('Ctrl Pts',(21.6307205080503,17.3919946421398,-2.5));
#2564=CARTESIAN_POINT('Ctrl Pts',(20.9242546887926,19.343790631989,-2.5));
#2565=CARTESIAN_POINT('Ctrl Pts',(20.5306715025675,20.4330945059861,-2.5));
#2566=CARTESIAN_POINT('Ctrl Pts',(20.3749241545979,20.8645492775243,-2.5));
#2567=CARTESIAN_POINT('Ctrl Pts',(20.1075696399576,21.6072627378774,-2.5));
#2568=CARTESIAN_POINT('Ctrl Pts',(19.5889966425852,23.0582901389986,-2.5));
#2569=CARTESIAN_POINT('Ctrl Pts',(18.6195531759928,25.862202622183,-2.5));
#2570=CARTESIAN_POINT('Ctrl Pts',(17.4152196849674,29.5176844082931,-2.5));
#2571=CARTESIAN_POINT('Ctrl Pts',(16.2680124423943,32.7554460185844,-2.5));
#2572=CARTESIAN_POINT('Ctrl Pts',(15.7343187352993,34.2541480438418,-2.5));
#2573=CARTESIAN_POINT('Ctrl Pts',(15.339196706462,35.3658392435157,-2.5));
#2574=CARTESIAN_POINT('Ctrl Pts',(14.8028946997126,36.8849801152204,-2.5));
#2575=CARTESIAN_POINT('Ctrl Pts',(14.0986139719712,38.9149461590115,-2.5));
#2576=CARTESIAN_POINT('Ctrl Pts',(13.3417741370014,41.0045948324139,-2.5));
#2577=CARTESIAN_POINT('Ctrl Pts',(12.2633533800258,43.7055644805744,-2.5));
#2578=CARTESIAN_POINT('Ctrl Pts',(11.0461258694335,46.4223174917072,-2.5));
#2579=CARTESIAN_POINT('Ctrl Pts',(10.0954236720162,48.3911666616407,-2.5));
#2580=CARTESIAN_POINT('Ctrl Pts',(9.53555107919203,49.4827671893246,-2.5));
#2581=CARTESIAN_POINT('Ctrl Pts',(9.08657437880386,50.2808861412815,-2.5));
#2582=CARTESIAN_POINT('Ctrl Pts',(8.48453540065496,51.2797143769532,-2.5));
#2583=CARTESIAN_POINT('Ctrl Pts',(7.70351373392105,52.3209786381496,-2.5));
#2584=CARTESIAN_POINT('Ctrl Pts',(6.83417507508847,52.878071882061,-2.5));
#2585=CARTESIAN_POINT('Ctrl Pts',(6.23449869670287,53.1410198811507,-2.5));
#2586=CARTESIAN_POINT('Ctrl Pts',(5.47316809903657,53.2819035924278,-2.5));
#2587=CARTESIAN_POINT('Ctrl Pts',(4.62940772324986,53.2759282675925,-2.5));
#2588=CARTESIAN_POINT('Ctrl Pts',(3.83215844098521,53.2400494093583,-2.5));
#2589=CARTESIAN_POINT('Ctrl Pts',(2.97151890290365,53.2340482144956,-2.5));
#2590=CARTESIAN_POINT('Ctrl Pts',(1.59169858891843,53.2627359514841,-2.5));
#2591=CARTESIAN_POINT('Ctrl Pts',(-1.2435285503797,53.2468296490277,-2.5));
#2592=CARTESIAN_POINT('Ctrl Pts',(-5.41531575729867,53.2578899202885,-2.5));
#2593=CARTESIAN_POINT('Ctrl Pts',(-9.03850436659329,53.2956951988977,-2.5));
#2594=CARTESIAN_POINT('Ctrl Pts',(-11.4112339363905,53.202917701265,-2.5));
#2595=CARTESIAN_POINT('Ctrl Pts',(-13.3320900898325,52.8879671910886,-2.5));
#2596=CARTESIAN_POINT('Ctrl Pts',(-14.85146711464,52.2216819669632,-2.5));
#2597=CARTESIAN_POINT('Ctrl Pts',(-16.196635591631,51.1980716719882,-2.5));
#2598=CARTESIAN_POINT('Ctrl Pts',(-17.6629809974081,49.8468778751713,-2.5));
#2599=CARTESIAN_POINT('Ctrl Pts',(-19.2107140717798,48.1966682411653,-2.5));
#2600=CARTESIAN_POINT('Ctrl Pts',(-20.6937483168072,46.27446232336,-2.5));
#2601=CARTESIAN_POINT('Ctrl Pts',(-22.161009505285,44.0468267246889,-2.5));
#2602=CARTESIAN_POINT('Ctrl Pts',(-24.2687910502704,40.6238319857701,-2.5));
#2603=CARTESIAN_POINT('Ctrl Pts',(-26.6565476070524,36.7246783832571,-2.5));
#2604=CARTESIAN_POINT('Ctrl Pts',(-28.785593615141,33.1819688218177,-2.5));
#2605=CARTESIAN_POINT('Ctrl Pts',(-30.2133348648291,30.7147579381688,-2.5));
#2606=CARTESIAN_POINT('Ctrl Pts',(-31.5819731750567,28.2749114915905,-2.5));
#2607=CARTESIAN_POINT('Ctrl Pts',(-33.4937526531816,24.8146727940926,-2.5));
#2608=CARTESIAN_POINT('Ctrl Pts',(-35.4872901670242,21.1969185339355,-2.5));
#2609=CARTESIAN_POINT('Ctrl Pts',(-37.1731859472571,18.1578773963855,-2.5));
#2610=CARTESIAN_POINT('Ctrl Pts',(-38.3873836540507,16.0080844818185,-2.5));
#2611=CARTESIAN_POINT('Ctrl Pts',(-39.7226722169233,13.7060358507072,-2.5));
#2612=CARTESIAN_POINT('Ctrl Pts',(-41.1775790016003,11.2314435634822,-2.5));
#2613=CARTESIAN_POINT('Ctrl Pts',(-42.4851589245822,8.99087552752701,-2.5));
#2614=CARTESIAN_POINT('Ctrl Pts',(-43.4124534083881,7.33016499372673,-2.5));
#2615=CARTESIAN_POINT('Ctrl Pts',(-44.1016153066608,6.05060066364757,-2.5));
#2616=CARTESIAN_POINT('Ctrl Pts',(-44.481273576028,5.02037696141702,-2.5));
#2617=CARTESIAN_POINT('Ctrl Pts',(-44.4803087141212,4.30495861010942,-2.5));
#2618=CARTESIAN_POINT('Ctrl Pts',(-44.4090649510999,3.83970990718761,-2.5));
#2619=CARTESIAN_POINT('Ctrl Pts',(-44.2002626863692,3.28597730866077,-2.5));
#2620=CARTESIAN_POINT('Ctrl Pts',(-43.8399104711372,2.68026270203275,-2.5));
#2621=CARTESIAN_POINT('Ctrl Pts',(-43.3999910157151,2.12120993664383,-2.5));
#2622=CARTESIAN_POINT('Ctrl Pts',(-42.8098040661636,1.66019617256404,-2.5));
#2623=CARTESIAN_POINT('Ctrl Pts',(-42.069914448558,1.38911763460188,-2.5));
#2624=CARTESIAN_POINT('Ctrl Pts',(-41.3583494343204,1.28556574592302,-2.5));
#2625=CARTESIAN_POINT('Ctrl Pts',(-41.0207087548355,1.24991777897044,-2.5));
#2626=CARTESIAN_POINT('Ctrl Pts',(-40.7320357104914,1.21428277824509,-2.5));
#2627=CARTESIAN_POINT('Ctrl Pts',(-40.3047614077299,1.1824136121619,-2.5));
#2628=CARTESIAN_POINT('Ctrl Pts',(-39.4615097170545,1.1453109243062,-2.5));
#2629=CARTESIAN_POINT('Ctrl Pts',(-38.3241834537091,1.10561629064832,-2.5));
#2630=CARTESIAN_POINT('Ctrl Pts',(-35.8564178814619,1.03079636951056,-2.5));
#2631=CARTESIAN_POINT('Ctrl Pts',(-33.1162391586966,0.954901951608034,-2.5));
#2632=CARTESIAN_POINT('Ctrl Pts',(-31.0314342106643,0.893603755369745,-2.5));
#2633=CARTESIAN_POINT('Ctrl Pts',(14.1063251797469,0.44468457806522,-2.25));
#2634=CARTESIAN_POINT('Ctrl Pts',(16.1904349710624,0.399347974129791,-2.25));
#2635=CARTESIAN_POINT('Ctrl Pts',(19.6654348745934,0.309496191169714,-2.25));
#2636=CARTESIAN_POINT('Ctrl Pts',(22.1883580044106,1.00174344065396,-2.25));
#2637=CARTESIAN_POINT('Ctrl Pts',(23.3023618964146,1.62693615738941,-2.25));
#2638=CARTESIAN_POINT('Ctrl Pts',(23.9959024939348,2.21037416921637,-2.25));
#2639=CARTESIAN_POINT('Ctrl Pts',(24.5021679246885,2.91684340649694,-2.25));
#2640=CARTESIAN_POINT('Ctrl Pts',(24.900175426055,4.00868832838546,-2.25));
#2641=CARTESIAN_POINT('Ctrl Pts',(24.9103295834985,5.55316195506032,-2.25));
#2642=CARTESIAN_POINT('Ctrl Pts',(24.643953748241,7.01478999800237,-2.25));
#2643=CARTESIAN_POINT('Ctrl Pts',(24.3972965982341,8.05916166892916,-2.25));
#2644=CARTESIAN_POINT('Ctrl Pts',(24.2273606751069,8.69942693855407,-2.25));
#2645=CARTESIAN_POINT('Ctrl Pts',(23.9456606200997,9.70814891516062,-2.25));
#2646=CARTESIAN_POINT('Ctrl Pts',(23.39997689275,11.473743254934,-2.25));
#2647=CARTESIAN_POINT('Ctrl Pts',(22.4409005029016,14.3332563654384,-2.25));
#2648=CARTESIAN_POINT('Ctrl Pts',(21.395313006558,17.3078272960958,-2.25));
#2649=CARTESIAN_POINT('Ctrl Pts',(20.689206590135,19.2586257952393,-2.25));
#2650=CARTESIAN_POINT('Ctrl Pts',(20.2955306443785,20.3481925701828,-2.25));
#2651=CARTESIAN_POINT('Ctrl Pts',(20.1397618204019,20.779694995481,-2.25));
#2652=CARTESIAN_POINT('Ctrl Pts',(19.8722060974194,21.5229981115827,-2.25));
#2653=CARTESIAN_POINT('Ctrl Pts',(19.3532731305111,22.9749672402037,-2.25));
#2654=CARTESIAN_POINT('Ctrl Pts',(18.3821349639093,25.7838722425846,-2.25));
#2655=CARTESIAN_POINT('Ctrl Pts',(17.178492741891,29.4372831688178,-2.25));
#2656=CARTESIAN_POINT('Ctrl Pts',(16.0325885197465,32.671310932142,-2.25));
#2657=CARTESIAN_POINT('Ctrl Pts',(15.4987641418419,34.1704035132104,-2.25));
#2658=CARTESIAN_POINT('Ctrl Pts',(15.103594540868,35.2822138214044,-2.25));
#2659=CARTESIAN_POINT('Ctrl Pts',(14.5667993035515,36.8027738479211,-2.25));
#2660=CARTESIAN_POINT('Ctrl Pts',(13.8626222401587,38.8324197376188,-2.25));
#2661=CARTESIAN_POINT('Ctrl Pts',(13.1080138475358,40.9158221466528,-2.25));
#2662=CARTESIAN_POINT('Ctrl Pts',(12.0335078924304,43.607009681384,-2.25));
#2663=CARTESIAN_POINT('Ctrl Pts',(10.8190703889458,46.3177079045384,-2.25));
#2664=CARTESIAN_POINT('Ctrl Pts',(9.87125659559434,48.2803334192339,-2.25));
#2665=CARTESIAN_POINT('Ctrl Pts',(9.31464643150277,49.3657943210215,-2.25));
#2666=CARTESIAN_POINT('Ctrl Pts',(8.87068390600408,50.1542809138489,-2.25));
#2667=CARTESIAN_POINT('Ctrl Pts',(8.27532719738312,51.1437153615827,-2.25));
#2668=CARTESIAN_POINT('Ctrl Pts',(7.51868964998505,52.1449140754364,-2.25));
#2669=CARTESIAN_POINT('Ctrl Pts',(6.71535323548073,52.6563271197966,-2.25));
#2670=CARTESIAN_POINT('Ctrl Pts',(6.16358174956146,52.8992990968662,-2.25));
#2671=CARTESIAN_POINT('Ctrl Pts',(5.45640995989466,53.0307067961036,-2.25));
#2672=CARTESIAN_POINT('Ctrl Pts',(4.64144902745115,53.0264584500922,-2.25));
#2673=CARTESIAN_POINT('Ctrl Pts',(3.83952745145345,52.9899693478029,-2.25));
#2674=CARTESIAN_POINT('Ctrl Pts',(2.96736506883856,52.984083574054,-2.25));
#2675=CARTESIAN_POINT('Ctrl Pts',(1.58951208782156,53.0127523007414,-2.25));
#2676=CARTESIAN_POINT('Ctrl Pts',(-1.23949286150568,52.9967837341456,-2.25));
#2677=CARTESIAN_POINT('Ctrl Pts',(-5.42038866227277,53.0079783636801,-2.25));
#2678=CARTESIAN_POINT('Ctrl Pts',(-9.03723918797465,53.0455681020475,-2.25));
#2679=CARTESIAN_POINT('Ctrl Pts',(-11.3923929057526,52.9534313840615,-2.25));
#2680=CARTESIAN_POINT('Ctrl Pts',(-13.2678910110223,52.6432387583742,-2.25));
#2681=CARTESIAN_POINT('Ctrl Pts',(-14.7173979614147,52.0071124444608,-2.25));
#2682=CARTESIAN_POINT('Ctrl Pts',(-16.032061417002,51.0101033255591,-2.25));
#2683=CARTESIAN_POINT('Ctrl Pts',(-17.4874967554388,49.6683134072935,-2.25));
#2684=CARTESIAN_POINT('Ctrl Pts',(-19.019843870665,48.034627982071,-2.25));
#2685=CARTESIAN_POINT('Ctrl Pts',(-20.4887613804118,46.13089275044,-2.25));
#2686=CARTESIAN_POINT('Ctrl Pts',(-21.9490716548907,43.9142235749565,-2.25));
#2687=CARTESIAN_POINT('Ctrl Pts',(-24.0552066271604,40.4938883114303,-2.25));
#2688=CARTESIAN_POINT('Ctrl Pts',(-26.4435159809148,36.593845971445,-2.25));
#2689=CARTESIAN_POINT('Ctrl Pts',(-28.5702892072641,33.0548772529114,-2.25));
#2690=CARTESIAN_POINT('Ctrl Pts',(-29.9960538264242,30.5910976982105,-2.25));
#2691=CARTESIAN_POINT('Ctrl Pts',(-31.3633057945564,28.1537269885711,-2.25));
#2692=CARTESIAN_POINT('Ctrl Pts',(-33.2748224801548,24.6939688925486,-2.25));
#2693=CARTESIAN_POINT('Ctrl Pts',(-35.268343140121,21.0762473030166,-2.25));
#2694=CARTESIAN_POINT('Ctrl Pts',(-36.9548694922136,18.0360571179196,-2.25));
#2695=CARTESIAN_POINT('Ctrl Pts',(-38.1704357650927,15.8838507208293,-2.25));
#2696=CARTESIAN_POINT('Ctrl Pts',(-39.507045294267,13.5794985607989,-2.25));
#2697=CARTESIAN_POINT('Ctrl Pts',(-40.9619249484826,11.1050434398792,-2.25));
#2698=CARTESIAN_POINT('Ctrl Pts',(-42.2687697474567,8.86555245159196,-2.25));
#2699=CARTESIAN_POINT('Ctrl Pts',(-43.1927628633301,7.21096269353131,-2.25));
#2700=CARTESIAN_POINT('Ctrl Pts',(-43.8797720948096,5.9347441446311,-2.25));
#2701=CARTESIAN_POINT('Ctrl Pts',(-44.2332298761358,4.96134879005823,-2.25));
#2702=CARTESIAN_POINT('Ctrl Pts',(-44.2294370531484,4.32510994046796,-2.25));
#2703=CARTESIAN_POINT('Ctrl Pts',(-44.1668977993363,3.9073690891897,-2.25));
#2704=CARTESIAN_POINT('Ctrl Pts',(-43.9757162389965,3.39959062144987,-2.25));
#2705=CARTESIAN_POINT('Ctrl Pts',(-43.6327632691396,2.82036433212607,-2.25));
#2706=CARTESIAN_POINT('Ctrl Pts',(-43.2174382298376,2.29617230787628,-2.25));
#2707=CARTESIAN_POINT('Ctrl Pts',(-42.6884067011445,1.88373730638819,-2.25));
#2708=CARTESIAN_POINT('Ctrl Pts',(-42.0132238144406,1.63420353802832,-2.25));
#2709=CARTESIAN_POINT('Ctrl Pts',(-41.3325135238456,1.53414127786347,-2.25));
#2710=CARTESIAN_POINT('Ctrl Pts',(-40.9897482710436,1.49805228076426,-2.25));
#2711=CARTESIAN_POINT('Ctrl Pts',(-40.7076973138771,1.46312667329719,-2.25));
#2712=CARTESIAN_POINT('Ctrl Pts',(-40.2938420992095,1.43232184436965,-2.25));
#2713=CARTESIAN_POINT('Ctrl Pts',(-39.4512238680677,1.39502894510345,-2.25));
#2714=CARTESIAN_POINT('Ctrl Pts',(-38.3167180709489,1.35554641240181,-2.25));
#2715=CARTESIAN_POINT('Ctrl Pts',(-35.848890774356,1.28062536161077,-2.25));
#2716=CARTESIAN_POINT('Ctrl Pts',(-33.1098959175795,1.20489738827136,-2.25));
#2717=CARTESIAN_POINT('Ctrl Pts',(-31.0240779481846,1.14349550273714,-2.25));
#2718=CARTESIAN_POINT('Ctrl Pts',(-31.0461467356238,0.393820260634958,-3.));
#2719=CARTESIAN_POINT('Ctrl Pts',(-33.1319647050187,0.455222146169182,-3.));
#2720=CARTESIAN_POINT('Ctrl Pts',(-35.8694708308305,0.530968754267034,-3.));
#2721=CARTESIAN_POINT('Ctrl Pts',(-38.3387407903503,0.605800124888025,-3.));
#2722=CARTESIAN_POINT('Ctrl Pts',(-39.4799253960192,0.645711139472869,-3.));
#2723=CARTESIAN_POINT('Ctrl Pts',(-40.3267906090277,0.682799229151138,-3.));
#2724=CARTESIAN_POINT('Ctrl Pts',(-40.7806083721881,0.716680269591398,-3.));
#2725=CARTESIAN_POINT('Ctrl Pts',(-41.0849277512259,0.754208320063343,-3.));
#2726=CARTESIAN_POINT('Ctrl Pts',(-41.4100166131174,0.788458315239434,-3.));
#2727=CARTESIAN_POINT('Ctrl Pts',(-42.1840572105636,0.899597336492106,-3.));
#2728=CARTESIAN_POINT('Ctrl Pts',(-43.0535140152801,1.2134593911115,-3.));
#2729=CARTESIAN_POINT('Ctrl Pts',(-43.7649816306614,1.77161687370259,-3.));
#2730=CARTESIAN_POINT('Ctrl Pts',(-44.2545196315764,2.39986309739396,-3.));
#2731=CARTESIAN_POINT('Ctrl Pts',(-44.6488158374274,3.05955727357952,-3.));
#2732=CARTESIAN_POINT('Ctrl Pts',(-44.8940620609005,3.70279492635571,-3.));
#2733=CARTESIAN_POINT('Ctrl Pts',(-44.9807512384349,4.26648325859535,-3.));
#2734=CARTESIAN_POINT('Ctrl Pts',(-44.9798569462495,5.13357843210849,-3.));
#2735=CARTESIAN_POINT('Ctrl Pts',(-44.5443003865134,6.28313393268847,-3.));
#2736=CARTESIAN_POINT('Ctrl Pts',(-43.8518632098054,7.56884188318892,-3.));
#2737=CARTESIAN_POINT('Ctrl Pts',(-42.9178558708951,9.2414318687089,-3.));
#2738=CARTESIAN_POINT('Ctrl Pts',(-41.6087341098424,11.4846071857196,-3.));
#2739=CARTESIAN_POINT('Ctrl Pts',(-40.1539372265117,13.9590410529281,-3.));
#2740=CARTESIAN_POINT('Ctrl Pts',(-38.8212093506915,16.2566996104827,-3.));
#2741=CARTESIAN_POINT('Ctrl Pts',(-37.609811414753,18.4015198806267,-3.));
#2742=CARTESIAN_POINT('Ctrl Pts',(-35.925207945322,21.4382178466861,-3.));
#2743=CARTESIAN_POINT('Ctrl Pts',(-33.9315954624559,25.056114615705,-3.));
#2744=CARTESIAN_POINT('Ctrl Pts',(-32.0192231645277,28.5174265175463,-3.));
#2745=CARTESIAN_POINT('Ctrl Pts',(-30.6479488862694,30.9620014757843,-3.));
#2746=CARTESIAN_POINT('Ctrl Pts',(-29.2160885871676,33.4363256610372,-3.));
#2747=CARTESIAN_POINT('Ctrl Pts',(-27.0826531114987,36.9862888262916,-3.));
#2748=CARTESIAN_POINT('Ctrl Pts',(-24.695991337273,40.8836663673278,-3.));
#2749=CARTESIAN_POINT('Ctrl Pts',(-22.5848399803587,44.3121098802572,-3.));
#2750=CARTESIAN_POINT('Ctrl Pts',(-21.1037880134371,46.5614192315912,-3.));
#2751=CARTESIAN_POINT('Ctrl Pts',(-19.5924230382817,48.5209043984617,-3.));
#2752=CARTESIAN_POINT('Ctrl Pts',(-18.0140199266783,50.2037606733997,-3.));
#2753=CARTESIAN_POINT('Ctrl Pts',(-16.5256752693749,51.5740908676662,-3.));
#2754=CARTESIAN_POINT('Ctrl Pts',(-15.1199658304536,52.6504745572454,-3.));
#2755=CARTESIAN_POINT('Ctrl Pts',(-13.4601186118774,53.3770551090197,-3.));
#2756=CARTESIAN_POINT('Ctrl Pts',(-11.4490297518014,53.7022026666511,-3.));
#2757=CARTESIAN_POINT('Ctrl Pts',(-9.04098199700644,53.7959706481165,-3.));
#2758=CARTESIAN_POINT('Ctrl Pts',(-5.40511998064244,53.7576956210312,-3.));
#2759=CARTESIAN_POINT('Ctrl Pts',(-1.25183854319415,53.7468042143391,-3.));
#2760=CARTESIAN_POINT('Ctrl Pts',(1.5964699816042,53.7624451236059,-3.));
#2761=CARTESIAN_POINT('Ctrl Pts',(2.97964235778594,53.7336562188913,-3.));
#2762=CARTESIAN_POINT('Ctrl Pts',(3.81784870043892,53.7395368201031,-3.));
#2763=CARTESIAN_POINT('Ctrl Pts',(4.60536274386428,53.7744613811387,-3.));
#2764=CARTESIAN_POINT('Ctrl Pts',(5.50707982399118,53.7833662580785,-3.));
#2765=CARTESIAN_POINT('Ctrl Pts',(6.37684828906115,53.6237153736422,-3.));
#2766=CARTESIAN_POINT('Ctrl Pts',(7.07230722354394,53.3197458898679,-3.));
#2767=CARTESIAN_POINT('Ctrl Pts',(8.07243124836636,52.6749115972564,-3.));
#2768=CARTESIAN_POINT('Ctrl Pts',(8.90268438113257,51.5525826212661,-3.));
#2769=CARTESIAN_POINT('Ctrl Pts',(9.51802435975271,50.5352124555817,-3.));
#2770=CARTESIAN_POINT('Ctrl Pts',(9.97719382401217,49.7172684590353,-3.));
#2771=CARTESIAN_POINT('Ctrl Pts',(10.5436622349009,48.6131409873951,-3.));
#2772=CARTESIAN_POINT('Ctrl Pts',(11.5001456454788,46.6318632515175,-3.));
#2773=CARTESIAN_POINT('Ctrl Pts',(12.7230509601303,43.902649291253,-3.));
#2774=CARTESIAN_POINT('Ctrl Pts',(13.8092554481198,41.1822580193531,-3.));
#2775=CARTESIAN_POINT('Ctrl Pts',(14.5706262379934,39.079915239442,-3.));
#2776=CARTESIAN_POINT('Ctrl Pts',(15.2750587764723,37.0494720599256,-3.));
#2777=CARTESIAN_POINT('Ctrl Pts',(15.8104439596159,35.5329605359908,-3.));
#2778=CARTESIAN_POINT('Ctrl Pts',(16.2053654674397,34.4218325294741,-3.));
#2779=CARTESIAN_POINT('Ctrl Pts',(16.7389207393089,32.9235344044577,-3.));
#2780=CARTESIAN_POINT('Ctrl Pts',(17.8886650780284,29.6785028045878,-3.));
#2781=CARTESIAN_POINT('Ctrl Pts',(19.0943496717144,26.0189989252137,-3.));
#2782=CARTESIAN_POINT('Ctrl Pts',(20.0605913590332,23.2244676295121,-3.));
#2783=CARTESIAN_POINT('Ctrl Pts',(20.5781852570698,21.7761742328253,-3.));
#2784=CARTESIAN_POINT('Ctrl Pts',(20.8453044107414,21.0340959724776,-3.));
#2785=CARTESIAN_POINT('Ctrl Pts',(21.0009346475581,20.6029753566571,-3.));
#2786=CARTESIAN_POINT('Ctrl Pts',(21.3944096629881,19.5139674412911,-3.));
#2787=CARTESIAN_POINT('Ctrl Pts',(22.1015206573812,17.5604195797058,-3.));
#2788=CARTESIAN_POINT('Ctrl Pts',(23.1501369461127,14.577326194903,-3.));
#2789=CARTESIAN_POINT('Ctrl Pts',(24.1131641763894,11.7061250866903,-3.));
#2790=CARTESIAN_POINT('Ctrl Pts',(24.664292688738,9.92359453578177,-3.));
#2791=CARTESIAN_POINT('Ctrl Pts',(24.9512704819431,8.89613112423918,-3.));
#2792=CARTESIAN_POINT('Ctrl Pts',(25.1248932027262,8.24198244874457,-3.));
#2793=CARTESIAN_POINT('Ctrl Pts',(25.3798242831112,7.16409376170814,-3.));
#2794=CARTESIAN_POINT('Ctrl Pts',(25.6569327468579,5.64462835589832,-3.));
#2795=CARTESIAN_POINT('Ctrl Pts',(25.6596357126213,3.91069105149065,-3.));
#2796=CARTESIAN_POINT('Ctrl Pts',(25.1752714789716,2.56294684545692,-3.));
#2797=CARTESIAN_POINT('Ctrl Pts',(24.5454040561463,1.68901990813315,-3.));
#2798=CARTESIAN_POINT('Ctrl Pts',(23.7238771246314,1.00188798460649,-3.));
#2799=CARTESIAN_POINT('Ctrl Pts',(22.4577110425652,0.291934970027889,-3.));
#2800=CARTESIAN_POINT('Ctrl Pts',(19.673061961922,-0.454750485105727,-3.));
#2801=CARTESIAN_POINT('Ctrl Pts',(16.175387796532,-0.350516283172484,-3.));
#2802=CARTESIAN_POINT('Ctrl Pts',(14.092362939079,-0.305189136775279,-3.));
#2803=CARTESIAN_POINT('Ctrl Pts',(14.1063251797469,0.44468457806522,-2.25));
#2804=CARTESIAN_POINT('Ctrl Pts',(16.1904349710624,0.399347974129791,-2.25));
#2805=CARTESIAN_POINT('Ctrl Pts',(19.6654348745934,0.309496191169714,-2.25));
#2806=CARTESIAN_POINT('Ctrl Pts',(22.1883580044106,1.00174344065396,-2.25));
#2807=CARTESIAN_POINT('Ctrl Pts',(23.3023618964146,1.62693615738941,-2.25));
#2808=CARTESIAN_POINT('Ctrl Pts',(23.9959024939348,2.21037416921637,-2.25));
#2809=CARTESIAN_POINT('Ctrl Pts',(24.5021679246885,2.91684340649694,-2.25));
#2810=CARTESIAN_POINT('Ctrl Pts',(24.900175426055,4.00868832838546,-2.25));
#2811=CARTESIAN_POINT('Ctrl Pts',(24.9103295834985,5.55316195506032,-2.25));
#2812=CARTESIAN_POINT('Ctrl Pts',(24.643953748241,7.01478999800237,-2.25));
#2813=CARTESIAN_POINT('Ctrl Pts',(24.3972965982341,8.05916166892916,-2.25));
#2814=CARTESIAN_POINT('Ctrl Pts',(24.2273606751069,8.69942693855407,-2.25));
#2815=CARTESIAN_POINT('Ctrl Pts',(23.9456606200997,9.70814891516062,-2.25));
#2816=CARTESIAN_POINT('Ctrl Pts',(23.39997689275,11.473743254934,-2.25));
#2817=CARTESIAN_POINT('Ctrl Pts',(22.4409005029016,14.3332563654384,-2.25));
#2818=CARTESIAN_POINT('Ctrl Pts',(21.395313006558,17.3078272960958,-2.25));
#2819=CARTESIAN_POINT('Ctrl Pts',(20.689206590135,19.2586257952393,-2.25));
#2820=CARTESIAN_POINT('Ctrl Pts',(20.2955306443785,20.3481925701828,-2.25));
#2821=CARTESIAN_POINT('Ctrl Pts',(20.1397618204019,20.779694995481,-2.25));
#2822=CARTESIAN_POINT('Ctrl Pts',(19.8722060974194,21.5229981115827,-2.25));
#2823=CARTESIAN_POINT('Ctrl Pts',(19.3532731305111,22.9749672402037,-2.25));
#2824=CARTESIAN_POINT('Ctrl Pts',(18.3821349639093,25.7838722425846,-2.25));
#2825=CARTESIAN_POINT('Ctrl Pts',(17.178492741891,29.4372831688178,-2.25));
#2826=CARTESIAN_POINT('Ctrl Pts',(16.0325885197465,32.671310932142,-2.25));
#2827=CARTESIAN_POINT('Ctrl Pts',(15.4987641418419,34.1704035132104,-2.25));
#2828=CARTESIAN_POINT('Ctrl Pts',(15.103594540868,35.2822138214044,-2.25));
#2829=CARTESIAN_POINT('Ctrl Pts',(14.5667993035515,36.8027738479211,-2.25));
#2830=CARTESIAN_POINT('Ctrl Pts',(13.8626222401587,38.8324197376188,-2.25));
#2831=CARTESIAN_POINT('Ctrl Pts',(13.1080138475358,40.9158221466528,-2.25));
#2832=CARTESIAN_POINT('Ctrl Pts',(12.0335078924304,43.607009681384,-2.25));
#2833=CARTESIAN_POINT('Ctrl Pts',(10.8190703889458,46.3177079045384,-2.25));
#2834=CARTESIAN_POINT('Ctrl Pts',(9.87125659559434,48.2803334192339,-2.25));
#2835=CARTESIAN_POINT('Ctrl Pts',(9.31464643150277,49.3657943210215,-2.25));
#2836=CARTESIAN_POINT('Ctrl Pts',(8.87068390600408,50.1542809138489,-2.25));
#2837=CARTESIAN_POINT('Ctrl Pts',(8.27532719738312,51.1437153615827,-2.25));
#2838=CARTESIAN_POINT('Ctrl Pts',(7.51868964998505,52.1449140754364,-2.25));
#2839=CARTESIAN_POINT('Ctrl Pts',(6.71535323548073,52.6563271197966,-2.25));
#2840=CARTESIAN_POINT('Ctrl Pts',(6.16358174956146,52.8992990968662,-2.25));
#2841=CARTESIAN_POINT('Ctrl Pts',(5.45640995989466,53.0307067961036,-2.25));
#2842=CARTESIAN_POINT('Ctrl Pts',(4.64144902745115,53.0264584500922,-2.25));
#2843=CARTESIAN_POINT('Ctrl Pts',(3.83952745145345,52.9899693478029,-2.25));
#2844=CARTESIAN_POINT('Ctrl Pts',(2.96736506883856,52.984083574054,-2.25));
#2845=CARTESIAN_POINT('Ctrl Pts',(1.58951208782156,53.0127523007414,-2.25));
#2846=CARTESIAN_POINT('Ctrl Pts',(-1.23949286150568,52.9967837341456,-2.25));
#2847=CARTESIAN_POINT('Ctrl Pts',(-5.42038866227277,53.0079783636801,-2.25));
#2848=CARTESIAN_POINT('Ctrl Pts',(-9.03723918797465,53.0455681020475,-2.25));
#2849=CARTESIAN_POINT('Ctrl Pts',(-11.3923929057526,52.9534313840615,-2.25));
#2850=CARTESIAN_POINT('Ctrl Pts',(-13.2678910110223,52.6432387583742,-2.25));
#2851=CARTESIAN_POINT('Ctrl Pts',(-14.7173979614147,52.0071124444608,-2.25));
#2852=CARTESIAN_POINT('Ctrl Pts',(-16.032061417002,51.0101033255591,-2.25));
#2853=CARTESIAN_POINT('Ctrl Pts',(-17.4874967554388,49.6683134072935,-2.25));
#2854=CARTESIAN_POINT('Ctrl Pts',(-19.019843870665,48.034627982071,-2.25));
#2855=CARTESIAN_POINT('Ctrl Pts',(-20.4887613804118,46.13089275044,-2.25));
#2856=CARTESIAN_POINT('Ctrl Pts',(-21.9490716548907,43.9142235749565,-2.25));
#2857=CARTESIAN_POINT('Ctrl Pts',(-24.0552066271604,40.4938883114303,-2.25));
#2858=CARTESIAN_POINT('Ctrl Pts',(-26.4435159809148,36.593845971445,-2.25));
#2859=CARTESIAN_POINT('Ctrl Pts',(-28.5702892072641,33.0548772529114,-2.25));
#2860=CARTESIAN_POINT('Ctrl Pts',(-29.9960538264242,30.5910976982105,-2.25));
#2861=CARTESIAN_POINT('Ctrl Pts',(-31.3633057945564,28.1537269885711,-2.25));
#2862=CARTESIAN_POINT('Ctrl Pts',(-33.2748224801548,24.6939688925486,-2.25));
#2863=CARTESIAN_POINT('Ctrl Pts',(-35.268343140121,21.0762473030166,-2.25));
#2864=CARTESIAN_POINT('Ctrl Pts',(-36.9548694922136,18.0360571179196,-2.25));
#2865=CARTESIAN_POINT('Ctrl Pts',(-38.1704357650927,15.8838507208293,-2.25));
#2866=CARTESIAN_POINT('Ctrl Pts',(-39.507045294267,13.5794985607989,-2.25));
#2867=CARTESIAN_POINT('Ctrl Pts',(-40.9619249484826,11.1050434398792,-2.25));
#2868=CARTESIAN_POINT('Ctrl Pts',(-42.2687697474567,8.86555245159196,-2.25));
#2869=CARTESIAN_POINT('Ctrl Pts',(-43.1927628633301,7.21096269353131,-2.25));
#2870=CARTESIAN_POINT('Ctrl Pts',(-43.8797720948096,5.9347441446311,-2.25));
#2871=CARTESIAN_POINT('Ctrl Pts',(-44.2332298761358,4.96134879005823,-2.25));
#2872=CARTESIAN_POINT('Ctrl Pts',(-44.2294370531484,4.32510994046796,-2.25));
#2873=CARTESIAN_POINT('Ctrl Pts',(-44.1668977993363,3.9073690891897,-2.25));
#2874=CARTESIAN_POINT('Ctrl Pts',(-43.9757162389965,3.39959062144987,-2.25));
#2875=CARTESIAN_POINT('Ctrl Pts',(-43.6327632691396,2.82036433212607,-2.25));
#2876=CARTESIAN_POINT('Ctrl Pts',(-43.2174382298376,2.29617230787628,-2.25));
#2877=CARTESIAN_POINT('Ctrl Pts',(-42.6884067011445,1.88373730638819,-2.25));
#2878=CARTESIAN_POINT('Ctrl Pts',(-42.0132238144406,1.63420353802832,-2.25));
#2879=CARTESIAN_POINT('Ctrl Pts',(-41.3325135238456,1.53414127786347,-2.25));
#2880=CARTESIAN_POINT('Ctrl Pts',(-40.9897482710436,1.49805228076426,-2.25));
#2881=CARTESIAN_POINT('Ctrl Pts',(-40.7076973138771,1.46312667329719,-2.25));
#2882=CARTESIAN_POINT('Ctrl Pts',(-40.2938420992095,1.43232184436965,-2.25));
#2883=CARTESIAN_POINT('Ctrl Pts',(-39.4512238680677,1.39502894510345,-2.25));
#2884=CARTESIAN_POINT('Ctrl Pts',(-38.3167180709489,1.35554641240181,-2.25));
#2885=CARTESIAN_POINT('Ctrl Pts',(-35.8501276067945,1.28066291074805,-2.25));
#2886=CARTESIAN_POINT('Ctrl Pts',(-33.113327459787,1.20499226595607,-2.25));
#2887=CARTESIAN_POINT('Ctrl Pts',(-31.0293047616583,1.14364936091876,-2.25));
#2888=CARTESIAN_POINT('Origin',(14.1063251793483,0.444684578073892,0.));
#2889=CARTESIAN_POINT('',(-31.0293047614321,1.14364936860341,-2.));
#2890=CARTESIAN_POINT('',(-31.0293047614321,1.14364936860341,0.));
#2891=CARTESIAN_POINT('',(-30.1507340247302,1.13004394109295,-2.));
#2892=CARTESIAN_POINT('',(-12.7582759799807,0.860706479877575,-2.00000000000003));
#2893=CARTESIAN_POINT('',(-31.0293047614321,1.14364936860341,-1.3624086172602));
#2894=CARTESIAN_POINT('',(-18.8714708499322,0.95537466202591,-10.1855229799909));
#2895=CARTESIAN_POINT('',(-31.0293047614321,1.14364936860341,1.41111111111111));
#2896=CARTESIAN_POINT('',(-31.0293047614321,1.14364936860341,0.));
#2897=CARTESIAN_POINT('',(-27.8496539097039,1.09440969809868,1.41111111111111));
#2898=CARTESIAN_POINT('',(-31.029305522029,1.1436493909937,1.41111111111111));
#2899=CARTESIAN_POINT('',(-23.149304275997,1.02162066310949,-2.00000000000001));
#2900=CARTESIAN_POINT('',(-18.4129010542742,0.948273306700815,-5.43727571678094));
#2901=CARTESIAN_POINT('',(-20.9008174654,0.986800873544134,-2.));
#2902=CARTESIAN_POINT('',(-10.5219159411482,0.826074484004828,-2.00000000000002));
#2903=CARTESIAN_POINT('',(-25.6011670991069,1.05958990853332,1.41111111111111));
#2904=CARTESIAN_POINT('',(-14.2250535281891,0.883420816171256,-6.84469758974415));
#2905=CARTESIAN_POINT('',(-18.5997373503737,0.951166630549856,1.41111111111111));
#2906=CARTESIAN_POINT('',(-31.029305522029,1.1436493909937,1.41111111111111));
#2907=CARTESIAN_POINT('',(-13.8993877166667,0.878377595560669,-2.00000000000001));
#2908=CARTESIAN_POINT('',(-13.7574133129793,0.876178997447145,-2.10303286003209));
#2909=CARTESIAN_POINT('',(-11.5875202095308,0.842576300341999,-2.0459962800732));
#2910=CARTESIAN_POINT('',(-8.32731863592001,0.792089220676353,-2.11086035390614));
#2911=CARTESIAN_POINT('',(-16.3512505397767,0.9163468409845,1.41111111111111));
#2912=CARTESIAN_POINT('',(-9.55398067768255,0.811085157837594,-3.5217650701708));
#2913=CARTESIAN_POINT('',(-9.34982079104346,0.807923563001034,1.41111111111111));
#2914=CARTESIAN_POINT('',(-31.029305522029,1.1436493909937,1.41111111111111));
#2915=CARTESIAN_POINT('',(-4.64947115733652,0.735134528011843,-2.00000000000001));
#2916=CARTESIAN_POINT('',(-9.11480877455405,0.804284195884921,1.2405595217266));
#2917=CARTESIAN_POINT('',(-2.33760365020058,0.699333232793178,-2.0459962800732));
#2918=CARTESIAN_POINT('',(-6.02763046674123,0.756476533183881,-1.97258052142471));
#2919=CARTESIAN_POINT('',(-7.10133398044641,0.773103773435677,1.41111111111111));
#2920=CARTESIAN_POINT('',(-4.84662335503066,0.738187602641287,-0.225164712189808));
#2921=CARTESIAN_POINT('',(-0.0999042317132348,0.664680495452211,1.41111111111111));
#2922=CARTESIAN_POINT('',(-31.029305522029,1.1436493909937,1.41111111111111));
#2923=CARTESIAN_POINT('',(4.6004454019937,0.591891460463021,-2.00000000000001));
#2924=CARTESIAN_POINT('',(-4.4196379527127,0.731575359337864,4.54600379804552));
#2925=CARTESIAN_POINT('',(6.91231290912965,0.556090165244356,-2.0459962800732));
#2926=CARTESIAN_POINT('',(-3.66305801043654,0.719859055619616,-1.83559160887437));
#2927=CARTESIAN_POINT('',(2.14858257888379,0.629860705886854,1.41111111111111));
#2928=CARTESIAN_POINT('',(-0.0708543271727335,0.664230632211646,3.02178829060612));
#2929=CARTESIAN_POINT('',(9.15001232761702,0.521437427903388,1.41111111111111));
#2930=CARTESIAN_POINT('',(-31.029305522029,1.1436493909937,1.41111111111111));
#2931=CARTESIAN_POINT('',(13.8503619613239,0.448648392914208,-2.00000000000001));
#2932=CARTESIAN_POINT('',(0.318053979749355,0.658208046113549,7.82058989482503));
#2933=CARTESIAN_POINT('',(14.1063251797469,0.44468457806522,-2.00509257379441));
#2934=CARTESIAN_POINT('',(-0.815047815951052,0.67575512083796,-1.70822104059967));
#2935=CARTESIAN_POINT('',(14.1063251797469,0.44468457806522,0.));
#2936=CARTESIAN_POINT('Origin',(-8.03473497026995,26.8903334783237,-3.));
#2937=CARTESIAN_POINT('',(-24.3722510994456,46.6031795261768,-3.));
#2938=CARTESIAN_POINT('',(-47.1166955184456,7.16617502184317,-3.));
#2939=CARTESIAN_POINT('',(-26.5990162756667,42.7421510188652,-3.));
#2940=CARTESIAN_POINT('',(-6.18082184134645,57.1116638326473,-3.));
#2941=CARTESIAN_POINT('Origin',(-6.18082184134641,36.1116638326472,-3.));
#2942=CARTESIAN_POINT('',(7.61359490183597,57.1116638326473,-3.));
#2943=CARTESIAN_POINT('',(-0.210570034216989,57.1116638326473,-3.));
#2944=CARTESIAN_POINT('',(16.5406747993021,50.8608551942412,-3.));
#2945=CARTESIAN_POINT('Origin',(7.613594901836,47.6116638326474,-3.));
#2946=CARTESIAN_POINT('',(31.3803420330651,10.0892045572567,-3.));
#2947=CARTESIAN_POINT('',(26.3751085858072,23.8409704326968,-3.));
#2948=CARTESIAN_POINT('',(21.983415825206,-3.33099687599997,-3.));
#2949=CARTESIAN_POINT('Origin',(21.983415825206,6.66900312400003,-3.));
#2950=CARTESIAN_POINT('',(-41.0528857657459,-3.33099687599998,-3.));
#2951=CARTESIAN_POINT('',(-24.5438103680079,-3.33099687599998,-3.));
#2952=CARTESIAN_POINT('Origin',(-41.0528857657459,3.66900312400002,-3.));
#2953=CARTESIAN_POINT('Origin',(-27.2487101777416,43.1168480079198,-2.25));
#2954=CARTESIAN_POINT('',(-25.6716389035956,47.352573504286,-1.5));
#2955=CARTESIAN_POINT('',(-25.6716389035956,47.352573504286,-1.5));
#2956=CARTESIAN_POINT('',(-48.4160833225956,7.91556899995241,-1.5));
#2957=CARTESIAN_POINT('',(-47.1166955184456,7.16617502184317,-3.));
#2958=CARTESIAN_POINT('',(-27.8984040798166,43.4915449969744,-1.5));
#2959=CARTESIAN_POINT('Origin',(-6.18082184134641,36.1116638326472,-2.25));
#2960=CARTESIAN_POINT('',(-6.18082184134645,58.6116638326473,-1.5));
#2961=CARTESIAN_POINT('',(-6.18082184134645,58.6116638326473,-1.5));
#2962=CARTESIAN_POINT('Origin',(-6.18082184134641,36.1116638326472,-1.5));
#2963=CARTESIAN_POINT('Origin',(-0.210570034216989,57.8616638326473,-2.25));
#2964=CARTESIAN_POINT('',(7.61359490183597,58.6116638326473,-1.5));
#2965=CARTESIAN_POINT('',(7.61359490183597,58.6116638326473,-1.5));
#2966=CARTESIAN_POINT('',(-0.210570034216989,58.6116638326473,-1.5));
#2967=CARTESIAN_POINT('Origin',(7.613594901836,47.6116638326474,-2.25));
#2968=CARTESIAN_POINT('',(17.950213730481,51.3738854092297,-1.5));
#2969=CARTESIAN_POINT('',(17.950213730481,51.3738854092297,-1.5));
#2970=CARTESIAN_POINT('Origin',(7.613594901836,47.6116638326474,-1.5));
#2971=CARTESIAN_POINT('Origin',(27.0798780513966,24.0974855401911,-2.25));
#2972=CARTESIAN_POINT('',(32.789880964244,10.6022347722452,-1.5));
#2973=CARTESIAN_POINT('',(32.789880964244,10.6022347722452,-1.5));
#2974=CARTESIAN_POINT('',(27.7846475169861,24.3540006476853,-1.5));
#2975=CARTESIAN_POINT('Origin',(21.983415825206,6.66900312400003,-2.25));
#2976=CARTESIAN_POINT('',(21.983415825206,-4.83099687599997,-1.5));
#2977=CARTESIAN_POINT('',(21.983415825206,-4.83099687599997,-1.5));
#2978=CARTESIAN_POINT('Origin',(21.983415825206,6.66900312400003,-1.5));
#2979=CARTESIAN_POINT('Origin',(-24.5438103680079,-4.08099687599998,-2.25));
#2980=CARTESIAN_POINT('',(-41.0528857657459,-4.83099687599998,-1.5));
#2981=CARTESIAN_POINT('',(-41.0528857657459,-4.83099687599998,-1.5));
#2982=CARTESIAN_POINT('',(-24.5438103680079,-4.83099687599998,-1.5));
#2983=CARTESIAN_POINT('Origin',(-41.0528857657459,3.66900312400002,-2.25));
#2984=CARTESIAN_POINT('Origin',(-41.0528857657459,3.66900312400002,-1.5));
#2985=CARTESIAN_POINT('Origin',(7.613594901836,47.6116638326474,0.));
#2986=CARTESIAN_POINT('',(7.61359490183597,58.6116638326473,1.41111111111111));
#2987=CARTESIAN_POINT('',(7.61359490183597,58.6116638326473,0.));
#2988=CARTESIAN_POINT('',(17.950213730481,51.3738854092297,1.41111111111111));
#2989=CARTESIAN_POINT('Origin',(7.613594901836,47.6116638326474,1.41111111111111));
#2990=CARTESIAN_POINT('',(17.950213730481,51.3738854092297,0.));
#2991=CARTESIAN_POINT('Origin',(7.61359490183597,58.6116638326473,0.));
#2992=CARTESIAN_POINT('',(-6.18082184134646,58.6116638326473,1.41111111111111));
#2993=CARTESIAN_POINT('',(-6.18082184134645,58.6116638326473,0.));
#2994=CARTESIAN_POINT('',(-6.18082184134645,58.6116638326473,1.41111111111111));
#2995=CARTESIAN_POINT('Origin',(-6.18082184134641,36.1116638326472,0.));
#2996=CARTESIAN_POINT('',(-25.6716389035956,47.352573504286,1.41111111111111));
#2997=CARTESIAN_POINT('',(-25.6716389035956,47.352573504286,0.));
#2998=CARTESIAN_POINT('Origin',(-6.18082184134641,36.1116638326472,1.41111111111111));
#2999=CARTESIAN_POINT('Origin',(-25.6716389035956,47.352573504286,0.));
#3000=CARTESIAN_POINT('',(-48.4160833225956,7.91556899995241,1.41111111111111));
#3001=CARTESIAN_POINT('',(-48.4160833225956,7.91556899995241,0.));
#3002=CARTESIAN_POINT('',(-48.4160833225956,7.91556899995241,1.41111111111111));
#3003=CARTESIAN_POINT('Origin',(-18.7407710849789,-1.14142591277289,3.49421513888292));
#3004=CARTESIAN_POINT('',(-18.7407710849789,-1.14142591277289,3.49421513888292));
#3005=CARTESIAN_POINT('',(-18.7720809090431,-3.16325684276697,4.5317258695393));
#3006=CARTESIAN_POINT('',(-18.7382631856274,-0.979478388962866,3.41111111111111));
#3007=CARTESIAN_POINT('',(-3.74278372247096,-1.37368289265754,3.45306598369092));
#3008=CARTESIAN_POINT('',(-18.7407710849789,-1.14142591277289,3.49421513888292));
#3009=CARTESIAN_POINT('',(-3.77533533880914,-3.47570252070748,4.53172586953929));
#3010=CARTESIAN_POINT('',(-3.74151761539342,-1.29192406690338,3.41111111111111));
#3011=CARTESIAN_POINT('',(-18.7720809090431,-3.16325684276697,4.5317258695393));
#3012=CARTESIAN_POINT('Origin',(-18.7720809090431,-3.16325684276697,4.5317258695393));
#3013=CARTESIAN_POINT('',(-18.7720809090431,-3.16325684276697,5.5317258695393));
#3014=CARTESIAN_POINT('',(-18.7720809090431,-3.16325684276697,5.5317258695393));
#3015=CARTESIAN_POINT('',(-3.77533533880914,-3.47570252070748,5.53172586953929));
#3016=CARTESIAN_POINT('',(-3.77533533880914,-3.47570252070748,5.53172586953929));
#3017=CARTESIAN_POINT('',(-18.7720809090431,-3.16325684276697,5.5317258695393));
#3018=CARTESIAN_POINT('Origin',(-18.7720809090431,-3.16325684276697,5.5317258695393));
#3019=CARTESIAN_POINT('',(-18.7614892155837,-2.47929856202778,7.41111111111111));
#3020=CARTESIAN_POINT('',(-18.7614892155837,-2.47929856202778,7.41111111111111));
#3021=CARTESIAN_POINT('',(-3.76474364534974,-2.79174423996829,7.41111111111111));
#3022=CARTESIAN_POINT('',(-3.76474364534974,-2.79174423996829,7.41111111111111));
#3023=CARTESIAN_POINT('',(-18.7614892155837,-2.47929856202778,7.41111111111111));
#3024=CARTESIAN_POINT('Origin',(-18.7382631856274,-0.979478388962866,5.41111111111111));
#3025=CARTESIAN_POINT('',(-18.7382631856274,-0.979478388962866,5.41111111111111));
#3026=CARTESIAN_POINT('',(-18.7407710849789,-1.14142591277289,5.41111111111111));
#3027=CARTESIAN_POINT('',(-18.7395049779014,-1.05966708701872,5.41111111111111));
#3028=CARTESIAN_POINT('',(-3.74151761539372,-1.2919240669228,5.41111111111111));
#3029=CARTESIAN_POINT('',(-31.0293020898086,-0.723404031678899,5.41111111111111));
#3030=CARTESIAN_POINT('',(-3.74278372247096,-1.37368289265754,5.41111111111111));
#3031=CARTESIAN_POINT('',(-3.74278372247096,-1.37368289265754,5.41111111111111));
#3032=CARTESIAN_POINT('',(-18.7407710849789,-1.14142591277289,5.41111111111111));
#3033=CARTESIAN_POINT('Origin',(-18.7407710849789,-1.14142591277289,5.41111111111111));
#3034=CARTESIAN_POINT('',(-18.7407710849789,-1.14142591277289,1.41111111111111));
#3035=CARTESIAN_POINT('',(-3.74278372247096,-1.37368289265754,1.41111111111111));
#3036=CARTESIAN_POINT('Origin',(-29.8317756594978,37.0985206748582,7.41111111111111));
#3037=CARTESIAN_POINT('',(-29.8317756594978,37.0985206748582,7.41111111111111));
#3038=CARTESIAN_POINT('',(-30.4222484730289,37.4438509084647,5.53172586953928));
#3039=CARTESIAN_POINT('',(-29.8317756594978,37.0985206748582,7.41111111111111));
#3040=CARTESIAN_POINT('',(-37.99483389699,24.4956483306236,5.53172586953928));
#3041=CARTESIAN_POINT('',(-30.4222484730289,37.4438509084647,5.53172586953928));
#3042=CARTESIAN_POINT('',(-37.404361083459,24.1503180970171,7.41111111111111));
#3043=CARTESIAN_POINT('',(-37.404361083459,24.1503180970171,7.41111111111111));
#3044=CARTESIAN_POINT('',(-29.8317756594978,37.0985206748582,7.41111111111111));
#3045=CARTESIAN_POINT('Origin',(-30.4222484730289,37.4438509084647,4.53172586953928));
#3046=CARTESIAN_POINT('',(-30.4222484730289,37.4438509084647,4.53172586953928));
#3047=CARTESIAN_POINT('',(-28.5369554017137,36.341262132462,3.41111111111111));
#3048=CARTESIAN_POINT('',(-30.4222484730289,37.4438509084647,4.53172586953928));
#3049=CARTESIAN_POINT('',(-36.1095408256749,23.3930595546209,3.41111111111111));
#3050=CARTESIAN_POINT('',(-26.3692782217848,40.0477271873521,3.41111111111111));
#3051=CARTESIAN_POINT('',(-37.99483389699,24.4956483306236,4.53172586953928));
#3052=CARTESIAN_POINT('',(-37.9948338969901,24.4956483306236,4.53172586953928));
#3053=CARTESIAN_POINT('',(-30.4222484730289,37.4438509084647,4.53172586953928));
#3054=CARTESIAN_POINT('Origin',(-30.4222484730289,37.4438509084647,5.53172586953928));
#3055=CARTESIAN_POINT('',(-30.4222484730289,37.4438509084647,5.53172586953928));
#3056=CARTESIAN_POINT('',(-37.9948338969901,24.4956483306236,5.53172586953928));
#3057=CARTESIAN_POINT('Origin',(19.9323639808048,33.2161818750518,5.53172586953929));
#3058=CARTESIAN_POINT('',(19.2860753037383,32.9920790868996,7.41111111111111));
#3059=CARTESIAN_POINT('',(19.9323639808048,33.2161818750518,5.53172586953929));
#3060=CARTESIAN_POINT('',(19.2860753037383,32.9920790868996,7.41111111111111));
#3061=CARTESIAN_POINT('',(24.2003206893993,18.8199165035283,7.41111111111114));
#3062=CARTESIAN_POINT('',(19.2860753037383,32.9920790868996,7.41111111111111));
#3063=CARTESIAN_POINT('',(24.8466093664659,19.0440192916805,5.53172586953933));
#3064=CARTESIAN_POINT('',(24.2003206893993,18.8199165035283,7.41111111111114));
#3065=CARTESIAN_POINT('',(19.9323639808048,33.2161818750518,5.53172586953929));
#3066=CARTESIAN_POINT('Origin',(19.9323639808048,33.2161818750518,4.53172586953929));
#3067=CARTESIAN_POINT('',(19.9323639808048,33.2161818750518,4.53172586953929));
#3068=CARTESIAN_POINT('',(19.9323639808048,33.2161818750518,5.53172586953929));
#3069=CARTESIAN_POINT('',(24.8466093664659,19.0440192916805,4.53172586953933));
#3070=CARTESIAN_POINT('',(24.8466093664659,19.0440192916805,5.53172586953933));
#3071=CARTESIAN_POINT('',(19.9323639808048,33.2161818750518,4.53172586953929));
#3072=CARTESIAN_POINT('Origin',(17.8688590454011,32.5006545483335,3.41111111111111));
#3073=CARTESIAN_POINT('',(17.8688590454011,32.5006545483334,3.41111111111111));
#3074=CARTESIAN_POINT('',(19.9323639808048,33.2161818750518,4.53172586953929));
#3075=CARTESIAN_POINT('',(22.7831044310621,18.3284919649622,3.41111111111114));
#3076=CARTESIAN_POINT('',(24.8466093664659,19.0440192916805,4.53172586953933));
#3077=CARTESIAN_POINT('',(22.2790490119707,19.7821343433532,3.41111111111168));
#3078=CARTESIAN_POINT('Origin',(-18.7083394113119,0.95284842096186,5.41111111111111));
#3079=CARTESIAN_POINT('',(-18.7083394113119,0.95284842096186,5.41111111111111));
#3080=CARTESIAN_POINT('',(-18.5087895609096,13.8387738988934,5.41111111111111));
#3081=CARTESIAN_POINT('',(-18.7083394113119,0.95284842096186,7.41111111111111));
#3082=CARTESIAN_POINT('',(-18.7382631856274,-0.979478388962866,7.41111111111111));
#3083=CARTESIAN_POINT('',(-18.7083394113119,0.95284842096186,5.41111111111111));
#3084=CARTESIAN_POINT('Origin',(-3.74151761539372,-1.2919240669228,5.41111111111111));
#3085=CARTESIAN_POINT('',(-3.71035204880393,0.720591441077204,5.41111111111111));
#3086=CARTESIAN_POINT('',(-3.52638498169659,12.6002591650087,5.41111111111111));
#3087=CARTESIAN_POINT('',(-3.71035204880393,0.720591441077204,7.41111111111111));
#3088=CARTESIAN_POINT('',(-3.71035204880393,0.720591441077204,5.41111111111111));
#3089=CARTESIAN_POINT('',(-3.74151761539342,-1.29192406690338,7.41111111111111));
#3090=CARTESIAN_POINT('Origin',(-11.2243076172157,-0.169537822980468,7.41111111111111));
#3091=CARTESIAN_POINT('',(-3.71035204880393,0.720591441077204,7.41111111111111));
#3092=CARTESIAN_POINT('Origin',(-9.63958153801709,26.5904421211609,5.41111111111111));
#3093=CARTESIAN_POINT('',(-31.0293047614321,1.14364936860341,5.41111111111111));
#3094=CARTESIAN_POINT('',(14.1063251797469,0.44468457806522,5.41111111111111));
#3095=CARTESIAN_POINT('',(-34.5083331138238,22.4566143525472,5.41111111111111));
#3096=CARTESIAN_POINT('Ctrl Pts',(-31.0293047614321,1.14364936860341,5.41111111111111));
#3097=CARTESIAN_POINT('Ctrl Pts',(-31.4923965682588,1.15728177111016,5.41111111111111));
#3098=CARTESIAN_POINT('Ctrl Pts',(-32.4312599674129,1.18465924877313,5.41111111111111));
#3099=CARTESIAN_POINT('Ctrl Pts',(-33.82739697118,1.22467875379216,5.41111111111111));
#3100=CARTESIAN_POINT('Ctrl Pts',(-35.6025769745363,1.27483222020805,5.41111111111111));
#3101=CARTESIAN_POINT('Ctrl Pts',(-37.5304220256284,1.33070538617622,5.41111111111111));
#3102=CARTESIAN_POINT('Ctrl Pts',(-39.0537444561606,1.37902123904011,5.41111111111111));
#3103=CARTESIAN_POINT('Ctrl Pts',(-40.0885235013311,1.42059337668404,5.41111111111111));
#3104=CARTESIAN_POINT('Ctrl Pts',(-40.5595849130188,1.44886119386997,5.41111111111111));
#3105=CARTESIAN_POINT('Ctrl Pts',(-40.7632539560959,1.47054991176524,5.41111111111111));
#3106=CARTESIAN_POINT('Ctrl Pts',(-40.885986176685,1.48487930392459,5.41111111111111));
#3107=CARTESIAN_POINT('Ctrl Pts',(-40.9491228257276,1.49229429135381,5.41111111111111));
#3108=CARTESIAN_POINT('Ctrl Pts',(-41.0122594747701,1.49970927878303,5.41111111111111));
#3109=CARTESIAN_POINT('Ctrl Pts',(-41.1420738503423,1.51503983634024,5.41111111111111));
#3110=CARTESIAN_POINT('Ctrl Pts',(-41.3776125907947,1.54123379852413,5.41111111111111));
#3111=CARTESIAN_POINT('Ctrl Pts',(-41.8544888935406,1.59716608782709,5.41111111111111));
#3112=CARTESIAN_POINT('Ctrl Pts',(-42.484808132911,1.77633736327655,5.41111111111111));
#3113=CARTESIAN_POINT('Ctrl Pts',(-43.0073391847148,2.0924081597932,5.41111111111111));
#3114=CARTESIAN_POINT('Ctrl Pts',(-43.4168950570098,2.51919754972368,5.41111111111111));
#3115=CARTESIAN_POINT('Ctrl Pts',(-43.7600096081382,3.01131310313793,5.41111111111111));
#3116=CARTESIAN_POINT('Ctrl Pts',(-44.0455770525288,3.53583814983622,5.41111111111111));
#3117=CARTESIAN_POINT('Ctrl Pts',(-44.2276961388554,4.08208676292433,5.41111111111111));
#3118=CARTESIAN_POINT('Ctrl Pts',(-44.2600297241986,4.64648064848934,5.41111111111111));
#3119=CARTESIAN_POINT('Ctrl Pts',(-44.1425446734626,5.22084208822588,5.41111111111111));
#3120=CARTESIAN_POINT('Ctrl Pts',(-43.9194063509235,5.79441600804641,5.41111111111111));
#3121=CARTESIAN_POINT('Ctrl Pts',(-43.6408066686697,6.36567955979279,5.41111111111111));
#3122=CARTESIAN_POINT('Ctrl Pts',(-43.329066372348,6.95475965058087,5.41111111111111));
#3123=CARTESIAN_POINT('Ctrl Pts',(-42.9768683396452,7.59775062411492,5.41111111111111));
#3124=CARTESIAN_POINT('Ctrl Pts',(-42.5669361536396,8.33025011962361,5.41111111111111));
#3125=CARTESIAN_POINT('Ctrl Pts',(-42.0847631949054,9.17433426065723,5.41111111111111));
#3126=CARTESIAN_POINT('Ctrl Pts',(-41.5342257279702,10.1241086837213,5.41111111111111));
#3127=CARTESIAN_POINT('Ctrl Pts',(-40.931616895397,11.1545712714819,5.41111111111111));
#3128=CARTESIAN_POINT('Ctrl Pts',(-40.3003412059918,12.230028367704,5.41111111111111));
#3129=CARTESIAN_POINT('Ctrl Pts',(-39.6651579431301,13.3129678447145,5.41111111111111));
#3130=CARTESIAN_POINT('Ctrl Pts',(-39.0470172310222,14.3721055289883,5.41111111111111));
#3131=CARTESIAN_POINT('Ctrl Pts',(-38.4566753742732,15.3923142773498,5.41111111111111));
#3132=CARTESIAN_POINT('Ctrl Pts',(-37.8920690633638,16.3786299127726,5.41111111111111));
#3133=CARTESIAN_POINT('Ctrl Pts',(-37.3433660611931,17.3481065893847,5.41111111111111));
#3134=CARTESIAN_POINT('Ctrl Pts',(-36.7963247691731,18.3243546296821,5.41111111111111));
#3135=CARTESIAN_POINT('Ctrl Pts',(-36.2364768705548,19.3307649868243,5.41111111111111));
#3136=CARTESIAN_POINT('Ctrl Pts',(-35.671796083258,20.3502277358222,5.41111111111111));
#3137=CARTESIAN_POINT('Ctrl Pts',(-35.2038049296068,21.1969504302035,5.41111111111111));
#3138=CARTESIAN_POINT('Ctrl Pts',(-34.8483523271759,21.840623895582,5.41111111111111));
#3139=CARTESIAN_POINT('Ctrl Pts',(-34.6150934256619,22.2631848332918,5.41111111111111));
#3140=CARTESIAN_POINT('Ctrl Pts',(-34.5083331138238,22.4566143525472,5.41111111111111));
#3141=CARTESIAN_POINT('',(-36.1095408256749,23.3930595546209,5.41111111111111));
#3142=CARTESIAN_POINT('',(-26.9443443160255,18.0329153122466,5.41111111111111));
#3143=CARTESIAN_POINT('',(-38.9303780992142,18.5697699630186,5.41111111111111));
#3144=CARTESIAN_POINT('',(-24.201601041856,43.7541922422422,5.41111111111111));
#3145=CARTESIAN_POINT('',(-31.0293020898086,-0.723404031678899,5.41111111111111));
#3146=CARTESIAN_POINT('Ctrl Pts',(-38.9303780992142,18.5697699630186,5.41111111111111));
#3147=CARTESIAN_POINT('Ctrl Pts',(-39.1788402638489,18.1338262799813,5.41111111111111));
#3148=CARTESIAN_POINT('Ctrl Pts',(-39.4273456354176,17.7005744884058,5.41111111111111));
#3149=CARTESIAN_POINT('Ctrl Pts',(-39.6805600771468,17.2626468711822,5.41111111111111));
#3150=CARTESIAN_POINT('Ctrl Pts',(-40.3655030028487,16.0780563662396,5.41111111111111));
#3151=CARTESIAN_POINT('Ctrl Pts',(-41.1172070513629,14.8064454769357,5.41111111111111));
#3152=CARTESIAN_POINT('Ctrl Pts',(-41.8920566145613,13.5013611640976,5.41111111111111));
#3153=CARTESIAN_POINT('Ctrl Pts',(-42.7430403641881,12.0680435307574,5.41111111111111));
#3154=CARTESIAN_POINT('Ctrl Pts',(-43.5746699357205,10.6668429223326,5.41111111111111));
#3155=CARTESIAN_POINT('Ctrl Pts',(-44.1927496274045,9.58923921297536,5.41111111111111));
#3156=CARTESIAN_POINT('Ctrl Pts',(-44.7018865191861,8.7015740614808,5.41111111111111));
#3157=CARTESIAN_POINT('Ctrl Pts',(-45.0747621333188,8.04750184787612,5.41111111111111));
#3158=CARTESIAN_POINT('Ctrl Pts',(-45.4380624572628,7.31953136075079,5.41111111111111));
#3159=CARTESIAN_POINT('Ctrl Pts',(-45.7063443576444,6.78195599173526,5.41111111111111));
#3160=CARTESIAN_POINT('Ctrl Pts',(-46.0056890731433,6.16090222818503,5.41111111111111));
#3161=CARTESIAN_POINT('Ctrl Pts',(-46.1320287884312,5.33167098778753,5.41111111111111));
#3162=CARTESIAN_POINT('Ctrl Pts',(-46.234667314108,4.65800260278593,5.41111111111111));
#3163=CARTESIAN_POINT('Ctrl Pts',(-46.1503920857698,3.87666744185406,5.41111111111111));
#3164=CARTESIAN_POINT('Ctrl Pts',(-45.9346325914865,3.26109295535112,5.41111111111111));
#3165=CARTESIAN_POINT('Ctrl Pts',(-45.7101775140936,2.62070946044089,5.41111111111111));
#3166=CARTESIAN_POINT('Ctrl Pts',(-45.4282327580302,2.14699253371442,5.41111111111111));
#3167=CARTESIAN_POINT('Ctrl Pts',(-45.0607845240573,1.65865502679737,5.41111111111111));
#3168=CARTESIAN_POINT('Ctrl Pts',(-44.7472302893707,1.24194246950862,5.41111111111111));
#3169=CARTESIAN_POINT('Ctrl Pts',(-44.3108901281872,0.784721333979395,5.41111111111111));
#3170=CARTESIAN_POINT('Ctrl Pts',(-43.7435273934624,0.440041287561874,5.41111111111111));
#3171=CARTESIAN_POINT('Ctrl Pts',(-43.0904820173436,0.0433079514139944,
5.41111111111111));
#3172=CARTESIAN_POINT('Ctrl Pts',(-42.3363131111155,-0.137915864413251,
5.41111111111111));
#3173=CARTESIAN_POINT('Ctrl Pts',(-41.8528457796704,-0.215138897703795,
5.41111111111111));
#3174=CARTESIAN_POINT('Ctrl Pts',(-41.4975796446973,-0.271884673030597,
5.41111111111111));
#3175=CARTESIAN_POINT('Ctrl Pts',(-41.3212766550662,-0.286877893048026,
5.41111111111111));
#3176=CARTESIAN_POINT('Ctrl Pts',(-41.1622555913108,-0.306414672800138,
5.41111111111111));
#3177=CARTESIAN_POINT('Ctrl Pts',(-41.1252531368488,-0.310960666808982,
5.41111111111111));
#3178=CARTESIAN_POINT('Ctrl Pts',(-41.0863442446816,-0.315741809505308,
5.41111111111111));
#3179=CARTESIAN_POINT('Ctrl Pts',(-41.0422565237285,-0.320916260920692,
5.41111111111111));
#3180=CARTESIAN_POINT('Ctrl Pts',(-40.7168634327961,-0.359106729911398,
5.41111111111111));
#3181=CARTESIAN_POINT('Ctrl Pts',(-40.1719153736544,-0.396320825370586,
5.41111111111111));
#3182=CARTESIAN_POINT('Ctrl Pts',(-39.1098357886182,-0.440246027236564,
5.41111111111111));
#3183=CARTESIAN_POINT('Ctrl Pts',(-37.9038543516991,-0.490122683194968,
5.41111111111111));
#3184=CARTESIAN_POINT('Ctrl Pts',(-36.0003529330574,-0.553641448573281,
5.41111111111111));
#3185=CARTESIAN_POINT('Ctrl Pts',(-33.8051371606059,-0.62802263948908,5.41111111111111));
#3186=CARTESIAN_POINT('Ctrl Pts',(-32.9072348120572,-0.658446548996872,
5.41111111111111));
#3187=CARTESIAN_POINT('Ctrl Pts',(-31.973183017836,-0.690482349668483,5.41111111111111));
#3188=CARTESIAN_POINT('Ctrl Pts',(-31.0293020898086,-0.723404031678899,
5.41111111111111));
#3189=CARTESIAN_POINT('',(-31.0293020898086,-0.723404031678899,5.41111111111111));
#3190=CARTESIAN_POINT('Origin',(-9.63958153801709,26.5904421211609,5.41111111111111));
#3191=CARTESIAN_POINT('',(11.5488703955712,-1.61048755964743,5.41111111111111));
#3192=CARTESIAN_POINT('',(-31.0293020898086,-0.723404031678899,5.41111111111111));
#3193=CARTESIAN_POINT('',(26.6892389785385,7.06361413837229,5.41111111111111));
#3194=CARTESIAN_POINT('Ctrl Pts',(11.5488703955712,-1.61048755964743,5.41111111111111));
#3195=CARTESIAN_POINT('Ctrl Pts',(12.1462917844662,-1.61659212182216,5.41111111111111));
#3196=CARTESIAN_POINT('Ctrl Pts',(12.7659238171305,-1.62761444660019,5.41111111111111));
#3197=CARTESIAN_POINT('Ctrl Pts',(13.4227542323043,-1.64456818375305,5.41111111111111));
#3198=CARTESIAN_POINT('Ctrl Pts',(15.7179104636291,-1.7038094651732,5.41111111111111));
#3199=CARTESIAN_POINT('Ctrl Pts',(18.4371824762678,-1.84581554999157,5.41111111111111));
#3200=CARTESIAN_POINT('Ctrl Pts',(20.6975055324484,-1.51487688031651,5.41111111111111));
#3201=CARTESIAN_POINT('Ctrl Pts',(22.0231660699639,-1.32078412285581,5.41111111111111));
#3202=CARTESIAN_POINT('Ctrl Pts',(23.1858358604778,-0.940521196804254,5.41111111111111));
#3203=CARTESIAN_POINT('Ctrl Pts',(24.1789779924148,-0.328500192207736,5.41111111111111));
#3204=CARTESIAN_POINT('Ctrl Pts',(24.983916902386,0.167541113943068,5.41111111111111));
#3205=CARTESIAN_POINT('Ctrl Pts',(25.7266575409162,0.860404977386082,5.41111111111111));
#3206=CARTESIAN_POINT('Ctrl Pts',(26.2202545893729,1.74226702356104,5.41111111111111));
#3207=CARTESIAN_POINT('Ctrl Pts',(26.7211803394836,2.63722255126441,5.41111111111111));
#3208=CARTESIAN_POINT('Ctrl Pts',(26.9079512020925,3.64292215864619,5.41111111111111));
#3209=CARTESIAN_POINT('Ctrl Pts',(26.9307799781681,4.51944949870256,5.41111111111111));
#3210=CARTESIAN_POINT('Ctrl Pts',(26.9555042380738,5.46875530897459,5.41111111111111));
#3211=CARTESIAN_POINT('Ctrl Pts',(26.8408905482179,6.28448286381315,5.41111111111111));
#3212=CARTESIAN_POINT('Ctrl Pts',(26.6892389785385,7.06361413837229,5.41111111111111));
#3213=CARTESIAN_POINT('',(22.7831044310623,18.3284919649622,5.41111111111111));
#3214=CARTESIAN_POINT('',(13.4478619789758,45.2503412833108,5.41111111111111));
#3215=CARTESIAN_POINT('',(21.2193398721342,17.7862513067165,5.41111111111111));
#3216=CARTESIAN_POINT('',(8.80856617553987,13.4827734844585,5.41111111111111));
#3217=CARTESIAN_POINT('',(14.1063251797469,0.44468457806522,5.41111111111111));
#3218=CARTESIAN_POINT('Ctrl Pts',(21.2193398721341,17.7862513067165,5.41111111111111));
#3219=CARTESIAN_POINT('Ctrl Pts',(21.245484556071,17.7132676504001,5.41111111111111));
#3220=CARTESIAN_POINT('Ctrl Pts',(21.3619376269077,17.3879405107779,5.41111111111111));
#3221=CARTESIAN_POINT('Ctrl Pts',(21.5701972469531,16.8041057370679,5.41111111111111));
#3222=CARTESIAN_POINT('Ctrl Pts',(21.8722065136553,15.9511646189148,5.41111111111111));
#3223=CARTESIAN_POINT('Ctrl Pts',(22.2660931453959,14.8240476936507,5.41111111111111));
#3224=CARTESIAN_POINT('Ctrl Pts',(22.7126664511479,13.5214796762086,5.41111111111111));
#3225=CARTESIAN_POINT('Ctrl Pts',(23.1333575623566,12.2655261451558,5.41111111111111));
#3226=CARTESIAN_POINT('Ctrl Pts',(23.5157526097068,11.0892784599498,5.41111111111111));
#3227=CARTESIAN_POINT('Ctrl Pts',(23.8505625171769,10.0164521992722,5.41111111111111));
#3228=CARTESIAN_POINT('Ctrl Pts',(24.1331648306553,9.05596695169136,5.41111111111111));
#3229=CARTESIAN_POINT('Ctrl Pts',(24.3664946188205,8.19335634532549,5.41111111111111));
#3230=CARTESIAN_POINT('Ctrl Pts',(24.5592283501974,7.39306721516914,5.41111111111111));
#3231=CARTESIAN_POINT('Ctrl Pts',(24.7176484215737,6.61488609838997,5.41111111111111));
#3232=CARTESIAN_POINT('Ctrl Pts',(24.8397783844144,5.82586992006603,5.41111111111111));
#3233=CARTESIAN_POINT('Ctrl Pts',(24.9071089482441,5.01612401782033,5.41111111111111));
#3234=CARTESIAN_POINT('Ctrl Pts',(24.8820341842642,4.20662330306129,5.41111111111111));
#3235=CARTESIAN_POINT('Ctrl Pts',(24.7245421791591,3.43219617721032,5.41111111111111));
#3236=CARTESIAN_POINT('Ctrl Pts',(24.4041942349484,2.72969580254348,5.41111111111111));
#3237=CARTESIAN_POINT('Ctrl Pts',(23.9172789206643,2.12177273216319,5.41111111111111));
#3238=CARTESIAN_POINT('Ctrl Pts',(23.2895301700349,1.6107911050977,5.41111111111111));
#3239=CARTESIAN_POINT('Ctrl Pts',(22.5440259399082,1.19210974397572,5.41111111111111));
#3240=CARTESIAN_POINT('Ctrl Pts',(21.6894997972288,0.859518263156942,5.41111111111111));
#3241=CARTESIAN_POINT('Ctrl Pts',(20.6707494213628,0.622160637108315,5.41111111111111));
#3242=CARTESIAN_POINT('Ctrl Pts',(19.4807573456097,0.476205939151109,5.41111111111111));
#3243=CARTESIAN_POINT('Ctrl Pts',(18.1500077740522,0.407393785870129,5.41111111111111));
#3244=CARTESIAN_POINT('Ctrl Pts',(16.7762768572948,0.395784029713015,5.41111111111111));
#3245=CARTESIAN_POINT('Ctrl Pts',(15.6663548444641,0.411486840032409,5.41111111111111));
#3246=CARTESIAN_POINT('Ctrl Pts',(14.8561908998464,0.428325633970551,5.41111111111111));
#3247=CARTESIAN_POINT('Ctrl Pts',(14.3399068414567,0.439603368175202,5.41111111111111));
#3248=CARTESIAN_POINT('Ctrl Pts',(14.1063251797469,0.44468457806522,5.41111111111111));
#3249=CARTESIAN_POINT('',(14.1063251797469,0.44468457806522,5.41111111111111));
#3250=CARTESIAN_POINT('Origin',(-27.0988518482797,35.500206245252,5.41111111111111));
#3251=CARTESIAN_POINT('',(-28.5369554017137,36.341262132462,5.41111111111111));
#3252=CARTESIAN_POINT('',(-27.0988518482797,35.500206245252,5.41111111111111));
#3253=CARTESIAN_POINT('',(-18.6527071153473,30.5605899464827,5.41111111111111));
#3254=CARTESIAN_POINT('',(-28.5369554017137,36.341262132462,3.41111111111111));
#3255=CARTESIAN_POINT('',(-27.0988518482797,35.500206245252,7.41111111111111));
#3256=CARTESIAN_POINT('',(-28.5369554017137,36.341262132462,7.41111111111111));
#3257=CARTESIAN_POINT('',(-27.0988518482797,35.500206245252,5.41111111111111));
#3258=CARTESIAN_POINT('Ctrl Pts',(-34.5083331138238,22.4566143525472,5.41111111111111));
#3259=CARTESIAN_POINT('Ctrl Pts',(-34.5083331138238,22.4566143525472,7.41111111111111));
#3260=CARTESIAN_POINT('Ctrl Pts',(-34.4873498378812,22.4946320850557,5.41111111111111));
#3261=CARTESIAN_POINT('Ctrl Pts',(-34.4873498378812,22.4946320850557,7.41111111111111));
#3262=CARTESIAN_POINT('Ctrl Pts',(-34.3384677813826,22.7643857449467,5.41111111111111));
#3263=CARTESIAN_POINT('Ctrl Pts',(-34.3384677813826,22.7643857449467,7.41111111111111));
#3264=CARTESIAN_POINT('Ctrl Pts',(-34.0597256394561,23.2695224974675,5.41111111111111));
#3265=CARTESIAN_POINT('Ctrl Pts',(-34.0597256394561,23.2695224974675,7.41111111111111));
#3266=CARTESIAN_POINT('Ctrl Pts',(-33.6480133344318,24.0158071006764,5.41111111111111));
#3267=CARTESIAN_POINT('Ctrl Pts',(-33.6480133344318,24.0158071006764,7.41111111111111));
#3268=CARTESIAN_POINT('Ctrl Pts',(-33.1030689013091,25.003687566751,5.41111111111111));
#3269=CARTESIAN_POINT('Ctrl Pts',(-33.1030689013091,25.003687566751,7.41111111111111));
#3270=CARTESIAN_POINT('Ctrl Pts',(-32.4538766495368,26.1798646702989,5.41111111111111));
#3271=CARTESIAN_POINT('Ctrl Pts',(-32.4538766495368,26.1798646702989,7.41111111111111));
#3272=CARTESIAN_POINT('Ctrl Pts',(-31.8169136682105,27.3317242976546,5.41111111111111));
#3273=CARTESIAN_POINT('Ctrl Pts',(-31.8169136682105,27.3317242976546,7.41111111111111));
#3274=CARTESIAN_POINT('Ctrl Pts',(-31.1937397877585,28.4538922132891,5.41111111111111));
#3275=CARTESIAN_POINT('Ctrl Pts',(-31.1937397877585,28.4538922132891,7.41111111111111));
#3276=CARTESIAN_POINT('Ctrl Pts',(-30.5791262869125,29.5521159933692,5.41111111111111));
#3277=CARTESIAN_POINT('Ctrl Pts',(-30.5791262869125,29.5521159933692,7.41111111111111));
#3278=CARTESIAN_POINT('Ctrl Pts',(-29.9638751051084,30.6389502805978,5.41111111111111));
#3279=CARTESIAN_POINT('Ctrl Pts',(-29.9638751051084,30.6389502805978,7.41111111111111));
#3280=CARTESIAN_POINT('Ctrl Pts',(-29.3368783462975,31.7306511756651,5.41111111111111));
#3281=CARTESIAN_POINT('Ctrl Pts',(-29.3368783462975,31.7306511756651,7.41111111111111));
#3282=CARTESIAN_POINT('Ctrl Pts',(-28.6874783506187,32.8435924412302,5.41111111111111));
#3283=CARTESIAN_POINT('Ctrl Pts',(-28.6874783506187,32.8435924412302,7.41111111111111));
#3284=CARTESIAN_POINT('Ctrl Pts',(-28.1085968215955,33.8205968245225,5.41111111111111));
#3285=CARTESIAN_POINT('Ctrl Pts',(-28.1085968215955,33.8205968245225,7.41111111111111));
#3286=CARTESIAN_POINT('Ctrl Pts',(-27.647953855998,34.589759998147,5.41111111111111));
#3287=CARTESIAN_POINT('Ctrl Pts',(-27.647953855998,34.589759998147,7.41111111111111));
#3288=CARTESIAN_POINT('Ctrl Pts',(-27.3210056487642,35.1324879437543,5.41111111111111));
#3289=CARTESIAN_POINT('Ctrl Pts',(-27.3210056487642,35.1324879437543,7.41111111111111));
#3290=CARTESIAN_POINT('Ctrl Pts',(-27.1367186456602,35.4375557629179,5.41111111111111));
#3291=CARTESIAN_POINT('Ctrl Pts',(-27.1367186456602,35.4375557629179,7.41111111111111));
#3292=CARTESIAN_POINT('Ctrl Pts',(-27.0988518482797,35.500206245252,5.41111111111111));
#3293=CARTESIAN_POINT('Ctrl Pts',(-27.0988518482797,35.500206245252,7.41111111111111));
#3294=CARTESIAN_POINT('Ctrl Pts',(-34.5083331138238,22.4566143525472,5.41111111111111));
#3295=CARTESIAN_POINT('Ctrl Pts',(-34.4873498378812,22.4946320850557,5.41111111111111));
#3296=CARTESIAN_POINT('Ctrl Pts',(-34.3384677813826,22.7643857449467,5.41111111111111));
#3297=CARTESIAN_POINT('Ctrl Pts',(-34.0597256394561,23.2695224974675,5.41111111111111));
#3298=CARTESIAN_POINT('Ctrl Pts',(-33.6480133344318,24.0158071006764,5.41111111111111));
#3299=CARTESIAN_POINT('Ctrl Pts',(-33.1030689013091,25.003687566751,5.41111111111111));
#3300=CARTESIAN_POINT('Ctrl Pts',(-32.4538766495368,26.1798646702989,5.41111111111111));
#3301=CARTESIAN_POINT('Ctrl Pts',(-31.8169136682105,27.3317242976546,5.41111111111111));
#3302=CARTESIAN_POINT('Ctrl Pts',(-31.1937397877585,28.4538922132891,5.41111111111111));
#3303=CARTESIAN_POINT('Ctrl Pts',(-30.5791262869125,29.5521159933692,5.41111111111111));
#3304=CARTESIAN_POINT('Ctrl Pts',(-29.9638751051084,30.6389502805978,5.41111111111111));
#3305=CARTESIAN_POINT('Ctrl Pts',(-29.3368783462975,31.7306511756651,5.41111111111111));
#3306=CARTESIAN_POINT('Ctrl Pts',(-28.6874783506187,32.8435924412302,5.41111111111111));
#3307=CARTESIAN_POINT('Ctrl Pts',(-28.1085968215955,33.8205968245225,5.41111111111111));
#3308=CARTESIAN_POINT('Ctrl Pts',(-27.647953855998,34.589759998147,5.41111111111111));
#3309=CARTESIAN_POINT('Ctrl Pts',(-27.3210056487642,35.1324879437543,5.41111111111111));
#3310=CARTESIAN_POINT('Ctrl Pts',(-27.1367186456602,35.4375557629179,5.41111111111111));
#3311=CARTESIAN_POINT('Ctrl Pts',(-27.0988518482797,35.500206245252,5.41111111111111));
#3312=CARTESIAN_POINT('',(-34.5083331138238,22.4566143525472,7.41111111111111));
#3313=CARTESIAN_POINT('Ctrl Pts',(-34.5083331138238,22.4566143525472,7.41111111111111));
#3314=CARTESIAN_POINT('Ctrl Pts',(-34.4873498378812,22.4946320850557,7.41111111111111));
#3315=CARTESIAN_POINT('Ctrl Pts',(-34.3384677813826,22.7643857449467,7.41111111111111));
#3316=CARTESIAN_POINT('Ctrl Pts',(-34.0597256394561,23.2695224974675,7.41111111111111));
#3317=CARTESIAN_POINT('Ctrl Pts',(-33.6480133344318,24.0158071006764,7.41111111111111));
#3318=CARTESIAN_POINT('Ctrl Pts',(-33.1030689013091,25.003687566751,7.41111111111111));
#3319=CARTESIAN_POINT('Ctrl Pts',(-32.4538766495368,26.1798646702989,7.41111111111111));
#3320=CARTESIAN_POINT('Ctrl Pts',(-31.8169136682105,27.3317242976546,7.41111111111111));
#3321=CARTESIAN_POINT('Ctrl Pts',(-31.1937397877585,28.4538922132891,7.41111111111111));
#3322=CARTESIAN_POINT('Ctrl Pts',(-30.5791262869125,29.5521159933692,7.41111111111111));
#3323=CARTESIAN_POINT('Ctrl Pts',(-29.9638751051084,30.6389502805978,7.41111111111111));
#3324=CARTESIAN_POINT('Ctrl Pts',(-29.3368783462975,31.7306511756651,7.41111111111111));
#3325=CARTESIAN_POINT('Ctrl Pts',(-28.6874783506187,32.8435924412302,7.41111111111111));
#3326=CARTESIAN_POINT('Ctrl Pts',(-28.1085968215955,33.8205968245225,7.41111111111111));
#3327=CARTESIAN_POINT('Ctrl Pts',(-27.647953855998,34.589759998147,7.41111111111111));
#3328=CARTESIAN_POINT('Ctrl Pts',(-27.3210056487642,35.1324879437543,7.41111111111111));
#3329=CARTESIAN_POINT('Ctrl Pts',(-27.1367186456602,35.4375557629179,7.41111111111111));
#3330=CARTESIAN_POINT('Ctrl Pts',(-27.0988518482797,35.500206245252,7.41111111111111));
#3331=CARTESIAN_POINT('',(-34.5083331138238,22.4566143525472,5.41111111111111));
#3332=CARTESIAN_POINT('Origin',(-36.1095408256749,23.3930595546209,5.41111111111111));
#3333=CARTESIAN_POINT('',(-36.1095408256749,23.3930595546209,7.41111111111111));
#3334=CARTESIAN_POINT('',(-36.1095408256749,23.3930595546209,3.41111111111111));
#3335=CARTESIAN_POINT('Origin',(-31.6041963369773,29.3989382425046,7.41111111111111));
#3336=CARTESIAN_POINT('Origin',(-9.63958153801709,26.5904421211609,5.41111111111111));
#3337=CARTESIAN_POINT('',(16.2863168322403,31.951902674871,5.41111111111111));
#3338=CARTESIAN_POINT('Ctrl Pts',(-27.0988518482797,35.500206245252,5.41111111111111));
#3339=CARTESIAN_POINT('Ctrl Pts',(-26.9898702934234,35.6805158423023,5.41111111111111));
#3340=CARTESIAN_POINT('Ctrl Pts',(-26.7323337710393,36.1059489200839,5.41111111111111));
#3341=CARTESIAN_POINT('Ctrl Pts',(-26.3211374132234,36.7830149930951,5.41111111111111));
#3342=CARTESIAN_POINT('Ctrl Pts',(-25.7503524856956,37.7193392359725,5.41111111111111));
#3343=CARTESIAN_POINT('Ctrl Pts',(-25.0203524819159,38.9136982005311,5.41111111111111));
#3344=CARTESIAN_POINT('Ctrl Pts',(-24.2562647771875,40.1623916777032,5.41111111111111));
#3345=CARTESIAN_POINT('Ctrl Pts',(-23.5096397065269,41.3807683963051,5.41111111111111));
#3346=CARTESIAN_POINT('Ctrl Pts',(-22.7889224775841,42.5513079677698,5.41111111111111));
#3347=CARTESIAN_POINT('Ctrl Pts',(-22.0970026823866,43.6611601528141,5.41111111111111));
#3348=CARTESIAN_POINT('Ctrl Pts',(-21.4291322639473,44.7045691046966,5.41111111111111));
#3349=CARTESIAN_POINT('Ctrl Pts',(-20.7759876941721,45.6809849330995,5.41111111111111));
#3350=CARTESIAN_POINT('Ctrl Pts',(-20.1265811559237,46.5932643071778,5.41111111111111));
#3351=CARTESIAN_POINT('Ctrl Pts',(-19.4713737915364,47.4457901549104,5.41111111111111));
#3352=CARTESIAN_POINT('Ctrl Pts',(-18.8049712358402,48.242736337094,5.41111111111111));
#3353=CARTESIAN_POINT('Ctrl Pts',(-18.1297983456957,48.9860047325666,5.41111111111111));
#3354=CARTESIAN_POINT('Ctrl Pts',(-17.4567868584881,49.6741612878845,5.41111111111111));
#3355=CARTESIAN_POINT('Ctrl Pts',(-16.7989228507859,50.3038426054277,5.41111111111111));
#3356=CARTESIAN_POINT('Ctrl Pts',(-16.1658522380624,50.870704182076,5.41111111111111));
#3357=CARTESIAN_POINT('Ctrl Pts',(-15.5587383825739,51.3705132184858,5.41111111111111));
#3358=CARTESIAN_POINT('Ctrl Pts',(-14.9633126294179,51.8002736759692,5.41111111111111));
#3359=CARTESIAN_POINT('Ctrl Pts',(-14.3538071791809,52.1587680446745,5.41111111111111));
#3360=CARTESIAN_POINT('Ctrl Pts',(-13.7008794143711,52.4468411084402,5.41111111111111));
#3361=CARTESIAN_POINT('Ctrl Pts',(-12.9784263826443,52.6677958501794,5.41111111111111));
#3362=CARTESIAN_POINT('Ctrl Pts',(-12.1703127428079,52.8276723840833,5.41111111111111));
#3363=CARTESIAN_POINT('Ctrl Pts',(-11.2689839324388,52.9345369139361,5.41111111111111));
#3364=CARTESIAN_POINT('Ctrl Pts',(-10.2747200165452,52.9978308852475,5.41111111111111));
#3365=CARTESIAN_POINT('Ctrl Pts',(-9.19463158164369,53.0277009158757,5.41111111111111));
#3366=CARTESIAN_POINT('Ctrl Pts',(-8.04179525161185,53.034329693347,5.41111111111111));
#3367=CARTESIAN_POINT('Ctrl Pts',(-6.83414431745272,53.0273114311465,5.41111111111111));
#3368=CARTESIAN_POINT('Ctrl Pts',(-5.59332327957256,53.0150361711277,5.41111111111111));
#3369=CARTESIAN_POINT('Ctrl Pts',(-4.34354524107172,53.0040841883072,5.41111111111111));
#3370=CARTESIAN_POINT('Ctrl Pts',(-3.11046700569345,52.998585890479,5.41111111111111));
#3371=CARTESIAN_POINT('Ctrl Pts',(-1.92001438134851,52.9996662241957,5.41111111111111));
#3372=CARTESIAN_POINT('Ctrl Pts',(-0.797342390123965,53.0046650116141,5.41111111111111));
#3373=CARTESIAN_POINT('Ctrl Pts',(0.235827949036798,53.0090567412928,5.41111111111111));
#3374=CARTESIAN_POINT('Ctrl Pts',(1.16400311148683,53.0085976564046,5.41111111111111));
#3375=CARTESIAN_POINT('Ctrl Pts',(1.98073495505622,53.0014850183918,5.41111111111111));
#3376=CARTESIAN_POINT('Ctrl Pts',(2.69127061455027,52.9902987997864,5.41111111111111));
#3377=CARTESIAN_POINT('Ctrl Pts',(3.31570390231803,52.9845918279167,5.41111111111111));
#3378=CARTESIAN_POINT('Ctrl Pts',(3.88255982783062,52.9930048394878,5.41111111111111));
#3379=CARTESIAN_POINT('Ctrl Pts',(4.42200329936054,53.0156422927076,5.41111111111111));
#3380=CARTESIAN_POINT('Ctrl Pts',(4.95879744284964,53.0344868353643,5.41111111111111));
#3381=CARTESIAN_POINT('Ctrl Pts',(5.50797181941743,53.0174353662644,5.41111111111111));
#3382=CARTESIAN_POINT('Ctrl Pts',(6.07118063304144,52.9260068199611,5.41111111111111));
#3383=CARTESIAN_POINT('Ctrl Pts',(6.63305685590134,52.7220632116324,5.41111111111111));
#3384=CARTESIAN_POINT('Ctrl Pts',(7.16999538778349,52.3835035535637,5.41111111111111));
#3385=CARTESIAN_POINT('Ctrl Pts',(7.65885520619966,51.9203075562546,5.41111111111111));
#3386=CARTESIAN_POINT('Ctrl Pts',(8.08527270489514,51.3885801638961,5.41111111111111));
#3387=CARTESIAN_POINT('Ctrl Pts',(8.44695397690802,50.8518427808403,5.41111111111111));
#3388=CARTESIAN_POINT('Ctrl Pts',(8.75625480853576,50.3489782903323,5.41111111111111));
#3389=CARTESIAN_POINT('Ctrl Pts',(9.04519234614918,49.8507611583273,5.41111111111111));
#3390=CARTESIAN_POINT('Ctrl Pts',(9.35401574505891,49.2867327364915,5.41111111111111));
#3391=CARTESIAN_POINT('Ctrl Pts',(9.71753369074273,48.5842005915306,5.41111111111111));
#3392=CARTESIAN_POINT('Ctrl Pts',(10.1490546737942,47.710893763623,5.41111111111111));
#3393=CARTESIAN_POINT('Ctrl Pts',(10.6397659983934,46.6804445641825,5.41111111111111));
#3394=CARTESIAN_POINT('Ctrl Pts',(11.1679212901226,45.5332643551277,5.41111111111111));
#3395=CARTESIAN_POINT('Ctrl Pts',(11.7049911639634,44.3250721671638,5.41111111111111));
#3396=CARTESIAN_POINT('Ctrl Pts',(12.2231167936531,43.1121674785878,5.41111111111111));
#3397=CARTESIAN_POINT('Ctrl Pts',(12.7018949797588,41.9383036902927,5.41111111111111));
#3398=CARTESIAN_POINT('Ctrl Pts',(13.1357498572729,40.8203174946979,5.41111111111111));
#3399=CARTESIAN_POINT('Ctrl Pts',(13.5301930635719,39.7545459161264,5.41111111111111));
#3400=CARTESIAN_POINT('Ctrl Pts',(13.8978049877663,38.7237494463044,5.41111111111111));
#3401=CARTESIAN_POINT('Ctrl Pts',(14.2542112783808,37.7040235180081,5.41111111111111));
#3402=CARTESIAN_POINT('Ctrl Pts',(14.614302091245,36.6713278273332,5.41111111111111));
#3403=CARTESIAN_POINT('Ctrl Pts',(14.9877686578613,35.6091081977306,5.41111111111111));
#3404=CARTESIAN_POINT('Ctrl Pts',(15.3768474886881,34.5123765353164,5.41111111111111));
#3405=CARTESIAN_POINT('Ctrl Pts',(15.7178166675638,33.5555142653562,5.41111111111111));
#3406=CARTESIAN_POINT('Ctrl Pts',(15.9821318883067,32.8122188764633,5.41111111111111));
#3407=CARTESIAN_POINT('Ctrl Pts',(16.1653505012006,32.294708865856,5.41111111111111));
#3408=CARTESIAN_POINT('Ctrl Pts',(16.2667080989184,32.0075019173085,5.41111111111111));
#3409=CARTESIAN_POINT('Ctrl Pts',(16.2863168322403,31.951902674871,5.41111111111111));
#3410=CARTESIAN_POINT('',(17.8688590454011,32.5006545483335,5.41111111111111));
#3411=CARTESIAN_POINT('',(4.67620306934277,27.9260563969526,5.41111111111111));
#3412=CARTESIAN_POINT('',(13.4478619789758,45.2503412833109,5.41111111111111));
#3413=CARTESIAN_POINT('',(13.4478619789758,45.2503412833108,5.41111111111111));
#3414=CARTESIAN_POINT('',(5.13551960006964,55.0266997923133,5.41111111111111));
#3415=CARTESIAN_POINT('Ctrl Pts',(13.4478619789758,45.2503412833109,5.41111111111111));
#3416=CARTESIAN_POINT('Ctrl Pts',(13.1746329607636,45.937541340199,5.41111111111111));
#3417=CARTESIAN_POINT('Ctrl Pts',(12.8985148249761,46.6100004799441,5.41111111111111));
#3418=CARTESIAN_POINT('Ctrl Pts',(12.6352709885083,47.2319353460485,5.41111111111111));
#3419=CARTESIAN_POINT('Ctrl Pts',(12.1445087505542,48.3914008471084,5.41111111111111));
#3420=CARTESIAN_POINT('Ctrl Pts',(11.7218011398146,49.3276391597424,5.41111111111111));
#3421=CARTESIAN_POINT('Ctrl Pts',(11.3818563133989,50.0262332041601,5.41111111111111));
#3422=CARTESIAN_POINT('Ctrl Pts',(10.984093493401,50.8436444884297,5.41111111111111));
#3423=CARTESIAN_POINT('Ctrl Pts',(10.697815300373,51.4104503779616,5.41111111111111));
#3424=CARTESIAN_POINT('Ctrl Pts',(10.1709613051693,52.212314545296,5.41111111111111));
#3425=CARTESIAN_POINT('Ctrl Pts',(9.7749654874249,52.8150144575188,5.41111111111111));
#3426=CARTESIAN_POINT('Ctrl Pts',(9.21522132252163,53.5343100047917,5.41111111111111));
#3427=CARTESIAN_POINT('Ctrl Pts',(8.4475993502891,54.0730188576282,5.41111111111111));
#3428=CARTESIAN_POINT('Ctrl Pts',(7.74896678194266,54.5633116880348,5.41111111111111));
#3429=CARTESIAN_POINT('Ctrl Pts',(6.92437278164272,54.836927929605,5.41111111111111));
#3430=CARTESIAN_POINT('Ctrl Pts',(6.24722839142671,54.9397572978899,5.41111111111111));
#3431=CARTESIAN_POINT('Ctrl Pts',(5.82177422156551,55.0043656504852,5.41111111111111));
#3432=CARTESIAN_POINT('Ctrl Pts',(5.45754461588282,55.022570905515,5.41111111111111));
#3433=CARTESIAN_POINT('Ctrl Pts',(5.13551960006964,55.0266997923133,5.41111111111111));
#3434=CARTESIAN_POINT('',(-9.60000019515448,55.0266997923133,5.41111111111111));
#3435=CARTESIAN_POINT('',(5.13551960006964,55.0266997923133,5.41111111111111));
#3436=CARTESIAN_POINT('',(-24.201601041856,43.7541922422422,5.41111111111111));
#3437=CARTESIAN_POINT('Ctrl Pts',(-9.6000001951584,55.0266997923132,5.41111111111111));
#3438=CARTESIAN_POINT('Ctrl Pts',(-11.3139240928497,54.9818994481463,5.41111111111111));
#3439=CARTESIAN_POINT('Ctrl Pts',(-12.8614076361435,54.8189284487641,5.41111111111111));
#3440=CARTESIAN_POINT('Ctrl Pts',(-14.2295295248519,54.2879565889816,5.41111111111111));
#3441=CARTESIAN_POINT('Ctrl Pts',(-15.2666067546139,53.8854640698796,5.41111111111111));
#3442=CARTESIAN_POINT('Ctrl Pts',(-16.1270246906197,53.2945301740377,5.41111111111111));
#3443=CARTESIAN_POINT('Ctrl Pts',(-16.925068215495,52.6390900181628,5.41111111111111));
#3444=CARTESIAN_POINT('Ctrl Pts',(-17.8569269050115,51.8737462923234,5.41111111111111));
#3445=CARTESIAN_POINT('Ctrl Pts',(-18.809421113879,50.9674453902293,5.41111111111111));
#3446=CARTESIAN_POINT('Ctrl Pts',(-19.7908148993135,49.8802491862837,5.41111111111111));
#3447=CARTESIAN_POINT('Ctrl Pts',(-20.9450461864061,48.6015821594219,5.41111111111111));
#3448=CARTESIAN_POINT('Ctrl Pts',(-22.0395120647802,47.1056800955473,5.41111111111111));
#3449=CARTESIAN_POINT('Ctrl Pts',(-23.1351348052699,45.4232605545039,5.41111111111111));
#3450=CARTESIAN_POINT('Ctrl Pts',(-23.4832650347832,44.8886777283941,5.41111111111111));
#3451=CARTESIAN_POINT('Ctrl Pts',(-23.8389104204708,44.3305681564284,5.41111111111111));
#3452=CARTESIAN_POINT('Ctrl Pts',(-24.201601041856,43.7541922422422,5.41111111111111));
#3453=CARTESIAN_POINT('',(-24.201601041856,43.7541922422422,5.41111111111111));
#3454=CARTESIAN_POINT('Origin',(21.2193398721342,17.7862513067165,5.41111111111111));
#3455=CARTESIAN_POINT('',(22.7831044310632,18.3284919649625,3.41111111111111));
#3456=CARTESIAN_POINT('',(21.2193398721342,17.7862513067165,7.41111111111111));
#3457=CARTESIAN_POINT('',(22.7831044310623,18.3284919649622,7.41111111111111));
#3458=CARTESIAN_POINT('',(21.2193398721342,17.7862513067165,5.41111111111111));
#3459=CARTESIAN_POINT('Origin',(17.0471746305842,29.7670261346807,5.41111111111111));
#3460=CARTESIAN_POINT('',(17.0471746305842,29.7670261346807,5.41111111111111));
#3461=CARTESIAN_POINT('',(16.0973172156907,32.4946332997039,5.41111111111111));
#3462=CARTESIAN_POINT('',(17.0471746305842,29.7670261346807,7.41111111111111));
#3463=CARTESIAN_POINT('',(21.2193398721342,17.7862513067165,7.41111111111111));
#3464=CARTESIAN_POINT('',(17.0471746305842,29.7670261346807,5.41111111111111));
#3465=CARTESIAN_POINT('Ctrl Pts',(16.2863168322403,31.951902674871,5.41111111111111));
#3466=CARTESIAN_POINT('Ctrl Pts',(16.2863168322403,31.951902674871,7.41111111111111));
#3467=CARTESIAN_POINT('Ctrl Pts',(16.3484367242251,31.7757659057098,5.41111111111111));
#3468=CARTESIAN_POINT('Ctrl Pts',(16.3484367242251,31.7757659057098,7.41111111111111));
#3469=CARTESIAN_POINT('Ctrl Pts',(16.492194227575,31.3673161430403,5.41111111111111));
#3470=CARTESIAN_POINT('Ctrl Pts',(16.492194227575,31.3673161430403,7.41111111111111));
#3471=CARTESIAN_POINT('Ctrl Pts',(16.6455162717495,30.929335505039,5.41111111111111));
#3472=CARTESIAN_POINT('Ctrl Pts',(16.6455162717495,30.929335505039,7.41111111111111));
#3473=CARTESIAN_POINT('Ctrl Pts',(16.7976615763555,30.4915855320178,5.41111111111111));
#3474=CARTESIAN_POINT('Ctrl Pts',(16.7976615763555,30.4915855320178,7.41111111111111));
#3475=CARTESIAN_POINT('Ctrl Pts',(16.9482149670417,30.0551514890076,5.41111111111111));
#3476=CARTESIAN_POINT('Ctrl Pts',(16.9482149670417,30.0551514890076,7.41111111111111));
#3477=CARTESIAN_POINT('Ctrl Pts',(17.0373972945924,29.7955054147323,5.41111111111111));
#3478=CARTESIAN_POINT('Ctrl Pts',(17.0373972945924,29.7955054147323,7.41111111111111));
#3479=CARTESIAN_POINT('Ctrl Pts',(17.047174630584,29.7670261346806,5.41111111111111));
#3480=CARTESIAN_POINT('Ctrl Pts',(17.047174630584,29.7670261346806,7.41111111111111));
#3481=CARTESIAN_POINT('Ctrl Pts',(16.2863168322403,31.951902674871,5.41111111111111));
#3482=CARTESIAN_POINT('Ctrl Pts',(16.3484367242252,31.7757659057098,5.41111111111111));
#3483=CARTESIAN_POINT('Ctrl Pts',(16.492194227575,31.3673161430403,5.41111111111111));
#3484=CARTESIAN_POINT('Ctrl Pts',(16.6455162717495,30.929335505039,5.41111111111111));
#3485=CARTESIAN_POINT('Ctrl Pts',(16.7976615763555,30.4915855320178,5.41111111111111));
#3486=CARTESIAN_POINT('Ctrl Pts',(16.9482149670417,30.0551514890076,5.41111111111111));
#3487=CARTESIAN_POINT('Ctrl Pts',(17.0373972945924,29.7955054147323,5.41111111111111));
#3488=CARTESIAN_POINT('Ctrl Pts',(17.047174630584,29.7670261346806,5.41111111111111));
#3489=CARTESIAN_POINT('',(16.2863168322403,31.951902674871,7.41111111111111));
#3490=CARTESIAN_POINT('Ctrl Pts',(16.2863168322403,31.951902674871,7.41111111111111));
#3491=CARTESIAN_POINT('Ctrl Pts',(16.3484367242252,31.7757659057098,7.41111111111111));
#3492=CARTESIAN_POINT('Ctrl Pts',(16.492194227575,31.3673161430403,7.41111111111111));
#3493=CARTESIAN_POINT('Ctrl Pts',(16.6455162717495,30.929335505039,7.41111111111111));
#3494=CARTESIAN_POINT('Ctrl Pts',(16.7976615763555,30.4915855320178,7.41111111111111));
#3495=CARTESIAN_POINT('Ctrl Pts',(16.9482149670417,30.0551514890076,7.41111111111111));
#3496=CARTESIAN_POINT('Ctrl Pts',(17.0373972945924,29.7955054147323,7.41111111111111));
#3497=CARTESIAN_POINT('Ctrl Pts',(17.047174630584,29.7670261346806,7.41111111111111));
#3498=CARTESIAN_POINT('',(16.2863168322403,31.951902674871,5.41111111111111));
#3499=CARTESIAN_POINT('Origin',(17.8688590454011,32.5006545483335,5.41111111111111));
#3500=CARTESIAN_POINT('',(17.8688590454011,32.5006545483335,7.41111111111111));
#3501=CARTESIAN_POINT('',(17.8688590454016,32.5006545483336,3.41111111111108));
#3502=CARTESIAN_POINT('Origin',(19.5347106316513,25.143452927525,7.41111111111111));
#3503=CARTESIAN_POINT('Origin',(-9.63958153801709,26.5904421211609,5.41111111111111));
#3504=CARTESIAN_POINT('Ctrl Pts',(17.047174630584,29.7670261346806,5.41111111111111));
#3505=CARTESIAN_POINT('Ctrl Pts',(17.1167348781516,29.564412071644,5.41111111111111));
#3506=CARTESIAN_POINT('Ctrl Pts',(17.2648314188194,29.1315777917676,5.41111111111111));
#3507=CARTESIAN_POINT('Ctrl Pts',(17.4890786929751,28.4715705155096,5.41111111111111));
#3508=CARTESIAN_POINT('Ctrl Pts',(17.785489682882,27.5913298998085,5.41111111111111));
#3509=CARTESIAN_POINT('Ctrl Pts',(18.1503270471676,26.5019993412305,5.41111111111111));
#3510=CARTESIAN_POINT('Ctrl Pts',(18.5196503530483,25.4030786545043,5.41111111111111));
#3511=CARTESIAN_POINT('Ctrl Pts',(18.8890729449945,24.3172015514837,5.41111111111111));
#3512=CARTESIAN_POINT('Ctrl Pts',(19.263846799716,23.2356469479778,5.41111111111111));
#3513=CARTESIAN_POINT('Ctrl Pts',(19.6489461100217,22.1453841078276,5.41111111111111));
#3514=CARTESIAN_POINT('Ctrl Pts',(20.0484520714372,21.0312661732201,5.41111111111111));
#3515=CARTESIAN_POINT('Ctrl Pts',(20.4407722731732,19.946209298576,5.41111111111111));
#3516=CARTESIAN_POINT('Ctrl Pts',(20.7618201710457,19.058744605067,5.41111111111111));
#3517=CARTESIAN_POINT('Ctrl Pts',(21.0019979949619,18.39217342629,5.41111111111111));
#3518=CARTESIAN_POINT('Ctrl Pts',(21.1553834626614,17.9647875100783,5.41111111111111));
#3519=CARTESIAN_POINT('Ctrl Pts',(21.2193398721341,17.7862513067165,5.41111111111111));
#3520=CARTESIAN_POINT('Origin',(-38.2971341589831,15.6726422999285,-2.00000000000001));
#3521=CARTESIAN_POINT('',(-39.4701213489751,1.39730318943165,4.71279704941826));
#3522=CARTESIAN_POINT('Ctrl Pts',(-31.0293047614321,1.14364936860341,-1.3624086172602));
#3523=CARTESIAN_POINT('Ctrl Pts',(-35.414009807145,1.27272542474473,1.79454775390361));
#3524=CARTESIAN_POINT('Ctrl Pts',(-37.4559648318321,1.31905361602625,3.27039278756026));
#3525=CARTESIAN_POINT('Ctrl Pts',(-39.4260351770098,1.39557013356679,4.68123381145507));
#3526=CARTESIAN_POINT('Ctrl Pts',(-39.4475310656837,1.39641101093344,4.69662536552675));
#3527=CARTESIAN_POINT('Ctrl Pts',(-39.4701213489751,1.39730318943165,4.71279704941825));
#3528=CARTESIAN_POINT('',(-38.2971341589831,15.6726422999285,-2.00000000000001));
#3529=CARTESIAN_POINT('',(-38.2971341589831,15.6726422999285,-2.00000000000001));
#3530=CARTESIAN_POINT('',(-42.9592111813913,7.62587424345803,4.71279704941825));
#3531=CARTESIAN_POINT('Ctrl Pts',(-42.9592111813913,7.62587424345802,4.71279704941825));
#3532=CARTESIAN_POINT('Ctrl Pts',(-41.9834560501262,9.38659910047186,3.27643515725804));
#3533=CARTESIAN_POINT('Ctrl Pts',(-40.4896049914532,11.8971402620812,1.15330545175933));
#3534=CARTESIAN_POINT('Ctrl Pts',(-38.9139588208765,14.6023740052617,-1.10954397733223));
#3535=CARTESIAN_POINT('Ctrl Pts',(-38.6059881309999,15.1343658145573,-1.55316005484654));
#3536=CARTESIAN_POINT('Ctrl Pts',(-38.2971341589831,15.6726422999285,-2.00000000000001));
#3537=CARTESIAN_POINT('',(-42.9592111813913,7.62587424345803,4.71279704941825));
#3538=CARTESIAN_POINT('Origin',(-42.9592111813913,7.62587424345802,4.71279704941825));
#3539=CARTESIAN_POINT('',(-41.8211122284619,1.61510877388106,4.71279704941825));
#3540=CARTESIAN_POINT('Ctrl Pts',(-39.4701213489751,1.39730318943165,4.71279704941826));
#3541=CARTESIAN_POINT('Ctrl Pts',(-40.2028428441347,1.42624122242221,4.71279704941825));
#3542=CARTESIAN_POINT('Ctrl Pts',(-40.5863158418077,1.45030404123558,4.71279704941826));
#3543=CARTESIAN_POINT('Ctrl Pts',(-41.3484567817405,1.53876522833367,4.71279704941825));
#3544=CARTESIAN_POINT('Ctrl Pts',(-41.5830423691837,1.56630070790075,4.71279704941825));
#3545=CARTESIAN_POINT('Ctrl Pts',(-41.8211122284619,1.61510877388106,4.71279704941825));
#3546=CARTESIAN_POINT('',(-44.0131374104703,5.52821656248171,4.71279704941825));
#3547=CARTESIAN_POINT('Ctrl Pts',(-44.0131374104703,5.5282165624817,4.71279704941825));
#3548=CARTESIAN_POINT('Ctrl Pts',(-43.9453670001288,5.70834749403827,4.71279704941825));
#3549=CARTESIAN_POINT('Ctrl Pts',(-43.8630374548491,5.89583178324547,4.71279704941825));
#3550=CARTESIAN_POINT('Ctrl Pts',(-43.5899056969468,6.46756386305549,4.71279704941825));
#3551=CARTESIAN_POINT('Ctrl Pts',(-43.3179208391974,6.97859195847381,4.71279704941825));
#3552=CARTESIAN_POINT('Ctrl Pts',(-42.9592111813913,7.62587424345802,4.71279704941825));
#3553=CARTESIAN_POINT('',(-44.0131374104703,5.52821656248171,4.71279704941825));
#3554=CARTESIAN_POINT('Origin',(-39.4302389896575,13.716330806549,-2.));
#3555=CARTESIAN_POINT('',(-32.4098699830099,1.18387412482768,-2.00000000000001));
#3556=CARTESIAN_POINT('Ctrl Pts',(-32.4098699830099,1.18387412482768,-2.00000000000001));
#3557=CARTESIAN_POINT('Ctrl Pts',(-32.1660020633898,1.17683436008971,-2.00000000000001));
#3558=CARTESIAN_POINT('Ctrl Pts',(-31.920470945415,1.16971623817295,-2.00000000000001));
#3559=CARTESIAN_POINT('Ctrl Pts',(-31.6739120299952,1.16252965055502,-2.00000000000001));
#3560=CARTESIAN_POINT('Ctrl Pts',(-31.4596908348164,1.15628562816325,-2.00000000000001));
#3561=CARTESIAN_POINT('Ctrl Pts',(-31.2446935566442,1.14998994018876,-2.00000000000001));
#3562=CARTESIAN_POINT('Ctrl Pts',(-31.0293047614321,1.14364936860341,-2.00000000000001));
#3563=CARTESIAN_POINT('',(-39.4302389896575,13.716330806549,-2.00000000000001));
#3564=CARTESIAN_POINT('',(-39.4302389896575,13.716330806549,-2.00000000000001));
#3565=CARTESIAN_POINT('Ctrl Pts',(-38.2971341589831,15.6726422999285,-2.));
#3566=CARTESIAN_POINT('Ctrl Pts',(-38.7074703703617,14.9575006676576,-2.));
#3567=CARTESIAN_POINT('Ctrl Pts',(-39.0836204522866,14.3101802447725,-2.));
#3568=CARTESIAN_POINT('Ctrl Pts',(-39.4302389896575,13.716330806549,-2.));
#3569=CARTESIAN_POINT('Origin',(-44.0131374104703,5.5282165624817,4.71279704941824));
#3570=CARTESIAN_POINT('Ctrl Pts',(-41.8211122284619,1.61510877388106,4.71279704941824));
#3571=CARTESIAN_POINT('Ctrl Pts',(-41.6880418596717,1.5878272550881,4.62656863570258));
#3572=CARTESIAN_POINT('Ctrl Pts',(-41.5546790114479,1.56687965253664,4.53752866725393));
#3573=CARTESIAN_POINT('Ctrl Pts',(-41.1408342401122,1.51149390318982,4.25728028942422));
#3574=CARTESIAN_POINT('Ctrl Pts',(-40.9949000352805,1.46874428791416,4.16797793942605));
#3575=CARTESIAN_POINT('Ctrl Pts',(-39.2842767004868,1.38517336047186,2.94996185660969));
#3576=CARTESIAN_POINT('Ctrl Pts',(-37.7388837216159,1.33815916061224,1.83791376500098));
#3577=CARTESIAN_POINT('Ctrl Pts',(-35.9102839086873,1.28298425057369,0.521886484403446));
#3578=CARTESIAN_POINT('Ctrl Pts',(-34.3363637963007,1.23948645479653,-0.612487341570937));
#3579=CARTESIAN_POINT('Ctrl Pts',(-32.4098699830099,1.18387412482768,-2.00000000000002));
#3580=CARTESIAN_POINT('Ctrl Pts',(-39.4302389896575,13.716330806549,-2.00000000000002));
#3581=CARTESIAN_POINT('Ctrl Pts',(-40.8961388466257,11.2048557620945,0.103050583963121));
#3582=CARTESIAN_POINT('Ctrl Pts',(-42.3989029903422,8.67607978314756,2.2401830604911));
#3583=CARTESIAN_POINT('Ctrl Pts',(-43.642323571685,6.36778459889829,4.09704348844471));
#3584=CARTESIAN_POINT('Ctrl Pts',(-43.8679173325512,5.9142054886878,4.44819848427335));
#3585=CARTESIAN_POINT('Ctrl Pts',(-44.0131374104703,5.5282165624817,4.71279704941824));
#3586=CARTESIAN_POINT('Origin',(-20.7058495710261,45.7675859608406,-2.00000000000002));
#3587=CARTESIAN_POINT('',(-20.7058495710261,45.7675859608406,-2.00000000000002));
#3588=CARTESIAN_POINT('',(-20.7058495710261,45.7675859608406,-2.00000000000002));
#3589=CARTESIAN_POINT('',(-19.3965270373697,47.5214842440505,-2.0459962800732));
#3590=CARTESIAN_POINT('Ctrl Pts',(-19.3965270373697,47.5214842440505,-2.0459962800732));
#3591=CARTESIAN_POINT('Ctrl Pts',(-19.8569039918884,46.9520017281183,-2.0303541215142));
#3592=CARTESIAN_POINT('Ctrl Pts',(-20.286513620902,46.3708987102944,-2.01519881301409));
#3593=CARTESIAN_POINT('Ctrl Pts',(-20.7058495710261,45.7675859608406,-2.00000000000002));
#3594=CARTESIAN_POINT('',(-19.3965270373697,47.5214842440505,-2.0459962800732));
#3595=CARTESIAN_POINT('Origin',(-25.5502486218562,38.0462912407657,4.71279704941824));
#3596=CARTESIAN_POINT('',(-4.64947115484388,0.735134523562131,4.71279704941825));
#3597=CARTESIAN_POINT('',(-4.75497844865745,0.73676839648285,4.78936520505025));
#3598=CARTESIAN_POINT('',(-25.5502486218562,38.0462912407657,4.71279704941825));
#3599=CARTESIAN_POINT('',(-25.5502486218562,38.0462912407657,4.71279704941825));
#3600=CARTESIAN_POINT('Ctrl Pts',(-20.7058495710261,45.7675859608406,-2.00000000000003));
#3601=CARTESIAN_POINT('Ctrl Pts',(-21.4246891817965,44.7333672112634,-1.04964577611333));
#3602=CARTESIAN_POINT('Ctrl Pts',(-22.1638222634417,43.5610879745615,-0.0278189587831865));
#3603=CARTESIAN_POINT('Ctrl Pts',(-23.7143687504594,41.0495904494599,2.13720766688528));
#3604=CARTESIAN_POINT('Ctrl Pts',(-24.788062583695,39.2942542671778,3.64305722883194));
#3605=CARTESIAN_POINT('Ctrl Pts',(-25.5502486218562,38.0462912407657,4.71279704941824));
#3606=CARTESIAN_POINT('Origin',(-19.3965270373697,47.5214842440505,-2.04599628007321));
#3607=CARTESIAN_POINT('',(-24.3868893925912,39.9485939007907,4.71279704941825));
#3608=CARTESIAN_POINT('Ctrl Pts',(-24.3868893925913,39.9485939007907,4.71279704941825));
#3609=CARTESIAN_POINT('Ctrl Pts',(-24.0557565700001,40.489437639347,4.24859475023651));
#3610=CARTESIAN_POINT('Ctrl Pts',(-23.6744243484588,41.1115661547131,3.71430961424867));
#3611=CARTESIAN_POINT('Ctrl Pts',(-22.9562780295742,42.2789511464668,2.70985352197145));
#3612=CARTESIAN_POINT('Ctrl Pts',(-22.3573268550079,43.2487393233778,1.87368738095358));
#3613=CARTESIAN_POINT('Ctrl Pts',(-21.0043547169703,45.3658853322427,0.0150154101491209));
#3614=CARTESIAN_POINT('Ctrl Pts',(-20.244687339423,46.4723169084874,-0.994840740978269));
#3615=CARTESIAN_POINT('Ctrl Pts',(-19.3965270373697,47.5214842440505,-2.04599628007321));
#3616=CARTESIAN_POINT('',(-2.40098434454554,0.700314734529917,4.71279704941826));
#3617=CARTESIAN_POINT('',(-24.3868893925912,39.9485939007907,4.71279704941825));
#3618=CARTESIAN_POINT('',(-0.406194822449549,0.669423670368481,3.26514969670693));
#3619=CARTESIAN_POINT('Origin',(-24.3868893925913,39.9485939007907,4.71279704941825));
#3620=CARTESIAN_POINT('',(-5.44147063347648,0.747399329667862,4.71279704941825));
#3621=CARTESIAN_POINT('Ctrl Pts',(-25.550248621856,38.046291240766,4.71279704941825));
#3622=CARTESIAN_POINT('Ctrl Pts',(-25.3682756899031,38.344244075789,4.71279704941825));
#3623=CARTESIAN_POINT('Ctrl Pts',(-25.1860158169847,38.6424237868114,4.71279704941825));
#3624=CARTESIAN_POINT('Ctrl Pts',(-25.0042385520082,38.939668088498,4.71279704941825));
#3625=CARTESIAN_POINT('Ctrl Pts',(-24.8497262943097,39.1923283326024,4.71279704941825));
#3626=CARTESIAN_POINT('Ctrl Pts',(-24.6955642964812,39.4443096422808,4.71279704941825));
#3627=CARTESIAN_POINT('Ctrl Pts',(-24.5421943078801,39.6948908855041,4.71279704941825));
#3628=CARTESIAN_POINT('Ctrl Pts',(-24.4903305781407,39.7796276582903,4.71279704941825));
#3629=CARTESIAN_POINT('Ctrl Pts',(-24.4385570356218,39.8642044373713,4.71279704941825));
#3630=CARTESIAN_POINT('Ctrl Pts',(-24.3868893925914,39.9485939007904,4.71279704941825));
#3631=CARTESIAN_POINT('Origin',(14.1063251797469,0.44468457806522,1.41111111111111));
#3632=CARTESIAN_POINT('',(-11.6509009026472,0.843557799885484,4.71279704941826));
#3633=CARTESIAN_POINT('',(-5.18196385089519,0.743380639684663,0.0181966947978579));
#3634=CARTESIAN_POINT('',(-13.8993877129455,0.878377588917707,4.71279704941825));
#3635=CARTESIAN_POINT('',(-7.75660183274216,0.783251165476335,4.71279704941827));
#3636=CARTESIAN_POINT('',(-9.45014927112643,0.809477231936016,1.48392092963937));
#3637=CARTESIAN_POINT('',(-20.9008174607488,0.986800865241055,4.71279704941826));
#3638=CARTESIAN_POINT('',(-9.88932117416868,0.816278193784117,-3.27840366227828));
#3639=CARTESIAN_POINT('',(-23.1493042710471,1.02162065427327,4.71279704941825));
#3640=CARTESIAN_POINT('',(-9.98448963749751,0.81775196085291,4.71279704941829));
#3641=CARTESIAN_POINT('',(-14.0927538102054,0.881372032417096,-1.85967145119744));
#3642=CARTESIAN_POINT('',(-30.1507340188504,1.13004393059662,4.71279704941826));
#3643=CARTESIAN_POINT('',(-14.5603940253291,0.888613851029955,-6.60133618092686));
#3644=CARTESIAN_POINT('',(-31.0293047614321,1.14364936860341,4.71279704941825));
#3645=CARTESIAN_POINT('',(-12.2070033641534,0.852169533919792,4.71279704941832));
#3646=CARTESIAN_POINT('',(-31.0293047614321,1.14364936860341,1.41111111111111));
#3647=CARTESIAN_POINT('',(14.1063251797469,0.44468457806522,4.71279704941825));
#3648=CARTESIAN_POINT('',(14.1063251797469,0.44468457806522,1.41111111111111));
#3649=CARTESIAN_POINT('',(13.8503619613594,0.448648392850988,4.71279704941825));
#3650=CARTESIAN_POINT('',(0.0839105700875152,0.66183395879289,4.7127970494182));
#3651=CARTESIAN_POINT('',(14.1063251797469,0.44468457806522,4.5270408724453));
#3652=CARTESIAN_POINT('',(5.03722032666323,0.585127615689052,11.1086202754858));
#3653=CARTESIAN_POINT('',(14.1063251797469,0.44468457806522,1.41111111111111));
#3654=CARTESIAN_POINT('',(14.1063251797469,0.44468457806522,1.41111111111111));
#3655=CARTESIAN_POINT('',(11.398499138214,0.486617638338031,1.41111111111111));
#3656=CARTESIAN_POINT('',(-31.029305522029,1.1436493909937,1.41111111111111));
#3657=CARTESIAN_POINT('',(6.84893221355608,0.557071669174345,4.71279704941826));
#3658=CARTESIAN_POINT('',(4.82589869243293,0.588400116416277,6.18094147711858));
#3659=CARTESIAN_POINT('',(4.60044540325774,0.591891458206559,4.71279704941825));
#3660=CARTESIAN_POINT('',(-3.02368888080443,0.709957860067778,4.71279704941822));
#3661=CARTESIAN_POINT('',(-0.0172865155888147,0.663401084362754,8.06395130093288));
#3662=CARTESIAN_POINT('Origin',(5.02961952846844,53.0249064171856,-2.0459962800732));
#3663=CARTESIAN_POINT('',(15.3380827249661,34.6226873396849,-2.0459962800732));
#3664=CARTESIAN_POINT('',(24.1375854784931,2.43273100480467,4.71279704941826));
#3665=CARTESIAN_POINT('Ctrl Pts',(15.3380827249661,34.6226873396849,-2.0459962800732));
#3666=CARTESIAN_POINT('Ctrl Pts',(15.577626648855,33.9483680631713,-1.94483012873164));
#3667=CARTESIAN_POINT('Ctrl Pts',(15.7731311875734,33.4003091137087,-1.86320168610017));
#3668=CARTESIAN_POINT('Ctrl Pts',(15.9810877468362,32.8143757221373,-1.77515721090748));
#3669=CARTESIAN_POINT('Ctrl Pts',(16.6314635933836,30.9818924048787,-1.49980162563401));
#3670=CARTESIAN_POINT('Ctrl Pts',(17.2634341027477,29.1451235404177,-1.20921470371261));
#3671=CARTESIAN_POINT('Ctrl Pts',(17.8809662499723,27.3055916113272,-0.906924874547267));
#3672=CARTESIAN_POINT('Ctrl Pts',(18.1859164385332,26.3971925730565,-0.757647884161681));
#3673=CARTESIAN_POINT('Ctrl Pts',(18.4627995918235,25.5709660230812,-0.62152166206991));
#3674=CARTESIAN_POINT('Ctrl Pts',(18.7178149701549,24.8227399229033,-0.501373580812898));
#3675=CARTESIAN_POINT('Ctrl Pts',(19.2802622220168,23.1724954687453,-0.236381882815499));
#3676=CARTESIAN_POINT('Ctrl Pts',(19.7624302606981,21.8238637209118,-0.0363072703358237));
#3677=CARTESIAN_POINT('Ctrl Pts',(20.3555632270248,20.1821972138272,0.202702812060021));
#3678=CARTESIAN_POINT('Ctrl Pts',(20.5312715520214,19.6958737610114,0.273506600787461));
#3679=CARTESIAN_POINT('Ctrl Pts',(20.7166082619889,19.1838001192864,0.347821538928134));
#3680=CARTESIAN_POINT('Ctrl Pts',(20.9160108360492,18.63037730387,0.428796004824205));
#3681=CARTESIAN_POINT('Ctrl Pts',(21.0874754754729,18.1544935599344,0.498425284500393));
#3682=CARTESIAN_POINT('Ctrl Pts',(21.2619539446089,17.6693935593228,0.569627688772673));
#3683=CARTESIAN_POINT('Ctrl Pts',(21.4986429035424,17.0038174236099,0.669298433669064));
#3684=CARTESIAN_POINT('Ctrl Pts',(21.9864977485517,15.6319556181705,0.874736220131477));
#3685=CARTESIAN_POINT('Ctrl Pts',(22.6657877444114,13.6915001362705,1.17320247694711));
#3686=CARTESIAN_POINT('Ctrl Pts',(23.2668035645091,11.8497430491632,1.48849583135968));
#3687=CARTESIAN_POINT('Ctrl Pts',(23.8115178353309,10.1805168238512,1.77425335038121));
#3688=CARTESIAN_POINT('Ctrl Pts',(24.2765946461477,8.65643213997595,2.05879036798653));
#3689=CARTESIAN_POINT('Ctrl Pts',(24.5678828656367,7.31997634155653,2.39360821982829));
#3690=CARTESIAN_POINT('Ctrl Pts',(24.7239659116992,6.60385369055805,2.57301605953845));
#3691=CARTESIAN_POINT('Ctrl Pts',(24.8191931861654,5.97907199452869,2.75951676691269));
#3692=CARTESIAN_POINT('Ctrl Pts',(24.8594626729646,5.48139204018821,2.93412769324485));
#3693=CARTESIAN_POINT('Ctrl Pts',(24.9255807451353,4.66425624446403,3.22081964654976));
#3694=CARTESIAN_POINT('Ctrl Pts',(24.876155995007,4.14006555214579,3.47196421217935));
#3695=CARTESIAN_POINT('Ctrl Pts',(24.7355994579735,3.62266499161897,3.78703862859738));
#3696=CARTESIAN_POINT('Ctrl Pts',(24.6474118146686,3.29803878041256,3.98472185867682));
#3697=CARTESIAN_POINT('Ctrl Pts',(24.533300684834,3.01788943963348,4.18314348987647));
#3698=CARTESIAN_POINT('Ctrl Pts',(24.3311858939123,2.70287718607551,4.46028624609397));
#3699=CARTESIAN_POINT('Ctrl Pts',(24.2750809564814,2.61543310197244,4.53721815654989));
#3700=CARTESIAN_POINT('Ctrl Pts',(24.2110398385369,2.52500601769443,4.62118314776041));
#3701=CARTESIAN_POINT('Ctrl Pts',(24.1375854784931,2.43273100480466,4.71279704941826));
#3702=CARTESIAN_POINT('',(5.02961952846844,53.0249064171856,-2.0459962800732));
#3703=CARTESIAN_POINT('',(5.02961952846844,53.0249064171856,-2.0459962800732));
#3704=CARTESIAN_POINT('',(-4.19142880966172,53.0044522442413,4.71279704941825));
#3705=CARTESIAN_POINT('Ctrl Pts',(-4.1914288096617,53.0044522442413,4.71279704941825));
#3706=CARTESIAN_POINT('Ctrl Pts',(-1.62567047944756,52.9891836103685,2.84075698493082));
#3707=CARTESIAN_POINT('Ctrl Pts',(-0.411475991972561,53.0109810618804,1.94294908098964));
#3708=CARTESIAN_POINT('Ctrl Pts',(2.57027241192674,53.0036581980651,-0.236881132046661));
#3709=CARTESIAN_POINT('Ctrl Pts',(3.00590435915451,52.971238643122,-0.542497214408823));
#3710=CARTESIAN_POINT('Ctrl Pts',(4.34254429543738,53.0098182794817,-1.53682524054079));
#3711=CARTESIAN_POINT('Ctrl Pts',(4.69519243051618,53.0291567470761,-1.80291695006451));
#3712=CARTESIAN_POINT('Ctrl Pts',(5.02961952846844,53.0249064171856,-2.0459962800732));
#3713=CARTESIAN_POINT('',(-4.19142880966172,53.0044522442413,4.71279704941825));
#3714=CARTESIAN_POINT('Origin',(-4.1914288096617,53.0044522442413,4.71279704941825));
#3715=CARTESIAN_POINT('',(22.575636130889,1.24197404659648,4.71279704941825));
#3716=CARTESIAN_POINT('Ctrl Pts',(24.1375854784887,2.43273100479911,4.71279704941826));
#3717=CARTESIAN_POINT('Ctrl Pts',(24.0735955307493,2.35234539870409,4.71279704941826));
#3718=CARTESIAN_POINT('Ctrl Pts',(24.0055736963836,2.27447195334518,4.71279704941826));
#3719=CARTESIAN_POINT('Ctrl Pts',(23.9337679276552,2.19912676434739,4.71279704941826));
#3720=CARTESIAN_POINT('Ctrl Pts',(23.8524220051616,2.1137711722687,4.71279704941826));
#3721=CARTESIAN_POINT('Ctrl Pts',(23.7662243344545,2.03165942536423,4.71279704941826));
#3722=CARTESIAN_POINT('Ctrl Pts',(23.6755387273223,1.9527613689551,4.71279704941826));
#3723=CARTESIAN_POINT('Ctrl Pts',(23.5944893347391,1.88224698690284,4.71279704941826));
#3724=CARTESIAN_POINT('Ctrl Pts',(23.5098561323775,1.8142983763435,4.71279704941826));
#3725=CARTESIAN_POINT('Ctrl Pts',(23.4218680415942,1.74887014480667,4.71279704941826));
#3726=CARTESIAN_POINT('Ctrl Pts',(23.3425952561432,1.68992264276543,4.71279704941826));
#3727=CARTESIAN_POINT('Ctrl Pts',(23.2605996320705,1.63302033654193,4.71279704941826));
#3728=CARTESIAN_POINT('Ctrl Pts',(23.1760138617083,1.57812110300775,4.71279704941826));
#3729=CARTESIAN_POINT('Ctrl Pts',(23.1018339318315,1.52997563744754,4.71279704941826));
#3730=CARTESIAN_POINT('Ctrl Pts',(23.0256629988539,1.48337007079544,4.71279704941826));
#3731=CARTESIAN_POINT('Ctrl Pts',(22.9475536693737,1.43827675066476,4.71279704941826));
#3732=CARTESIAN_POINT('Ctrl Pts',(22.8782048271684,1.39824095003683,4.71279704941826));
#3733=CARTESIAN_POINT('Ctrl Pts',(22.8073283578341,1.35939693064334,4.71279704941826));
#3734=CARTESIAN_POINT('Ctrl Pts',(22.7349209865084,1.32173174091876,4.71279704941826));
#3735=CARTESIAN_POINT('Ctrl Pts',(22.6826311932579,1.29453140278491,4.71279704941826));
#3736=CARTESIAN_POINT('Ctrl Pts',(22.6295422595901,1.26794595741993,4.71279704941826));
#3737=CARTESIAN_POINT('Ctrl Pts',(22.575636130889,1.24197404659647,4.71279704941826));
#3738=CARTESIAN_POINT('',(-6.43070478532984,53.022829252859,4.71279704941825));
#3739=CARTESIAN_POINT('Ctrl Pts',(-6.43070478532986,53.022829252859,4.71279704941825));
#3740=CARTESIAN_POINT('Ctrl Pts',(-6.1946509127569,53.0208293006128,4.71279704941825));
#3741=CARTESIAN_POINT('Ctrl Pts',(-5.95720388753651,53.0186538018944,4.71279704941825));
#3742=CARTESIAN_POINT('Ctrl Pts',(-5.71913274467444,53.0165010000487,4.71279704941825));
#3743=CARTESIAN_POINT('Ctrl Pts',(-5.48042685275016,53.0143424583684,4.71279704941825));
#3744=CARTESIAN_POINT('Ctrl Pts',(-5.2410943008589,53.0122071880085,4.71279704941825));
#3745=CARTESIAN_POINT('Ctrl Pts',(-5.0019389143783,53.0102512579103,4.71279704941825));
#3746=CARTESIAN_POINT('Ctrl Pts',(-4.76499503712394,53.0083134146196,4.71279704941825));
#3747=CARTESIAN_POINT('Ctrl Pts',(-4.52822589303941,53.00655191557,4.71279704941825));
#3748=CARTESIAN_POINT('Ctrl Pts',(-4.29242906302917,53.0050702109134,4.71279704941825));
#3749=CARTESIAN_POINT('Ctrl Pts',(-4.25874167263832,53.0048585254416,4.71279704941825));
#3750=CARTESIAN_POINT('Ctrl Pts',(-4.22507414241701,53.0046524650733,4.71279704941825));
#3751=CARTESIAN_POINT('Ctrl Pts',(-4.19142880966175,53.0044522442414,4.71279704941825));
#3752=CARTESIAN_POINT('',(-6.43070478532984,53.022829252859,4.71279704941825));
#3753=CARTESIAN_POINT('Origin',(2.75696792344503,52.9907011936594,-2.00000000000002));
#3754=CARTESIAN_POINT('',(19.0050893698293,23.9852631613649,-2.00000000000001));
#3755=CARTESIAN_POINT('Ctrl Pts',(19.0050893698293,23.9852631613649,-2.00000000000001));
#3756=CARTESIAN_POINT('Ctrl Pts',(18.402925583417,25.728817146661,-2.0075167838934));
#3757=CARTESIAN_POINT('Ctrl Pts',(17.9250400872181,27.1879855271809,-2.01433057357976));
#3758=CARTESIAN_POINT('Ctrl Pts',(16.5755581646487,31.1587359683565,-2.03188832496793));
#3759=CARTESIAN_POINT('Ctrl Pts',(15.9764786661828,32.8255944215188,-2.03860475162157));
#3760=CARTESIAN_POINT('Ctrl Pts',(15.3380827249661,34.6226873396849,-2.0459962800732));
#3761=CARTESIAN_POINT('',(2.75696792344504,52.9907011936593,-2.00000000000002));
#3762=CARTESIAN_POINT('',(2.75696792344504,52.9907011936593,-2.00000000000002));
#3763=CARTESIAN_POINT('Ctrl Pts',(5.02961952846844,53.0249064171856,-2.0459962800732));
#3764=CARTESIAN_POINT('Ctrl Pts',(4.71155152065106,53.0289488347083,-2.03965815761693));
#3765=CARTESIAN_POINT('Ctrl Pts',(4.38120470656601,53.0121464566977,-2.03283925164729));
#3766=CARTESIAN_POINT('Ctrl Pts',(3.51829369818347,52.9846227941525,-2.01521133928586));
#3767=CARTESIAN_POINT('Ctrl Pts',(3.25497780512214,52.9854750743887,-2.00993621678057));
#3768=CARTESIAN_POINT('Ctrl Pts',(2.75696792344503,52.9907011936594,-2.00000000000002));
#3769=CARTESIAN_POINT('Origin',(-6.43070478532986,53.022829252859,4.71279704941825));
#3770=CARTESIAN_POINT('Ctrl Pts',(22.575636130889,1.24197404659648,4.71279704941824));
#3771=CARTESIAN_POINT('Ctrl Pts',(22.8021413117566,1.35110398228833,4.50222807971624));
#3772=CARTESIAN_POINT('Ctrl Pts',(22.9961827925662,1.462313837557,4.314571701167));
#3773=CARTESIAN_POINT('Ctrl Pts',(23.5593371414447,1.82484498637088,3.75363781495504));
#3774=CARTESIAN_POINT('Ctrl Pts',(23.9320533900985,2.14566186758921,3.34922334029931));
#3775=CARTESIAN_POINT('Ctrl Pts',(24.4678064558229,2.88068083152211,2.65559751566978));
#3776=CARTESIAN_POINT('Ctrl Pts',(24.6465048248265,3.26044656170121,2.36904270611871));
#3777=CARTESIAN_POINT('Ctrl Pts',(24.9139418014977,4.33681326059597,1.7318602670546));
#3778=CARTESIAN_POINT('Ctrl Pts',(24.9171073062104,5.05283716654164,1.4359126543192));
#3779=CARTESIAN_POINT('Ctrl Pts',(24.643507682662,7.3586901677106,0.690610900166555));
#3780=CARTESIAN_POINT('Ctrl Pts',(24.09787231132,9.31716498398655,0.286911341833807));
#3781=CARTESIAN_POINT('Ctrl Pts',(22.5503305915284,14.0340772035123,-0.514520033745642));
#3782=CARTESIAN_POINT('Ctrl Pts',(21.8539676459535,16.0214208797748,-0.81971590277929));
#3783=CARTESIAN_POINT('Ctrl Pts',(20.434796159334,19.9696344474757,-1.39989126284184));
#3784=CARTESIAN_POINT('Ctrl Pts',(19.9047727293565,21.4135470464484,-1.60400581923397));
#3785=CARTESIAN_POINT('Ctrl Pts',(19.2124921213405,23.3869605119826,-1.90647766153245));
#3786=CARTESIAN_POINT('Ctrl Pts',(19.1068319285884,23.6906694846919,-1.95367387019718));
#3787=CARTESIAN_POINT('Ctrl Pts',(19.0050893698293,23.9852631613649,-2.00000000000003));
#3788=CARTESIAN_POINT('Ctrl Pts',(2.75696792344503,52.9907011936594,-2.00000000000003));
#3789=CARTESIAN_POINT('Ctrl Pts',(2.10904152634151,52.9975005379183,-1.52846416291266));
#3790=CARTESIAN_POINT('Ctrl Pts',(1.11223181483123,53.0121776027712,-0.804753644312564));
#3791=CARTESIAN_POINT('Ctrl Pts',(-0.680297328373747,53.0050729157835,0.510407460052486));
#3792=CARTESIAN_POINT('Ctrl Pts',(-1.19821385261853,53.003020154296,0.890397749514014));
#3793=CARTESIAN_POINT('Ctrl Pts',(-1.77442252376607,53.0005640853059,1.31322706102869));
#3794=CARTESIAN_POINT('Ctrl Pts',(-2.32922051591471,52.9999341034089,1.71963351708857));
#3795=CARTESIAN_POINT('Ctrl Pts',(-3.69459985537022,52.9983836935689,2.71981554077696));
#3796=CARTESIAN_POINT('Ctrl Pts',(-5.06279212596373,53.0112396950781,3.71614896744398));
#3797=CARTESIAN_POINT('Ctrl Pts',(-6.43070478532986,53.022829252859,4.71279704941823));
#3798=CARTESIAN_POINT('Origin',(-25.5502486218562,38.0462912407657,-2.00000000000002));
#3799=CARTESIAN_POINT('',(-25.5502486218562,38.0462912407657,-2.00000000000002));
#3800=CARTESIAN_POINT('',(-25.5502486218562,38.0462912407657,-2.00000000000002));
#3801=CARTESIAN_POINT('',(-24.3540779557957,40.0021833048949,-2.0459962800732));
#3802=CARTESIAN_POINT('Ctrl Pts',(-24.3540779557957,40.0021833048949,-2.0459962800732));
#3803=CARTESIAN_POINT('Ctrl Pts',(-24.7363338812693,39.3778854760192,-2.03130572955321));
#3804=CARTESIAN_POINT('Ctrl Pts',(-25.1411088839769,38.7161949649812,-2.01574283351404));
#3805=CARTESIAN_POINT('Ctrl Pts',(-25.5502486218562,38.0462912407657,-2.00000000000002));
#3806=CARTESIAN_POINT('',(-24.3540779557957,40.0021833048949,-2.0459962800732));
#3807=CARTESIAN_POINT('Origin',(-30.2682897394206,30.0994278470864,4.71279704941824));
#3808=CARTESIAN_POINT('',(-30.2682897394206,30.0994278470864,4.71279704941825));
#3809=CARTESIAN_POINT('',(-30.2682897394206,30.0994278470864,4.71279704941825));
#3810=CARTESIAN_POINT('Ctrl Pts',(-25.5502486218562,38.0462912407657,-2.00000000000002));
#3811=CARTESIAN_POINT('Ctrl Pts',(-26.2254733959601,36.9407139795604,-1.05231165025277));
#3812=CARTESIAN_POINT('Ctrl Pts',(-27.2122641264442,35.3174771081895,0.335747333487222));
#3813=CARTESIAN_POINT('Ctrl Pts',(-28.7137894774789,32.8069438853492,2.46449186312608));
#3814=CARTESIAN_POINT('Ctrl Pts',(-29.4502837739852,31.5434253062293,3.52180275267061));
#3815=CARTESIAN_POINT('Ctrl Pts',(-30.2682897394206,30.0994278470864,4.71279704941824));
#3816=CARTESIAN_POINT('Origin',(-24.3540779557957,40.0021833048949,-2.0459962800732));
#3817=CARTESIAN_POINT('',(-29.1403472449007,32.0649549179051,4.71279704941825));
#3818=CARTESIAN_POINT('Ctrl Pts',(-29.1403472449007,32.0649549179051,4.71279704941826));
#3819=CARTESIAN_POINT('Ctrl Pts',(-28.3066773537675,33.4980782577563,3.51479505026697));
#3820=CARTESIAN_POINT('Ctrl Pts',(-27.4950882280176,34.8489561700208,2.36668517296654));
#3821=CARTESIAN_POINT('Ctrl Pts',(-26.0119582450992,37.2921714506418,0.279013285988092));
#3822=CARTESIAN_POINT('Ctrl Pts',(-25.074561031516,38.825495149292,-1.03601444756885));
#3823=CARTESIAN_POINT('Ctrl Pts',(-24.3540779557957,40.0021833048949,-2.04599628007319));
#3824=CARTESIAN_POINT('',(-29.1403472449007,32.0649549179051,4.71279704941825));
#3825=CARTESIAN_POINT('Origin',(-29.1403472449007,32.0649549179051,4.71279704941825));
#3826=CARTESIAN_POINT('Ctrl Pts',(-30.2682897394206,30.0994278470864,4.71279704941825));
#3827=CARTESIAN_POINT('Ctrl Pts',(-30.0837025691847,30.4252731539348,4.71279704941825));
#3828=CARTESIAN_POINT('Ctrl Pts',(-29.8982748321325,30.7506949260786,4.71279704941825));
#3829=CARTESIAN_POINT('Ctrl Pts',(-29.7107022847846,31.0776437695321,4.71279704941825));
#3830=CARTESIAN_POINT('Ctrl Pts',(-29.5972646801722,31.2753714975847,4.71279704941825));
#3831=CARTESIAN_POINT('Ctrl Pts',(-29.4830421935916,31.4736600639091,4.71279704941825));
#3832=CARTESIAN_POINT('Ctrl Pts',(-29.3677674547443,31.6729242379712,4.71279704941825));
#3833=CARTESIAN_POINT('Ctrl Pts',(-29.2924318886196,31.8031494678129,4.71279704941825));
#3834=CARTESIAN_POINT('Ctrl Pts',(-29.2166473351228,31.9337909628518,4.71279704941825));
#3835=CARTESIAN_POINT('Ctrl Pts',(-29.140347244875,32.0649549179492,4.71279704941825));
#3836=CARTESIAN_POINT('Origin',(-33.7239714658522,23.8781363406024,-2.00000000000001));
#3837=CARTESIAN_POINT('',(-33.7239714658522,23.8781363406024,-2.));
#3838=CARTESIAN_POINT('',(-33.7239714658522,23.8781363406024,-2.));
#3839=CARTESIAN_POINT('',(-38.2971341589831,15.6726422999285,4.71279704941825));
#3840=CARTESIAN_POINT('Ctrl Pts',(-38.2971341589831,15.6726422999285,4.71279704941826));
#3841=CARTESIAN_POINT('Ctrl Pts',(-37.4289762469005,17.1856841643786,3.4567742393942));
#3842=CARTESIAN_POINT('Ctrl Pts',(-36.6692271657306,18.5499986258071,2.34110451702795));
#3843=CARTESIAN_POINT('Ctrl Pts',(-35.2405644836596,21.1290796811631,0.23758978731736));
#3844=CARTESIAN_POINT('Ctrl Pts',(-34.4601413402787,22.5437403471369,-0.913860884132593));
#3845=CARTESIAN_POINT('Ctrl Pts',(-33.7239714658522,23.8781363406024,-2.));
#3846=CARTESIAN_POINT('',(-38.2971341589831,15.6726422999285,4.71279704941825));
#3847=CARTESIAN_POINT('Origin',(-34.8301221682902,21.8737075126217,-2.));
#3848=CARTESIAN_POINT('',(-34.8301221682902,21.8737075126217,-2.00000000000001));
#3849=CARTESIAN_POINT('',(-34.8301221682902,21.8737075126217,-2.00000000000001));
#3850=CARTESIAN_POINT('Ctrl Pts',(-33.7239714658522,23.8781363406024,-2.));
#3851=CARTESIAN_POINT('Ctrl Pts',(-33.8804593983055,23.5944832364136,-2.));
#3852=CARTESIAN_POINT('Ctrl Pts',(-34.0365730535119,23.3115143942944,-2.));
#3853=CARTESIAN_POINT('Ctrl Pts',(-34.1916824044467,23.0304093994525,-2.));
#3854=CARTESIAN_POINT('Ctrl Pts',(-34.2994738108608,22.8350588125188,-2.));
#3855=CARTESIAN_POINT('Ctrl Pts',(-34.4067795607947,22.6406091912121,-2.));
#3856=CARTESIAN_POINT('Ctrl Pts',(-34.5134019189378,22.4474306598576,-2.));
#3857=CARTESIAN_POINT('Ctrl Pts',(-34.6197123087009,22.2548173532321,-2.));
#3858=CARTESIAN_POINT('Ctrl Pts',(-34.72534253184,22.063468986975,-2.));
#3859=CARTESIAN_POINT('Ctrl Pts',(-34.8301221682814,21.8737075126374,-2.));
#3860=CARTESIAN_POINT('Origin',(-39.4302389896575,13.716330806549,4.71279704941825));
#3861=CARTESIAN_POINT('',(-31.0293047614321,1.14364936860341,3.71862932049269));
#3862=CARTESIAN_POINT('',(-18.7482415521475,0.953466340586502,-5.19391430702779));
#3863=CARTESIAN_POINT('',(-32.4098699830099,1.18387412482768,4.71279704941825));
#3864=CARTESIAN_POINT('Ctrl Pts',(-32.4098699830099,1.18387412482768,4.71279704941825));
#3865=CARTESIAN_POINT('Ctrl Pts',(-31.9500161876768,1.17059946968628,4.38159797800185));
#3866=CARTESIAN_POINT('Ctrl Pts',(-31.496460869201,1.15740141517541,4.05497838739081));
#3867=CARTESIAN_POINT('Ctrl Pts',(-31.0293047614321,1.14364936860341,3.71862932049269));
#3868=CARTESIAN_POINT('',(-39.4302389896575,13.716330806549,4.71279704941825));
#3869=CARTESIAN_POINT('',(-39.4302389896575,13.716330806549,4.71279704941825));
#3870=CARTESIAN_POINT('Ctrl Pts',(-34.8301221682902,21.8737075126217,-2.00000000000002));
#3871=CARTESIAN_POINT('Ctrl Pts',(-34.9629758759362,21.6331024075618,-1.8040740618509));
#3872=CARTESIAN_POINT('Ctrl Pts',(-35.0951262114005,21.3938467880617,-1.60921644077092));
#3873=CARTESIAN_POINT('Ctrl Pts',(-35.5565923734331,20.5587546910906,-0.928935013243463));
#3874=CARTESIAN_POINT('Ctrl Pts',(-35.945302286307,19.8560623856515,-0.356210972063816));
#3875=CARTESIAN_POINT('Ctrl Pts',(-37.0273399586598,17.9080409446119,1.23476404645786));
#3876=CARTESIAN_POINT('Ctrl Pts',(-37.6882941971651,16.730088888667,2.20168522139103));
#3877=CARTESIAN_POINT('Ctrl Pts',(-38.7862339617196,14.8223913527614,3.78776539689292));
#3878=CARTESIAN_POINT('Ctrl Pts',(-39.106255274447,14.2714007942383,4.24799439715706));
#3879=CARTESIAN_POINT('Ctrl Pts',(-39.4302389896575,13.716330806549,4.71279704941825));
#3880=CARTESIAN_POINT('Origin',(-38.2971341589831,15.6726422999285,4.71279704941825));
#3881=CARTESIAN_POINT('Ctrl Pts',(-39.4302389896575,13.716330806549,4.71279704941825));
#3882=CARTESIAN_POINT('Ctrl Pts',(-39.0838183329655,14.3098412227141,4.71279704941825));
#3883=CARTESIAN_POINT('Ctrl Pts',(-38.7134659977035,14.9470513760651,4.71279704941825));
#3884=CARTESIAN_POINT('Ctrl Pts',(-38.2971341589831,15.6726422999285,4.71279704941825));
#3885=CARTESIAN_POINT('Ctrl Pts',(-31.0293047614321,1.14364936860341,4.71279704941825));
#3886=CARTESIAN_POINT('Ctrl Pts',(-31.2772075317286,1.15094707998029,4.71279704941825));
#3887=CARTESIAN_POINT('Ctrl Pts',(-31.5245928366465,1.15818532627061,4.71279704941825));
#3888=CARTESIAN_POINT('Ctrl Pts',(-31.7708705647361,1.16535379258612,4.71279704941825));
#3889=CARTESIAN_POINT('Ctrl Pts',(-31.984847452035,1.17158207039589,4.71279704941825));
#3890=CARTESIAN_POINT('Ctrl Pts',(-32.1979868429585,1.17775766859093,4.71279704941825));
#3891=CARTESIAN_POINT('Ctrl Pts',(-32.4098699830099,1.18387412482768,4.71279704941825));
#3892=CARTESIAN_POINT('Origin',(14.1063251797469,0.44468457806522,1.41111111111111));
#3893=CARTESIAN_POINT('',(-31.0293047614321,1.14364936860341,1.41111111111111));
#3894=CARTESIAN_POINT('Ctrl Pts',(-31.0293047614321,1.14364936860341,-3.));
#3895=CARTESIAN_POINT('Ctrl Pts',(-31.0293047614321,1.14364936860341,5.41111111111111));
#3896=CARTESIAN_POINT('Ctrl Pts',(-31.4923965682588,1.15728177111016,-3.));
#3897=CARTESIAN_POINT('Ctrl Pts',(-31.4923965682588,1.15728177111016,5.41111111111111));
#3898=CARTESIAN_POINT('Ctrl Pts',(-32.4312599674129,1.18465924877313,-3.));
#3899=CARTESIAN_POINT('Ctrl Pts',(-32.4312599674129,1.18465924877313,5.41111111111111));
#3900=CARTESIAN_POINT('Ctrl Pts',(-33.82739697118,1.22467875379216,-3.));
#3901=CARTESIAN_POINT('Ctrl Pts',(-33.82739697118,1.22467875379216,5.41111111111111));
#3902=CARTESIAN_POINT('Ctrl Pts',(-35.6025769745363,1.27483222020805,-3.));
#3903=CARTESIAN_POINT('Ctrl Pts',(-35.6025769745363,1.27483222020805,5.41111111111111));
#3904=CARTESIAN_POINT('Ctrl Pts',(-37.5304220256284,1.33070538617622,-3.));
#3905=CARTESIAN_POINT('Ctrl Pts',(-37.5304220256284,1.33070538617622,5.41111111111111));
#3906=CARTESIAN_POINT('Ctrl Pts',(-39.0537444561606,1.37902123904011,-3.));
#3907=CARTESIAN_POINT('Ctrl Pts',(-39.0537444561606,1.37902123904011,5.41111111111111));
#3908=CARTESIAN_POINT('Ctrl Pts',(-40.0885235013311,1.42059337668404,-3.));
#3909=CARTESIAN_POINT('Ctrl Pts',(-40.0885235013311,1.42059337668404,5.41111111111111));
#3910=CARTESIAN_POINT('Ctrl Pts',(-40.5595849130188,1.44886119386997,-3.));
#3911=CARTESIAN_POINT('Ctrl Pts',(-40.5595849130188,1.44886119386997,5.41111111111111));
#3912=CARTESIAN_POINT('Ctrl Pts',(-40.7632539560959,1.47054991176524,-3.));
#3913=CARTESIAN_POINT('Ctrl Pts',(-40.7632539560959,1.47054991176524,5.41111111111111));
#3914=CARTESIAN_POINT('Ctrl Pts',(-40.885986176685,1.48487930392459,-3.));
#3915=CARTESIAN_POINT('Ctrl Pts',(-40.885986176685,1.48487930392459,5.41111111111111));
#3916=CARTESIAN_POINT('Ctrl Pts',(-40.9491228257276,1.49229429135381,-3.));
#3917=CARTESIAN_POINT('Ctrl Pts',(-40.9491228257276,1.49229429135381,5.41111111111111));
#3918=CARTESIAN_POINT('Ctrl Pts',(-41.0122594747701,1.49970927878303,-3.));
#3919=CARTESIAN_POINT('Ctrl Pts',(-41.0122594747701,1.49970927878303,5.41111111111111));
#3920=CARTESIAN_POINT('Ctrl Pts',(-41.1420738503423,1.51503983634024,-3.));
#3921=CARTESIAN_POINT('Ctrl Pts',(-41.1420738503423,1.51503983634024,5.41111111111111));
#3922=CARTESIAN_POINT('Ctrl Pts',(-41.3776125907947,1.54123379852413,-3.));
#3923=CARTESIAN_POINT('Ctrl Pts',(-41.3776125907947,1.54123379852413,5.41111111111111));
#3924=CARTESIAN_POINT('Ctrl Pts',(-41.8544888935406,1.59716608782709,-3.));
#3925=CARTESIAN_POINT('Ctrl Pts',(-41.8544888935406,1.59716608782709,5.41111111111111));
#3926=CARTESIAN_POINT('Ctrl Pts',(-42.484808132911,1.77633736327655,-3.));
#3927=CARTESIAN_POINT('Ctrl Pts',(-42.484808132911,1.77633736327655,5.41111111111111));
#3928=CARTESIAN_POINT('Ctrl Pts',(-43.0073391847148,2.0924081597932,-3.));
#3929=CARTESIAN_POINT('Ctrl Pts',(-43.0073391847148,2.0924081597932,5.41111111111111));
#3930=CARTESIAN_POINT('Ctrl Pts',(-43.4168950570098,2.51919754972368,-3.));
#3931=CARTESIAN_POINT('Ctrl Pts',(-43.4168950570098,2.51919754972368,5.41111111111111));
#3932=CARTESIAN_POINT('Ctrl Pts',(-43.7600096081382,3.01131310313793,-3.));
#3933=CARTESIAN_POINT('Ctrl Pts',(-43.7600096081382,3.01131310313793,5.41111111111111));
#3934=CARTESIAN_POINT('Ctrl Pts',(-44.0455770525288,3.53583814983622,-3.));
#3935=CARTESIAN_POINT('Ctrl Pts',(-44.0455770525288,3.53583814983622,5.41111111111111));
#3936=CARTESIAN_POINT('Ctrl Pts',(-44.2276961388554,4.08208676292433,-3.));
#3937=CARTESIAN_POINT('Ctrl Pts',(-44.2276961388554,4.08208676292433,5.41111111111111));
#3938=CARTESIAN_POINT('Ctrl Pts',(-44.2600297241986,4.64648064848934,-3.));
#3939=CARTESIAN_POINT('Ctrl Pts',(-44.2600297241986,4.64648064848934,5.41111111111111));
#3940=CARTESIAN_POINT('Ctrl Pts',(-44.1425446734626,5.22084208822588,-3.));
#3941=CARTESIAN_POINT('Ctrl Pts',(-44.1425446734626,5.22084208822588,5.41111111111111));
#3942=CARTESIAN_POINT('Ctrl Pts',(-43.9194063509235,5.79441600804641,-3.));
#3943=CARTESIAN_POINT('Ctrl Pts',(-43.9194063509235,5.79441600804641,5.41111111111111));
#3944=CARTESIAN_POINT('Ctrl Pts',(-43.6408066686697,6.36567955979279,-3.));
#3945=CARTESIAN_POINT('Ctrl Pts',(-43.6408066686697,6.36567955979279,5.41111111111111));
#3946=CARTESIAN_POINT('Ctrl Pts',(-43.329066372348,6.95475965058087,-3.));
#3947=CARTESIAN_POINT('Ctrl Pts',(-43.329066372348,6.95475965058087,5.41111111111111));
#3948=CARTESIAN_POINT('Ctrl Pts',(-42.9768683396452,7.59775062411492,-3.));
#3949=CARTESIAN_POINT('Ctrl Pts',(-42.9768683396452,7.59775062411492,5.41111111111111));
#3950=CARTESIAN_POINT('Ctrl Pts',(-42.5669361536396,8.33025011962361,-3.));
#3951=CARTESIAN_POINT('Ctrl Pts',(-42.5669361536396,8.33025011962361,5.41111111111111));
#3952=CARTESIAN_POINT('Ctrl Pts',(-42.0847631949054,9.17433426065723,-3.));
#3953=CARTESIAN_POINT('Ctrl Pts',(-42.0847631949054,9.17433426065723,5.41111111111111));
#3954=CARTESIAN_POINT('Ctrl Pts',(-41.5342257279702,10.1241086837213,-3.));
#3955=CARTESIAN_POINT('Ctrl Pts',(-41.5342257279702,10.1241086837213,5.41111111111111));
#3956=CARTESIAN_POINT('Ctrl Pts',(-40.931616895397,11.1545712714819,-3.));
#3957=CARTESIAN_POINT('Ctrl Pts',(-40.931616895397,11.1545712714819,5.41111111111111));
#3958=CARTESIAN_POINT('Ctrl Pts',(-40.3003412059918,12.230028367704,-3.));
#3959=CARTESIAN_POINT('Ctrl Pts',(-40.3003412059918,12.230028367704,5.41111111111111));
#3960=CARTESIAN_POINT('Ctrl Pts',(-39.6651579431301,13.3129678447145,-3.));
#3961=CARTESIAN_POINT('Ctrl Pts',(-39.6651579431301,13.3129678447145,5.41111111111111));
#3962=CARTESIAN_POINT('Ctrl Pts',(-39.0470172310222,14.3721055289883,-3.));
#3963=CARTESIAN_POINT('Ctrl Pts',(-39.0470172310222,14.3721055289883,5.41111111111111));
#3964=CARTESIAN_POINT('Ctrl Pts',(-38.4566753742732,15.3923142773498,-3.));
#3965=CARTESIAN_POINT('Ctrl Pts',(-38.4566753742732,15.3923142773498,5.41111111111111));
#3966=CARTESIAN_POINT('Ctrl Pts',(-37.8920690633638,16.3786299127726,-3.));
#3967=CARTESIAN_POINT('Ctrl Pts',(-37.8920690633638,16.3786299127726,5.41111111111111));
#3968=CARTESIAN_POINT('Ctrl Pts',(-37.3433660611931,17.3481065893847,-3.));
#3969=CARTESIAN_POINT('Ctrl Pts',(-37.3433660611931,17.3481065893847,5.41111111111111));
#3970=CARTESIAN_POINT('Ctrl Pts',(-36.7963247691731,18.3243546296821,-3.));
#3971=CARTESIAN_POINT('Ctrl Pts',(-36.7963247691731,18.3243546296821,5.41111111111111));
#3972=CARTESIAN_POINT('Ctrl Pts',(-36.2364768705548,19.3307649868243,-3.));
#3973=CARTESIAN_POINT('Ctrl Pts',(-36.2364768705548,19.3307649868243,5.41111111111111));
#3974=CARTESIAN_POINT('Ctrl Pts',(-35.6526149469388,20.3848569536046,-3.));
#3975=CARTESIAN_POINT('Ctrl Pts',(-35.6526149469388,20.3848569536046,5.41111111111111));
#3976=CARTESIAN_POINT('Ctrl Pts',(-35.0414534989592,21.4907107797103,-3.));
#3977=CARTESIAN_POINT('Ctrl Pts',(-35.0414534989592,21.4907107797103,5.41111111111111));
#3978=CARTESIAN_POINT('Ctrl Pts',(-34.406957247365,22.6401289380875,-3.));
#3979=CARTESIAN_POINT('Ctrl Pts',(-34.406957247365,22.6401289380875,5.41111111111111));
#3980=CARTESIAN_POINT('Ctrl Pts',(-33.7573800107507,23.8175461467003,-3.));
#3981=CARTESIAN_POINT('Ctrl Pts',(-33.7573800107507,23.8175461467003,5.41111111111111));
#3982=CARTESIAN_POINT('Ctrl Pts',(-33.1030689013091,25.003687566751,-3.));
#3983=CARTESIAN_POINT('Ctrl Pts',(-33.1030689013091,25.003687566751,5.41111111111111));
#3984=CARTESIAN_POINT('Ctrl Pts',(-32.4538766495368,26.1798646702989,-3.));
#3985=CARTESIAN_POINT('Ctrl Pts',(-32.4538766495368,26.1798646702989,5.41111111111111));
#3986=CARTESIAN_POINT('Ctrl Pts',(-31.8169136682105,27.3317242976546,-3.));
#3987=CARTESIAN_POINT('Ctrl Pts',(-31.8169136682105,27.3317242976546,5.41111111111111));
#3988=CARTESIAN_POINT('Ctrl Pts',(-31.1937397877585,28.4538922132891,-3.));
#3989=CARTESIAN_POINT('Ctrl Pts',(-31.1937397877585,28.4538922132891,5.41111111111111));
#3990=CARTESIAN_POINT('Ctrl Pts',(-30.5791262869125,29.5521159933692,-3.));
#3991=CARTESIAN_POINT('Ctrl Pts',(-30.5791262869125,29.5521159933692,5.41111111111111));
#3992=CARTESIAN_POINT('Ctrl Pts',(-29.9638751051084,30.6389502805978,-3.));
#3993=CARTESIAN_POINT('Ctrl Pts',(-29.9638751051084,30.6389502805978,5.41111111111111));
#3994=CARTESIAN_POINT('Ctrl Pts',(-29.3368783462975,31.7306511756651,-3.));
#3995=CARTESIAN_POINT('Ctrl Pts',(-29.3368783462975,31.7306511756651,5.41111111111111));
#3996=CARTESIAN_POINT('Ctrl Pts',(-28.6874783506187,32.8435924412302,-3.));
#3997=CARTESIAN_POINT('Ctrl Pts',(-28.6874783506187,32.8435924412302,5.41111111111111));
#3998=CARTESIAN_POINT('Ctrl Pts',(-28.0076989738322,33.9908866586028,-3.));
#3999=CARTESIAN_POINT('Ctrl Pts',(-28.0076989738322,33.9908866586028,5.41111111111111));
#4000=CARTESIAN_POINT('Ctrl Pts',(-27.2945337715954,35.1789163188973,-3.));
#4001=CARTESIAN_POINT('Ctrl Pts',(-27.2945337715954,35.1789163188973,5.41111111111111));
#4002=CARTESIAN_POINT('Ctrl Pts',(-26.5522076882862,36.4039063450571,-3.));
#4003=CARTESIAN_POINT('Ctrl Pts',(-26.5522076882862,36.4039063450571,5.41111111111111));
#4004=CARTESIAN_POINT('Ctrl Pts',(-25.7900477126463,37.6543935511599,-3.));
#4005=CARTESIAN_POINT('Ctrl Pts',(-25.7900477126463,37.6543935511599,5.41111111111111));
#4006=CARTESIAN_POINT('Ctrl Pts',(-25.0203524819159,38.9136982005311,-3.));
#4007=CARTESIAN_POINT('Ctrl Pts',(-25.0203524819159,38.9136982005311,5.41111111111111));
#4008=CARTESIAN_POINT('Ctrl Pts',(-24.2562647771875,40.1623916777032,-3.));
#4009=CARTESIAN_POINT('Ctrl Pts',(-24.2562647771875,40.1623916777032,5.41111111111111));
#4010=CARTESIAN_POINT('Ctrl Pts',(-23.5096397065269,41.3807683963051,-3.));
#4011=CARTESIAN_POINT('Ctrl Pts',(-23.5096397065269,41.3807683963051,5.41111111111111));
#4012=CARTESIAN_POINT('Ctrl Pts',(-22.7889224775841,42.5513079677698,-3.));
#4013=CARTESIAN_POINT('Ctrl Pts',(-22.7889224775841,42.5513079677698,5.41111111111111));
#4014=CARTESIAN_POINT('Ctrl Pts',(-22.0970026823866,43.6611601528141,-3.));
#4015=CARTESIAN_POINT('Ctrl Pts',(-22.0970026823866,43.6611601528141,5.41111111111111));
#4016=CARTESIAN_POINT('Ctrl Pts',(-21.4291322639473,44.7045691046966,-3.));
#4017=CARTESIAN_POINT('Ctrl Pts',(-21.4291322639473,44.7045691046966,5.41111111111111));
#4018=CARTESIAN_POINT('Ctrl Pts',(-20.7759876941721,45.6809849330995,-3.));
#4019=CARTESIAN_POINT('Ctrl Pts',(-20.7759876941721,45.6809849330995,5.41111111111111));
#4020=CARTESIAN_POINT('Ctrl Pts',(-20.1265811559237,46.5932643071778,-3.));
#4021=CARTESIAN_POINT('Ctrl Pts',(-20.1265811559237,46.5932643071778,5.41111111111111));
#4022=CARTESIAN_POINT('Ctrl Pts',(-19.4713737915364,47.4457901549104,-3.));
#4023=CARTESIAN_POINT('Ctrl Pts',(-19.4713737915364,47.4457901549104,5.41111111111111));
#4024=CARTESIAN_POINT('Ctrl Pts',(-18.8049712358402,48.242736337094,-3.));
#4025=CARTESIAN_POINT('Ctrl Pts',(-18.8049712358402,48.242736337094,5.41111111111111));
#4026=CARTESIAN_POINT('Ctrl Pts',(-18.1297983456957,48.9860047325666,-3.));
#4027=CARTESIAN_POINT('Ctrl Pts',(-18.1297983456957,48.9860047325666,5.41111111111111));
#4028=CARTESIAN_POINT('Ctrl Pts',(-17.4567868584881,49.6741612878845,-3.));
#4029=CARTESIAN_POINT('Ctrl Pts',(-17.4567868584881,49.6741612878845,5.41111111111111));
#4030=CARTESIAN_POINT('Ctrl Pts',(-16.7989228507859,50.3038426054277,-3.));
#4031=CARTESIAN_POINT('Ctrl Pts',(-16.7989228507859,50.3038426054277,5.41111111111111));
#4032=CARTESIAN_POINT('Ctrl Pts',(-16.1658522380624,50.870704182076,-3.));
#4033=CARTESIAN_POINT('Ctrl Pts',(-16.1658522380624,50.870704182076,5.41111111111111));
#4034=CARTESIAN_POINT('Ctrl Pts',(-15.5587383825739,51.3705132184858,-3.));
#4035=CARTESIAN_POINT('Ctrl Pts',(-15.5587383825739,51.3705132184858,5.41111111111111));
#4036=CARTESIAN_POINT('Ctrl Pts',(-14.9633126294179,51.8002736759692,-3.));
#4037=CARTESIAN_POINT('Ctrl Pts',(-14.9633126294179,51.8002736759692,5.41111111111111));
#4038=CARTESIAN_POINT('Ctrl Pts',(-14.3538071791809,52.1587680446745,-3.));
#4039=CARTESIAN_POINT('Ctrl Pts',(-14.3538071791809,52.1587680446745,5.41111111111111));
#4040=CARTESIAN_POINT('Ctrl Pts',(-13.7008794143711,52.4468411084402,-3.));
#4041=CARTESIAN_POINT('Ctrl Pts',(-13.7008794143711,52.4468411084402,5.41111111111111));
#4042=CARTESIAN_POINT('Ctrl Pts',(-12.9784263826443,52.6677958501794,-3.));
#4043=CARTESIAN_POINT('Ctrl Pts',(-12.9784263826443,52.6677958501794,5.41111111111111));
#4044=CARTESIAN_POINT('Ctrl Pts',(-12.1703127428079,52.8276723840833,-3.));
#4045=CARTESIAN_POINT('Ctrl Pts',(-12.1703127428079,52.8276723840833,5.41111111111111));
#4046=CARTESIAN_POINT('Ctrl Pts',(-11.2689839324388,52.9345369139361,-3.));
#4047=CARTESIAN_POINT('Ctrl Pts',(-11.2689839324388,52.9345369139361,5.41111111111111));
#4048=CARTESIAN_POINT('Ctrl Pts',(-10.2747200165452,52.9978308852475,-3.));
#4049=CARTESIAN_POINT('Ctrl Pts',(-10.2747200165452,52.9978308852475,5.41111111111111));
#4050=CARTESIAN_POINT('Ctrl Pts',(-9.19463158164369,53.0277009158757,-3.));
#4051=CARTESIAN_POINT('Ctrl Pts',(-9.19463158164369,53.0277009158757,5.41111111111111));
#4052=CARTESIAN_POINT('Ctrl Pts',(-8.04179525161185,53.034329693347,-3.));
#4053=CARTESIAN_POINT('Ctrl Pts',(-8.04179525161185,53.034329693347,5.41111111111111));
#4054=CARTESIAN_POINT('Ctrl Pts',(-6.83414431745272,53.0273114311465,-3.));
#4055=CARTESIAN_POINT('Ctrl Pts',(-6.83414431745272,53.0273114311465,5.41111111111111));
#4056=CARTESIAN_POINT('Ctrl Pts',(-5.59332327957256,53.0150361711277,-3.));
#4057=CARTESIAN_POINT('Ctrl Pts',(-5.59332327957256,53.0150361711277,5.41111111111111));
#4058=CARTESIAN_POINT('Ctrl Pts',(-4.34354524107172,53.0040841883072,-3.));
#4059=CARTESIAN_POINT('Ctrl Pts',(-4.34354524107172,53.0040841883072,5.41111111111111));
#4060=CARTESIAN_POINT('Ctrl Pts',(-3.11046700569345,52.998585890479,-3.));
#4061=CARTESIAN_POINT('Ctrl Pts',(-3.11046700569345,52.998585890479,5.41111111111111));
#4062=CARTESIAN_POINT('Ctrl Pts',(-1.92001438134851,52.9996662241957,-3.));
#4063=CARTESIAN_POINT('Ctrl Pts',(-1.92001438134851,52.9996662241957,5.41111111111111));
#4064=CARTESIAN_POINT('Ctrl Pts',(-0.797342390123965,53.0046650116141,-3.));
#4065=CARTESIAN_POINT('Ctrl Pts',(-0.797342390123965,53.0046650116141,5.41111111111111));
#4066=CARTESIAN_POINT('Ctrl Pts',(0.235827949036798,53.0090567412928,-3.));
#4067=CARTESIAN_POINT('Ctrl Pts',(0.235827949036798,53.0090567412928,5.41111111111111));
#4068=CARTESIAN_POINT('Ctrl Pts',(1.16400311148683,53.0085976564046,-3.));
#4069=CARTESIAN_POINT('Ctrl Pts',(1.16400311148683,53.0085976564046,5.41111111111111));
#4070=CARTESIAN_POINT('Ctrl Pts',(1.98073495505622,53.0014850183918,-3.));
#4071=CARTESIAN_POINT('Ctrl Pts',(1.98073495505622,53.0014850183918,5.41111111111111));
#4072=CARTESIAN_POINT('Ctrl Pts',(2.69127061455027,52.9902987997864,-3.));
#4073=CARTESIAN_POINT('Ctrl Pts',(2.69127061455027,52.9902987997864,5.41111111111111));
#4074=CARTESIAN_POINT('Ctrl Pts',(3.31570390231803,52.9845918279167,-3.));
#4075=CARTESIAN_POINT('Ctrl Pts',(3.31570390231803,52.9845918279167,5.41111111111111));
#4076=CARTESIAN_POINT('Ctrl Pts',(3.88255982783062,52.9930048394878,-3.));
#4077=CARTESIAN_POINT('Ctrl Pts',(3.88255982783062,52.9930048394878,5.41111111111111));
#4078=CARTESIAN_POINT('Ctrl Pts',(4.42200329936054,53.0156422927076,-3.));
#4079=CARTESIAN_POINT('Ctrl Pts',(4.42200329936054,53.0156422927076,5.41111111111111));
#4080=CARTESIAN_POINT('Ctrl Pts',(4.95879744284964,53.0344868353643,-3.));
#4081=CARTESIAN_POINT('Ctrl Pts',(4.95879744284964,53.0344868353643,5.41111111111111));
#4082=CARTESIAN_POINT('Ctrl Pts',(5.50797181941743,53.0174353662644,-3.));
#4083=CARTESIAN_POINT('Ctrl Pts',(5.50797181941743,53.0174353662644,5.41111111111111));
#4084=CARTESIAN_POINT('Ctrl Pts',(6.07118063304144,52.9260068199611,-3.));
#4085=CARTESIAN_POINT('Ctrl Pts',(6.07118063304144,52.9260068199611,5.41111111111111));
#4086=CARTESIAN_POINT('Ctrl Pts',(6.63305685590134,52.7220632116324,-3.));
#4087=CARTESIAN_POINT('Ctrl Pts',(6.63305685590134,52.7220632116324,5.41111111111111));
#4088=CARTESIAN_POINT('Ctrl Pts',(7.16999538778349,52.3835035535637,-3.));
#4089=CARTESIAN_POINT('Ctrl Pts',(7.16999538778349,52.3835035535637,5.41111111111111));
#4090=CARTESIAN_POINT('Ctrl Pts',(7.65885520619966,51.9203075562546,-3.));
#4091=CARTESIAN_POINT('Ctrl Pts',(7.65885520619966,51.9203075562546,5.41111111111111));
#4092=CARTESIAN_POINT('Ctrl Pts',(8.08527270489514,51.3885801638961,-3.));
#4093=CARTESIAN_POINT('Ctrl Pts',(8.08527270489514,51.3885801638961,5.41111111111111));
#4094=CARTESIAN_POINT('Ctrl Pts',(8.44695397690802,50.8518427808403,-3.));
#4095=CARTESIAN_POINT('Ctrl Pts',(8.44695397690802,50.8518427808403,5.41111111111111));
#4096=CARTESIAN_POINT('Ctrl Pts',(8.75625480853576,50.3489782903323,-3.));
#4097=CARTESIAN_POINT('Ctrl Pts',(8.75625480853576,50.3489782903323,5.41111111111111));
#4098=CARTESIAN_POINT('Ctrl Pts',(9.04519234614918,49.8507611583273,-3.));
#4099=CARTESIAN_POINT('Ctrl Pts',(9.04519234614918,49.8507611583273,5.41111111111111));
#4100=CARTESIAN_POINT('Ctrl Pts',(9.35401574505891,49.2867327364915,-3.));
#4101=CARTESIAN_POINT('Ctrl Pts',(9.35401574505891,49.2867327364915,5.41111111111111));
#4102=CARTESIAN_POINT('Ctrl Pts',(9.71753369074273,48.5842005915306,-3.));
#4103=CARTESIAN_POINT('Ctrl Pts',(9.71753369074273,48.5842005915306,5.41111111111111));
#4104=CARTESIAN_POINT('Ctrl Pts',(10.1490546737942,47.710893763623,-3.));
#4105=CARTESIAN_POINT('Ctrl Pts',(10.1490546737942,47.710893763623,5.41111111111111));
#4106=CARTESIAN_POINT('Ctrl Pts',(10.6397659983934,46.6804445641825,-3.));
#4107=CARTESIAN_POINT('Ctrl Pts',(10.6397659983934,46.6804445641825,5.41111111111111));
#4108=CARTESIAN_POINT('Ctrl Pts',(11.1679212901226,45.5332643551277,-3.));
#4109=CARTESIAN_POINT('Ctrl Pts',(11.1679212901226,45.5332643551277,5.41111111111111));
#4110=CARTESIAN_POINT('Ctrl Pts',(11.7049911639634,44.3250721671638,-3.));
#4111=CARTESIAN_POINT('Ctrl Pts',(11.7049911639634,44.3250721671638,5.41111111111111));
#4112=CARTESIAN_POINT('Ctrl Pts',(12.2231167936531,43.1121674785878,-3.));
#4113=CARTESIAN_POINT('Ctrl Pts',(12.2231167936531,43.1121674785878,5.41111111111111));
#4114=CARTESIAN_POINT('Ctrl Pts',(12.7018949797588,41.9383036902927,-3.));
#4115=CARTESIAN_POINT('Ctrl Pts',(12.7018949797588,41.9383036902927,5.41111111111111));
#4116=CARTESIAN_POINT('Ctrl Pts',(13.1357498572729,40.8203174946979,-3.));
#4117=CARTESIAN_POINT('Ctrl Pts',(13.1357498572729,40.8203174946979,5.41111111111111));
#4118=CARTESIAN_POINT('Ctrl Pts',(13.5301930635719,39.7545459161264,-3.));
#4119=CARTESIAN_POINT('Ctrl Pts',(13.5301930635719,39.7545459161264,5.41111111111111));
#4120=CARTESIAN_POINT('Ctrl Pts',(13.8978049877663,38.7237494463044,-3.));
#4121=CARTESIAN_POINT('Ctrl Pts',(13.8978049877663,38.7237494463044,5.41111111111111));
#4122=CARTESIAN_POINT('Ctrl Pts',(14.2542112783808,37.7040235180081,-3.));
#4123=CARTESIAN_POINT('Ctrl Pts',(14.2542112783808,37.7040235180081,5.41111111111111));
#4124=CARTESIAN_POINT('Ctrl Pts',(14.614302091245,36.6713278273332,-3.));
#4125=CARTESIAN_POINT('Ctrl Pts',(14.614302091245,36.6713278273332,5.41111111111111));
#4126=CARTESIAN_POINT('Ctrl Pts',(14.9877686578613,35.6091081977306,-3.));
#4127=CARTESIAN_POINT('Ctrl Pts',(14.9877686578613,35.6091081977306,5.41111111111111));
#4128=CARTESIAN_POINT('Ctrl Pts',(15.3768474886881,34.5123765353164,-3.));
#4129=CARTESIAN_POINT('Ctrl Pts',(15.3768474886881,34.5123765353164,5.41111111111111));
#4130=CARTESIAN_POINT('Ctrl Pts',(15.7789409052777,33.3839812340092,-3.));
#4131=CARTESIAN_POINT('Ctrl Pts',(15.7789409052777,33.3839812340092,5.41111111111111));
#4132=CARTESIAN_POINT('Ctrl Pts',(16.188207198879,32.232508771041,-3.));
#4133=CARTESIAN_POINT('Ctrl Pts',(16.188207198879,32.232508771041,5.41111111111111));
#4134=CARTESIAN_POINT('Ctrl Pts',(16.5976238294819,31.0694757415326,-3.));
#4135=CARTESIAN_POINT('Ctrl Pts',(16.5976238294819,31.0694757415326,5.41111111111111));
#4136=CARTESIAN_POINT('Ctrl Pts',(17.0007033235692,29.9069637774748,-3.));
#4137=CARTESIAN_POINT('Ctrl Pts',(17.0007033235692,29.9069637774748,5.41111111111111));
#4138=CARTESIAN_POINT('Ctrl Pts',(17.3937164886922,28.7547209814301,-3.));
#4139=CARTESIAN_POINT('Ctrl Pts',(17.3937164886922,28.7547209814301,5.41111111111111));
#4140=CARTESIAN_POINT('Ctrl Pts',(17.776270143121,27.6188575803064,-3.));
#4141=CARTESIAN_POINT('Ctrl Pts',(17.776270143121,27.6188575803064,5.41111111111111));
#4142=CARTESIAN_POINT('Ctrl Pts',(18.1503270471676,26.5019993412305,-3.));
#4143=CARTESIAN_POINT('Ctrl Pts',(18.1503270471676,26.5019993412305,5.41111111111111));
#4144=CARTESIAN_POINT('Ctrl Pts',(18.5196503530483,25.4030786545043,-3.));
#4145=CARTESIAN_POINT('Ctrl Pts',(18.5196503530483,25.4030786545043,5.41111111111111));
#4146=CARTESIAN_POINT('Ctrl Pts',(18.8890729449945,24.3172015514837,-3.));
#4147=CARTESIAN_POINT('Ctrl Pts',(18.8890729449945,24.3172015514837,5.41111111111111));
#4148=CARTESIAN_POINT('Ctrl Pts',(19.263846799716,23.2356469479778,-3.));
#4149=CARTESIAN_POINT('Ctrl Pts',(19.263846799716,23.2356469479778,5.41111111111111));
#4150=CARTESIAN_POINT('Ctrl Pts',(19.6489461100217,22.1453841078276,-3.));
#4151=CARTESIAN_POINT('Ctrl Pts',(19.6489461100217,22.1453841078276,5.41111111111111));
#4152=CARTESIAN_POINT('Ctrl Pts',(20.0484520714372,21.0312661732201,-3.));
#4153=CARTESIAN_POINT('Ctrl Pts',(20.0484520714372,21.0312661732201,5.41111111111111));
#4154=CARTESIAN_POINT('Ctrl Pts',(20.4649429507774,19.879359414774,-3.));
#4155=CARTESIAN_POINT('Ctrl Pts',(20.4649429507774,19.879359414774,5.41111111111111));
#4156=CARTESIAN_POINT('Ctrl Pts',(20.8989096952385,18.6798037937908,-3.));
#4157=CARTESIAN_POINT('Ctrl Pts',(20.8989096952385,18.6798037937908,5.41111111111111));
#4158=CARTESIAN_POINT('Ctrl Pts',(21.3481008326832,17.4300918277143,-3.));
#4159=CARTESIAN_POINT('Ctrl Pts',(21.3481008326832,17.4300918277143,5.41111111111111));
#4160=CARTESIAN_POINT('Ctrl Pts',(21.80703606708,16.1376515606965,-3.));
#4161=CARTESIAN_POINT('Ctrl Pts',(21.80703606708,16.1376515606965,5.41111111111111));
#4162=CARTESIAN_POINT('Ctrl Pts',(22.2660931453959,14.8240476936507,-3.));
#4163=CARTESIAN_POINT('Ctrl Pts',(22.2660931453959,14.8240476936507,5.41111111111111));
#4164=CARTESIAN_POINT('Ctrl Pts',(22.7126664511479,13.5214796762086,-3.));
#4165=CARTESIAN_POINT('Ctrl Pts',(22.7126664511479,13.5214796762086,5.41111111111111));
#4166=CARTESIAN_POINT('Ctrl Pts',(23.1333575623566,12.2655261451558,-3.));
#4167=CARTESIAN_POINT('Ctrl Pts',(23.1333575623566,12.2655261451558,5.41111111111111));
#4168=CARTESIAN_POINT('Ctrl Pts',(23.5157526097068,11.0892784599498,-3.));
#4169=CARTESIAN_POINT('Ctrl Pts',(23.5157526097068,11.0892784599498,5.41111111111111));
#4170=CARTESIAN_POINT('Ctrl Pts',(23.8505625171769,10.0164521992722,-3.));
#4171=CARTESIAN_POINT('Ctrl Pts',(23.8505625171769,10.0164521992722,5.41111111111111));
#4172=CARTESIAN_POINT('Ctrl Pts',(24.1331648306553,9.05596695169136,-3.));
#4173=CARTESIAN_POINT('Ctrl Pts',(24.1331648306553,9.05596695169136,5.41111111111111));
#4174=CARTESIAN_POINT('Ctrl Pts',(24.3664946188205,8.19335634532549,-3.));
#4175=CARTESIAN_POINT('Ctrl Pts',(24.3664946188205,8.19335634532549,5.41111111111111));
#4176=CARTESIAN_POINT('Ctrl Pts',(24.5592283501974,7.39306721516914,-3.));
#4177=CARTESIAN_POINT('Ctrl Pts',(24.5592283501974,7.39306721516914,5.41111111111111));
#4178=CARTESIAN_POINT('Ctrl Pts',(24.7176484215737,6.61488609838997,-3.));
#4179=CARTESIAN_POINT('Ctrl Pts',(24.7176484215737,6.61488609838997,5.41111111111111));
#4180=CARTESIAN_POINT('Ctrl Pts',(24.8397783844144,5.82586992006603,-3.));
#4181=CARTESIAN_POINT('Ctrl Pts',(24.8397783844144,5.82586992006603,5.41111111111111));
#4182=CARTESIAN_POINT('Ctrl Pts',(24.9071089482441,5.01612401782033,-3.));
#4183=CARTESIAN_POINT('Ctrl Pts',(24.9071089482441,5.01612401782033,5.41111111111111));
#4184=CARTESIAN_POINT('Ctrl Pts',(24.8820341842642,4.20662330306129,-3.));
#4185=CARTESIAN_POINT('Ctrl Pts',(24.8820341842642,4.20662330306129,5.41111111111111));
#4186=CARTESIAN_POINT('Ctrl Pts',(24.7245421791591,3.43219617721032,-3.));
#4187=CARTESIAN_POINT('Ctrl Pts',(24.7245421791591,3.43219617721032,5.41111111111111));
#4188=CARTESIAN_POINT('Ctrl Pts',(24.4041942349484,2.72969580254348,-3.));
#4189=CARTESIAN_POINT('Ctrl Pts',(24.4041942349484,2.72969580254348,5.41111111111111));
#4190=CARTESIAN_POINT('Ctrl Pts',(23.9172789206643,2.12177273216319,-3.));
#4191=CARTESIAN_POINT('Ctrl Pts',(23.9172789206643,2.12177273216319,5.41111111111111));
#4192=CARTESIAN_POINT('Ctrl Pts',(23.2895301700349,1.6107911050977,-3.));
#4193=CARTESIAN_POINT('Ctrl Pts',(23.2895301700349,1.6107911050977,5.41111111111111));
#4194=CARTESIAN_POINT('Ctrl Pts',(22.5440259399082,1.19210974397572,-3.));
#4195=CARTESIAN_POINT('Ctrl Pts',(22.5440259399082,1.19210974397572,5.41111111111111));
#4196=CARTESIAN_POINT('Ctrl Pts',(21.6894997972288,0.859518263156942,-3.));
#4197=CARTESIAN_POINT('Ctrl Pts',(21.6894997972288,0.859518263156942,5.41111111111111));
#4198=CARTESIAN_POINT('Ctrl Pts',(20.6707494213628,0.622160637108315,-3.));
#4199=CARTESIAN_POINT('Ctrl Pts',(20.6707494213628,0.622160637108315,5.41111111111111));
#4200=CARTESIAN_POINT('Ctrl Pts',(19.4807573456097,0.476205939151109,-3.));
#4201=CARTESIAN_POINT('Ctrl Pts',(19.4807573456097,0.476205939151109,5.41111111111111));
#4202=CARTESIAN_POINT('Ctrl Pts',(18.1500077740522,0.407393785870129,-3.));
#4203=CARTESIAN_POINT('Ctrl Pts',(18.1500077740522,0.407393785870129,5.41111111111111));
#4204=CARTESIAN_POINT('Ctrl Pts',(16.7762768572948,0.395784029713015,-3.));
#4205=CARTESIAN_POINT('Ctrl Pts',(16.7762768572948,0.395784029713015,5.41111111111111));
#4206=CARTESIAN_POINT('Ctrl Pts',(15.6663548444641,0.411486840032409,-3.));
#4207=CARTESIAN_POINT('Ctrl Pts',(15.6663548444641,0.411486840032409,5.41111111111111));
#4208=CARTESIAN_POINT('Ctrl Pts',(14.8561908998464,0.428325633970551,-3.));
#4209=CARTESIAN_POINT('Ctrl Pts',(14.8561908998464,0.428325633970551,5.41111111111111));
#4210=CARTESIAN_POINT('Ctrl Pts',(14.3399068414567,0.439603368175202,-3.));
#4211=CARTESIAN_POINT('Ctrl Pts',(14.3399068414567,0.439603368175202,5.41111111111111));
#4212=CARTESIAN_POINT('Ctrl Pts',(14.1063251797469,0.44468457806522,-3.));
#4213=CARTESIAN_POINT('Ctrl Pts',(14.1063251797469,0.44468457806522,5.41111111111111));
#4214=CARTESIAN_POINT('',(16.1652797381021,0.407401889313581,-2.0459962800732));
#4215=CARTESIAN_POINT('Ctrl Pts',(14.1063251797469,0.44468457806522,-2.00509257379441));
#4216=CARTESIAN_POINT('Ctrl Pts',(14.9012918361099,0.427391300814865,-2.02085299517049));
#4217=CARTESIAN_POINT('Ctrl Pts',(15.5424007081675,0.413732925787417,-2.03356638328377));
#4218=CARTESIAN_POINT('Ctrl Pts',(16.1652797381022,0.407401889313584,-2.0459962800732));
#4219=CARTESIAN_POINT('',(14.1063251797469,0.44468457806522,-0.553997065307583));
#4220=CARTESIAN_POINT('Ctrl Pts',(16.1652797381022,0.407401889313584,-2.04599628007319));
#4221=CARTESIAN_POINT('Ctrl Pts',(15.5161750872572,0.413999486956685,-1.57351515168767));
#4222=CARTESIAN_POINT('Ctrl Pts',(14.8418438560924,0.428684500211578,-1.08588305375255));
#4223=CARTESIAN_POINT('Ctrl Pts',(14.1063251797469,0.44468457806522,-0.553997065307586));
#4224=CARTESIAN_POINT('',(14.1063251797469,0.44468457806522,0.));
#4225=CARTESIAN_POINT('',(22.575636130889,1.24197404659647,-2.00000000000001));
#4226=CARTESIAN_POINT('Ctrl Pts',(14.1063251797469,0.44468457806522,4.5270408724453));
#4227=CARTESIAN_POINT('Ctrl Pts',(15.5144020669477,0.414054030475229,3.50879838446862));
#4228=CARTESIAN_POINT('Ctrl Pts',(16.8787530585053,0.383463282362113,2.52254976669056));
#4229=CARTESIAN_POINT('Ctrl Pts',(19.7085772855397,0.469796281351323,0.41553109232021));
#4230=CARTESIAN_POINT('Ctrl Pts',(20.8379365079308,0.623013675355287,-0.474065168495856));
#4231=CARTESIAN_POINT('Ctrl Pts',(22.0524309223682,1.0114371993319,-1.52244028373573));
#4232=CARTESIAN_POINT('Ctrl Pts',(22.3269462017205,1.12215552468265,-1.76880713297725));
#4233=CARTESIAN_POINT('Ctrl Pts',(22.575636130889,1.24197404659647,-2.00000000000001));
#4234=CARTESIAN_POINT('',(24.1741857364684,2.47955677052112,-2.0459962800732));
#4235=CARTESIAN_POINT('Ctrl Pts',(22.575636130889,1.24197404659647,-2.00000000000001));
#4236=CARTESIAN_POINT('Ctrl Pts',(22.6474240761772,1.27656139608995,-2.00183111071427));
#4237=CARTESIAN_POINT('Ctrl Pts',(22.7145449035427,1.31068524803883,-2.00356253537263));
#4238=CARTESIAN_POINT('Ctrl Pts',(22.777157463348,1.34392867760464,-2.00519284394864));
#4239=CARTESIAN_POINT('Ctrl Pts',(22.853152426371,1.38427734260833,-2.00717160412608));
#4240=CARTESIAN_POINT('Ctrl Pts',(22.922504537346,1.42332880019067,-2.00900140524049));
#4241=CARTESIAN_POINT('Ctrl Pts',(22.985420478051,1.46034587273993,-2.01067969038972));
#4242=CARTESIAN_POINT('Ctrl Pts',(23.0055037134996,1.47216199716396,-2.01121541147128));
#4243=CARTESIAN_POINT('Ctrl Pts',(23.0249307408254,1.48377090930292,-2.01173569407896));
#4244=CARTESIAN_POINT('Ctrl Pts',(23.043707301948,1.49514892398491,-2.0122404550492));
#4245=CARTESIAN_POINT('Ctrl Pts',(23.1284640738687,1.5465089035368,-2.01451892926766));
#4246=CARTESIAN_POINT('Ctrl Pts',(23.2118056259785,1.60033601826136,-2.01679815108181));
#4247=CARTESIAN_POINT('Ctrl Pts',(23.2933876809857,1.65674925894099,-2.01907097156349));
#4248=CARTESIAN_POINT('Ctrl Pts',(23.3822693687148,1.71821012850885,-2.02154715484055));
#4249=CARTESIAN_POINT('Ctrl Pts',(23.4690618075001,1.78274184127305,-2.02401574000566));
#4250=CARTESIAN_POINT('Ctrl Pts',(23.5532634067489,1.85048297001602,-2.02646748233615));
#4251=CARTESIAN_POINT('Ctrl Pts',(23.6385787240811,1.91912009741864,-2.02895165338288));
#4252=CARTESIAN_POINT('Ctrl Pts',(23.7212331047057,1.99105319208488,-2.0314185330946));
#4253=CARTESIAN_POINT('Ctrl Pts',(23.8006616932164,2.06639458809426,-2.03385850504076));
#4254=CARTESIAN_POINT('Ctrl Pts',(23.8752627572906,2.1371568717571,-2.03615017995161));
#4255=CARTESIAN_POINT('Ctrl Pts',(23.9470163851149,2.21092638704741,-2.03841811850962));
#4256=CARTESIAN_POINT('Ctrl Pts',(24.0154381070137,2.28775694112466,-2.04065435328159));
#4257=CARTESIAN_POINT('Ctrl Pts',(24.0402446519863,2.31561213889075,-2.04146510835908));
#4258=CARTESIAN_POINT('Ctrl Pts',(24.0646132234212,2.34386925009678,-2.0422716961277));
#4259=CARTESIAN_POINT('Ctrl Pts',(24.0885212262809,2.3725290664053,-2.0430737368921));
#4260=CARTESIAN_POINT('Ctrl Pts',(24.1179528866598,2.40781038977905,-2.04406107956252));
#4261=CARTESIAN_POINT('Ctrl Pts',(24.1465035905401,2.44348216685429,-2.04503508095637));
#4262=CARTESIAN_POINT('Ctrl Pts',(24.1741857364676,2.47955677052018,-2.0459962800732));
#4263=CARTESIAN_POINT('',(16.1020754356274,0.408068503973826,4.71279704941826));
#4264=CARTESIAN_POINT('Ctrl Pts',(24.1741857364684,2.47955677052113,-2.04599628007318));
#4265=CARTESIAN_POINT('Ctrl Pts',(24.0515668101519,2.31976319164214,-1.89070241455986));
#4266=CARTESIAN_POINT('Ctrl Pts',(23.8991753929559,2.15114622570132,-1.70999482239083));
#4267=CARTESIAN_POINT('Ctrl Pts',(23.4115120062535,1.7179187865074,-1.17533376806329));
#4268=CARTESIAN_POINT('Ctrl Pts',(23.076119468272,1.49878848945961,-0.839942754266228));
#4269=CARTESIAN_POINT('Ctrl Pts',(21.9757191068831,0.927752161724181,0.199794783075556));
#4270=CARTESIAN_POINT('Ctrl Pts',(21.1828097141536,0.729631774171364,0.861501967647738));
#4271=CARTESIAN_POINT('Ctrl Pts',(19.195367023331,0.419620066727618,2.44356988345151));
#4272=CARTESIAN_POINT('Ctrl Pts',(17.7146910074219,0.390450701626101,3.53948265520993));
#4273=CARTESIAN_POINT('Ctrl Pts',(16.1020754356274,0.408068503973827,4.71279704941827));
#4274=CARTESIAN_POINT('Ctrl Pts',(16.1020754355688,0.408068503974467,4.71279704941826));
#4275=CARTESIAN_POINT('Ctrl Pts',(15.9239950572755,0.410014029592509,4.71279704941826));
#4276=CARTESIAN_POINT('Ctrl Pts',(15.7458499586393,0.41252118262387,4.71279704941826));
#4277=CARTESIAN_POINT('Ctrl Pts',(15.5680996791449,0.415407950265824,4.71279704941826));
#4278=CARTESIAN_POINT('Ctrl Pts',(15.3995282681655,0.418145647758947,4.71279704941826));
#4279=CARTESIAN_POINT('Ctrl Pts',(15.2313125019142,0.421224613970396,4.71279704941826));
#4280=CARTESIAN_POINT('Ctrl Pts',(15.0638017608625,0.424500406544797,4.71279704941826));
#4281=CARTESIAN_POINT('Ctrl Pts',(14.9025708554975,0.427653392432406,4.71279704941826));
#4282=CARTESIAN_POINT('Ctrl Pts',(14.7419934012529,0.430988636316904,4.71279704941826));
#4283=CARTESIAN_POINT('Ctrl Pts',(14.5823343824462,0.434389329281986,4.71279704941826));
#4284=CARTESIAN_POINT('Ctrl Pts',(14.4226753636396,0.437790022247069,4.71279704941826));
#4285=CARTESIAN_POINT('Ctrl Pts',(14.2639353324444,0.441256011538244,4.71279704941826));
#4286=CARTESIAN_POINT('Ctrl Pts',(14.1063251797469,0.44468457806522,4.71279704941826));
#4287=CARTESIAN_POINT('',(-29.1083331099571,32.119967630515,-2.0459962800732));
#4288=CARTESIAN_POINT('',(-30.2682897394206,30.0994278470863,-2.00000000000001));
#4289=CARTESIAN_POINT('Ctrl Pts',(-29.1083331099571,32.119967630515,-2.0459962800732));
#4290=CARTESIAN_POINT('Ctrl Pts',(-29.4931186381421,31.4590124966727,-2.0308428368868));
#4291=CARTESIAN_POINT('Ctrl Pts',(-29.8713029815885,30.8002147531059,-2.0158461330432));
#4292=CARTESIAN_POINT('Ctrl Pts',(-30.2682897394206,30.0994278470864,-2.00000000000001));
#4293=CARTESIAN_POINT('',(-34.8301221682901,21.8737075126217,4.71279704941825));
#4294=CARTESIAN_POINT('Ctrl Pts',(-30.2682897394206,30.0994278470863,-2.00000000000002));
#4295=CARTESIAN_POINT('Ctrl Pts',(-30.5217968593465,29.6519205518886,-1.63090057190973));
#4296=CARTESIAN_POINT('Ctrl Pts',(-30.7734388751899,29.2041249723409,-1.26304829933214));
#4297=CARTESIAN_POINT('Ctrl Pts',(-31.5017790894917,27.9008996714968,-0.195423618281062));
#4298=CARTESIAN_POINT('Ctrl Pts',(-32.0344902382655,26.9383350722854,0.589288248143737));
#4299=CARTESIAN_POINT('Ctrl Pts',(-33.1425912408857,24.932841683455,2.22291166585758));
#4300=CARTESIAN_POINT('Ctrl Pts',(-34.017635132089,23.3451645925083,3.51458220376377));
#4301=CARTESIAN_POINT('Ctrl Pts',(-34.8301221682902,21.8737075126217,4.71279704941824));
#4302=CARTESIAN_POINT('',(-33.7239714658522,23.8781363406024,4.71279704941825));
#4303=CARTESIAN_POINT('Ctrl Pts',(-34.8301221682902,21.8737075126217,4.71279704941825));
#4304=CARTESIAN_POINT('Ctrl Pts',(-34.4604335703791,22.5432331548927,4.71279704941825));
#4305=CARTESIAN_POINT('Ctrl Pts',(-34.0904668165294,23.2138196596891,4.71279704941825));
#4306=CARTESIAN_POINT('Ctrl Pts',(-33.7239714658522,23.8781363406024,4.71279704941825));
#4307=CARTESIAN_POINT('Ctrl Pts',(-33.7239714658522,23.8781363406024,4.71279704941825));
#4308=CARTESIAN_POINT('Ctrl Pts',(-32.525524579635,26.0504647377613,2.9446181458409));
#4309=CARTESIAN_POINT('Ctrl Pts',(-32.105790651767,26.8136523757725,2.32437431949573));
#4310=CARTESIAN_POINT('Ctrl Pts',(-30.5551971955897,29.5989459778979,0.0470338001571132));
#4311=CARTESIAN_POINT('Ctrl Pts',(-29.8667980958789,30.8171345207322,-0.956479143978769));
#4312=CARTESIAN_POINT('Ctrl Pts',(-29.1083331099571,32.119967630515,-2.04599628007321));
#4313=CARTESIAN_POINT('',(-4.12839155792025,53.0040838412672,-2.0459962800732));
#4314=CARTESIAN_POINT('',(-6.43070478532987,53.022829252859,-2.00000000000002));
#4315=CARTESIAN_POINT('Ctrl Pts',(-4.12839155792023,53.0040838412672,-2.0459962800732));
#4316=CARTESIAN_POINT('Ctrl Pts',(-5.00075575935654,53.0090883335581,-2.02854434529707));
#4317=CARTESIAN_POINT('Ctrl Pts',(-5.76063343508138,53.0171521136221,-2.01338438999566));
#4318=CARTESIAN_POINT('Ctrl Pts',(-6.43070478532986,53.022829252859,-2.00000000000002));
#4319=CARTESIAN_POINT('',(-14.9199869368694,51.808220937206,4.71279704941825));
#4320=CARTESIAN_POINT('Ctrl Pts',(-6.43070478532986,53.022829252859,-2.00000000000001));
#4321=CARTESIAN_POINT('Ctrl Pts',(-7.21593373057083,53.0294820578972,-1.42788969980898));
#4322=CARTESIAN_POINT('Ctrl Pts',(-7.88237351991231,53.0342057917842,-0.941949683459636));
#4323=CARTESIAN_POINT('Ctrl Pts',(-9.96593327733268,53.0184720863377,0.589803330722631));
#4324=CARTESIAN_POINT('Ctrl Pts',(-11.0910546051851,52.9708724535386,1.43298498041093));
#4325=CARTESIAN_POINT('Ctrl Pts',(-13.2541237902192,52.6513751506815,3.14751277481851));
#4326=CARTESIAN_POINT('Ctrl Pts',(-14.0982884039808,52.336478711954,3.89463014372637));
#4327=CARTESIAN_POINT('Ctrl Pts',(-14.9199869368694,51.808220937206,4.71279704941825));
#4328=CARTESIAN_POINT('',(-13.1374775596554,52.6052437463704,4.71279704941825));
#4329=CARTESIAN_POINT('Ctrl Pts',(-14.9199869368694,51.808220937206,4.71279704941825));
#4330=CARTESIAN_POINT('Ctrl Pts',(-14.3747653322279,52.1587358037714,4.71279704941825));
#4331=CARTESIAN_POINT('Ctrl Pts',(-13.8170922781973,52.417995748016,4.71279704941825));
#4332=CARTESIAN_POINT('Ctrl Pts',(-13.1374775596554,52.6052437463704,4.71279704941825));
#4333=CARTESIAN_POINT('Ctrl Pts',(-13.1374775596554,52.6052437463704,4.71279704941826));
#4334=CARTESIAN_POINT('Ctrl Pts',(-11.989288561828,52.9215937101219,3.74251804433974));
#4335=CARTESIAN_POINT('Ctrl Pts',(-10.5650129002737,53.0154127799489,2.66138215212102));
#4336=CARTESIAN_POINT('Ctrl Pts',(-7.23249050194508,53.0381099558444,0.212451875606593));
#4337=CARTESIAN_POINT('Ctrl Pts',(-5.93487246765752,53.0144470814959,-0.727784902840206));
#4338=CARTESIAN_POINT('Ctrl Pts',(-4.12839155792023,53.0040838412672,-2.04599628007319));
#4339=CARTESIAN_POINT('',(-13.0829386544576,52.6200462211415,-2.0459962800732));
#4340=CARTESIAN_POINT('',(-14.9199869368694,51.808220937206,-2.00000000000002));
#4341=CARTESIAN_POINT('Ctrl Pts',(-13.0829386544576,52.6200462211415,-2.0459962800732));
#4342=CARTESIAN_POINT('Ctrl Pts',(-13.3893529305783,52.5381301429712,-2.03892564769233));
#4343=CARTESIAN_POINT('Ctrl Pts',(-13.6703818965453,52.4421634160513,-2.03220652804856));
#4344=CARTESIAN_POINT('Ctrl Pts',(-13.9360587633215,52.330395854646,-2.02561787967148));
#4345=CARTESIAN_POINT('Ctrl Pts',(-14.1478229940104,52.2413087920646,-2.02036623668209));
#4346=CARTESIAN_POINT('Ctrl Pts',(-14.4209883710912,52.1207315591341,-2.01352825145279));
#4347=CARTESIAN_POINT('Ctrl Pts',(-14.8393259056185,51.8593497527576,-2.00219367452502));
#4348=CARTESIAN_POINT('Ctrl Pts',(-14.8657206874996,51.8428580081791,-2.00147852548619));
#4349=CARTESIAN_POINT('Ctrl Pts',(-14.8926067861032,51.825823229211,-2.00074741067913));
#4350=CARTESIAN_POINT('Ctrl Pts',(-14.9199869368694,51.808220937206,-2.00000000000002));
#4351=CARTESIAN_POINT('',(-20.7058495710261,45.7675859608407,4.71279704941825));
#4352=CARTESIAN_POINT('Ctrl Pts',(-14.9199869368694,51.808220937206,-2.00000000000001));
#4353=CARTESIAN_POINT('Ctrl Pts',(-15.37054209252,51.5185657237684,-1.55138131226022));
#4354=CARTESIAN_POINT('Ctrl Pts',(-15.9601323149028,51.0642735212096,-0.933464872448625));
#4355=CARTESIAN_POINT('Ctrl Pts',(-16.7161631734489,50.3701425569398,-0.0953489500951491));
#4356=CARTESIAN_POINT('Ctrl Pts',(-17.0558171604452,50.0582976807065,0.281182525273278));
#4357=CARTESIAN_POINT('Ctrl Pts',(-17.429729455739,49.6986978155874,0.702376881626701));
#4358=CARTESIAN_POINT('Ctrl Pts',(-17.8365548764444,49.2796284493658,1.17205329696274));
#4359=CARTESIAN_POINT('Ctrl Pts',(-18.2241477046096,48.8803705058241,1.61952585122691));
#4360=CARTESIAN_POINT('Ctrl Pts',(-18.5917692922269,48.4771625110464,2.05399801674932));
#4361=CARTESIAN_POINT('Ctrl Pts',(-18.9377682615649,48.0729778814176,2.4730415261603));
#4362=CARTESIAN_POINT('Ctrl Pts',(-19.5632990342934,47.3422533819186,3.23062936161029));
#4363=CARTESIAN_POINT('Ctrl Pts',(-20.1313917119946,46.5940778232126,3.95332519422877));
#4364=CARTESIAN_POINT('Ctrl Pts',(-20.7058495710261,45.7675859608407,4.71279704941825));
#4365=CARTESIAN_POINT('',(-19.4336053374643,47.4755118582842,4.71279704941825));
#4366=CARTESIAN_POINT('Ctrl Pts',(-20.7058495710261,45.7675859608407,4.71279704941825));
#4367=CARTESIAN_POINT('Ctrl Pts',(-20.294116704783,46.3599598975377,4.71279704941825));
#4368=CARTESIAN_POINT('Ctrl Pts',(-19.8766137962016,46.9249594622821,4.71279704941825));
#4369=CARTESIAN_POINT('Ctrl Pts',(-19.4336053374643,47.4755118582841,4.71279704941825));
#4370=CARTESIAN_POINT('Ctrl Pts',(-19.4336053374643,47.4755118582842,4.71279704941826));
#4371=CARTESIAN_POINT('Ctrl Pts',(-18.9227844256486,48.1103387366008,4.0785103930549));
#4372=CARTESIAN_POINT('Ctrl Pts',(-18.4011844127826,48.6981031618796,3.45563231826578));
#4373=CARTESIAN_POINT('Ctrl Pts',(-17.1409465531716,49.9960521888869,2.00078778372412));
#4374=CARTESIAN_POINT('Ctrl Pts',(-16.2562646319716,50.8292711836764,1.01145310074096));
#4375=CARTESIAN_POINT('Ctrl Pts',(-14.7208985017407,51.9883618959282,-0.587859537278245));
#4376=CARTESIAN_POINT('Ctrl Pts',(-14.0131981963211,52.3713528041289,-1.26300066668701));
#4377=CARTESIAN_POINT('Ctrl Pts',(-13.0829386544576,52.6200462211415,-2.0459962800732));
#4378=CARTESIAN_POINT('Origin',(-14.9199869368694,51.808220937206,-2.00000000000002));
#4379=CARTESIAN_POINT('',(-14.9199869368694,51.808220937206,-2.00000000000002));
#4380=CARTESIAN_POINT('',(-13.0829386544576,52.6200462211415,-2.0459962800732));
#4381=CARTESIAN_POINT('Origin',(-20.7058495710261,45.7675859608407,4.71279704941824));
#4382=CARTESIAN_POINT('',(-20.7058495710261,45.7675859608407,4.71279704941825));
#4383=CARTESIAN_POINT('Origin',(-13.0829386544576,52.6200462211415,-2.0459962800732));
#4384=CARTESIAN_POINT('',(-19.4336053374643,47.4755118582842,4.71279704941825));
#4385=CARTESIAN_POINT('',(5.16123918734799,0.583207077035213,5.93758007178464));
#4386=CARTESIAN_POINT('Origin',(-19.4336053374643,47.4755118582841,4.71279704941825));
#4387=CARTESIAN_POINT('Origin',(14.1063251793483,0.444684578073892,0.));
#4388=CARTESIAN_POINT('Origin',(-6.43070478532986,53.022829252859,-2.00000000000002));
#4389=CARTESIAN_POINT('',(-6.43070478532987,53.022829252859,-2.00000000000002));
#4390=CARTESIAN_POINT('',(-4.12839155792025,53.0040838412672,-2.0459962800732));
#4391=CARTESIAN_POINT('Origin',(-14.9199869368694,51.808220937206,4.71279704941825));
#4392=CARTESIAN_POINT('',(-14.9199869368694,51.808220937206,4.71279704941825));
#4393=CARTESIAN_POINT('Origin',(-4.12839155792023,53.0040838412672,-2.0459962800732));
#4394=CARTESIAN_POINT('',(-13.1374775596554,52.6052437463704,4.71279704941825));
#4395=CARTESIAN_POINT('Origin',(-13.1374775596554,52.6052437463704,4.71279704941825));
#4396=CARTESIAN_POINT('Origin',(-30.2682897394206,30.0994278470864,-2.00000000000002));
#4397=CARTESIAN_POINT('',(-30.2682897394206,30.0994278470863,-2.00000000000001));
#4398=CARTESIAN_POINT('',(-29.1083331099571,32.119967630515,-2.0459962800732));
#4399=CARTESIAN_POINT('Origin',(-34.8301221682902,21.8737075126217,4.71279704941824));
#4400=CARTESIAN_POINT('',(-34.8301221682901,21.8737075126217,4.71279704941825));
#4401=CARTESIAN_POINT('Origin',(-29.1083331099571,32.119967630515,-2.0459962800732));
#4402=CARTESIAN_POINT('',(-33.7239714658522,23.8781363406024,4.71279704941825));
#4403=CARTESIAN_POINT('Origin',(-33.7239714658522,23.8781363406024,4.71279704941825));
#4404=CARTESIAN_POINT('Ctrl Pts',(13.4478619789758,45.2503412833109,1.41111111111111));
#4405=CARTESIAN_POINT('Ctrl Pts',(13.4478619789758,45.2503412833109,5.41111111111111));
#4406=CARTESIAN_POINT('Ctrl Pts',(13.1746329607636,45.937541340199,1.41111111111111));
#4407=CARTESIAN_POINT('Ctrl Pts',(13.1746329607636,45.937541340199,5.41111111111111));
#4408=CARTESIAN_POINT('Ctrl Pts',(12.8985148249761,46.6100004799441,1.41111111111111));
#4409=CARTESIAN_POINT('Ctrl Pts',(12.8985148249761,46.6100004799441,5.41111111111111));
#4410=CARTESIAN_POINT('Ctrl Pts',(12.6352709885083,47.2319353460485,1.41111111111111));
#4411=CARTESIAN_POINT('Ctrl Pts',(12.6352709885083,47.2319353460485,5.41111111111111));
#4412=CARTESIAN_POINT('Ctrl Pts',(12.1445087505542,48.3914008471084,1.41111111111111));
#4413=CARTESIAN_POINT('Ctrl Pts',(12.1445087505542,48.3914008471084,5.41111111111111));
#4414=CARTESIAN_POINT('Ctrl Pts',(11.7218011398146,49.3276391597424,1.41111111111111));
#4415=CARTESIAN_POINT('Ctrl Pts',(11.7218011398146,49.3276391597424,5.41111111111111));
#4416=CARTESIAN_POINT('Ctrl Pts',(11.3818563133989,50.0262332041601,1.41111111111111));
#4417=CARTESIAN_POINT('Ctrl Pts',(11.3818563133989,50.0262332041601,5.41111111111111));
#4418=CARTESIAN_POINT('Ctrl Pts',(10.984093493401,50.8436444884297,1.41111111111111));
#4419=CARTESIAN_POINT('Ctrl Pts',(10.984093493401,50.8436444884297,5.41111111111111));
#4420=CARTESIAN_POINT('Ctrl Pts',(10.697815300373,51.4104503779616,1.41111111111111));
#4421=CARTESIAN_POINT('Ctrl Pts',(10.697815300373,51.4104503779616,5.41111111111111));
#4422=CARTESIAN_POINT('Ctrl Pts',(10.1709613051693,52.212314545296,1.41111111111111));
#4423=CARTESIAN_POINT('Ctrl Pts',(10.1709613051693,52.212314545296,5.41111111111111));
#4424=CARTESIAN_POINT('Ctrl Pts',(9.7749654874249,52.8150144575188,1.41111111111111));
#4425=CARTESIAN_POINT('Ctrl Pts',(9.7749654874249,52.8150144575188,5.41111111111111));
#4426=CARTESIAN_POINT('Ctrl Pts',(9.21522132252163,53.5343100047917,1.41111111111111));
#4427=CARTESIAN_POINT('Ctrl Pts',(9.21522132252163,53.5343100047917,5.41111111111111));
#4428=CARTESIAN_POINT('Ctrl Pts',(8.4475993502891,54.0730188576282,1.41111111111111));
#4429=CARTESIAN_POINT('Ctrl Pts',(8.4475993502891,54.0730188576282,5.41111111111111));
#4430=CARTESIAN_POINT('Ctrl Pts',(7.74896678194266,54.5633116880348,1.41111111111111));
#4431=CARTESIAN_POINT('Ctrl Pts',(7.74896678194266,54.5633116880348,5.41111111111111));
#4432=CARTESIAN_POINT('Ctrl Pts',(6.92437278164272,54.836927929605,1.41111111111111));
#4433=CARTESIAN_POINT('Ctrl Pts',(6.92437278164272,54.836927929605,5.41111111111111));
#4434=CARTESIAN_POINT('Ctrl Pts',(6.24722839142671,54.9397572978899,1.41111111111111));
#4435=CARTESIAN_POINT('Ctrl Pts',(6.24722839142671,54.9397572978899,5.41111111111111));
#4436=CARTESIAN_POINT('Ctrl Pts',(5.82177422156551,55.0043656504852,1.41111111111111));
#4437=CARTESIAN_POINT('Ctrl Pts',(5.82177422156551,55.0043656504852,5.41111111111111));
#4438=CARTESIAN_POINT('Ctrl Pts',(5.45754461588282,55.022570905515,1.41111111111111));
#4439=CARTESIAN_POINT('Ctrl Pts',(5.45754461588282,55.022570905515,5.41111111111111));
#4440=CARTESIAN_POINT('Ctrl Pts',(5.13551960006964,55.0266997923133,1.41111111111111));
#4441=CARTESIAN_POINT('Ctrl Pts',(5.13551960006964,55.0266997923133,5.41111111111111));
#4442=CARTESIAN_POINT('',(5.13551960006964,55.0266997923133,1.41111111111111));
#4443=CARTESIAN_POINT('',(13.4478619789758,45.2503412833109,1.41111111111111));
#4444=CARTESIAN_POINT('Ctrl Pts',(5.13551960006964,55.0266997923133,1.41111111111111));
#4445=CARTESIAN_POINT('Ctrl Pts',(5.45754461588282,55.022570905515,1.41111111111111));
#4446=CARTESIAN_POINT('Ctrl Pts',(5.82177422156551,55.0043656504852,1.41111111111111));
#4447=CARTESIAN_POINT('Ctrl Pts',(6.24722839142671,54.9397572978899,1.41111111111111));
#4448=CARTESIAN_POINT('Ctrl Pts',(6.92437278164272,54.836927929605,1.41111111111111));
#4449=CARTESIAN_POINT('Ctrl Pts',(7.74896678194266,54.5633116880348,1.41111111111111));
#4450=CARTESIAN_POINT('Ctrl Pts',(8.4475993502891,54.0730188576282,1.41111111111111));
#4451=CARTESIAN_POINT('Ctrl Pts',(9.21522132252163,53.5343100047917,1.41111111111111));
#4452=CARTESIAN_POINT('Ctrl Pts',(9.7749654874249,52.8150144575188,1.41111111111111));
#4453=CARTESIAN_POINT('Ctrl Pts',(10.1709613051693,52.212314545296,1.41111111111111));
#4454=CARTESIAN_POINT('Ctrl Pts',(10.697815300373,51.4104503779616,1.41111111111111));
#4455=CARTESIAN_POINT('Ctrl Pts',(10.984093493401,50.8436444884297,1.41111111111111));
#4456=CARTESIAN_POINT('Ctrl Pts',(11.3818563133989,50.0262332041601,1.41111111111111));
#4457=CARTESIAN_POINT('Ctrl Pts',(11.7218011398146,49.3276391597424,1.41111111111111));
#4458=CARTESIAN_POINT('Ctrl Pts',(12.1445087505542,48.3914008471084,1.41111111111111));
#4459=CARTESIAN_POINT('Ctrl Pts',(12.6352709885083,47.2319353460485,1.41111111111111));
#4460=CARTESIAN_POINT('Ctrl Pts',(12.8985148249761,46.6100004799441,1.41111111111111));
#4461=CARTESIAN_POINT('Ctrl Pts',(13.1746329607636,45.937541340199,1.41111111111111));
#4462=CARTESIAN_POINT('Ctrl Pts',(13.4478619789758,45.2503412833109,1.41111111111111));
#4463=CARTESIAN_POINT('',(5.13551960006964,55.0266997923133,1.41111111111111));
#4464=CARTESIAN_POINT('',(13.4478619789758,45.2503412833109,1.41111111111111));
#4465=CARTESIAN_POINT('Origin',(26.6892389785398,7.06361413837274,1.41111111111111));
#4466=CARTESIAN_POINT('',(26.6892389785385,7.06361413837229,1.41111111111111));
#4467=CARTESIAN_POINT('',(26.6892389785385,7.06361413837229,1.41111111111111));
#4468=CARTESIAN_POINT('',(21.7571972677084,21.2870994364027,1.41111111111111));
#4469=CARTESIAN_POINT('Ctrl Pts',(11.5488703955712,-1.61048755964743,1.41111111111111));
#4470=CARTESIAN_POINT('Ctrl Pts',(11.5488703955712,-1.61048755964743,5.41111111111111));
#4471=CARTESIAN_POINT('Ctrl Pts',(12.1462917844662,-1.61659212182216,1.41111111111111));
#4472=CARTESIAN_POINT('Ctrl Pts',(12.1462917844662,-1.61659212182216,5.41111111111111));
#4473=CARTESIAN_POINT('Ctrl Pts',(12.7659238171305,-1.62761444660019,1.41111111111111));
#4474=CARTESIAN_POINT('Ctrl Pts',(12.7659238171305,-1.62761444660019,5.41111111111111));
#4475=CARTESIAN_POINT('Ctrl Pts',(13.4227542323043,-1.64456818375305,1.41111111111111));
#4476=CARTESIAN_POINT('Ctrl Pts',(13.4227542323043,-1.64456818375305,5.41111111111111));
#4477=CARTESIAN_POINT('Ctrl Pts',(15.7179104636291,-1.7038094651732,1.41111111111111));
#4478=CARTESIAN_POINT('Ctrl Pts',(15.7179104636291,-1.7038094651732,5.41111111111111));
#4479=CARTESIAN_POINT('Ctrl Pts',(18.4371824762678,-1.84581554999157,1.41111111111111));
#4480=CARTESIAN_POINT('Ctrl Pts',(18.4371824762678,-1.84581554999157,5.41111111111111));
#4481=CARTESIAN_POINT('Ctrl Pts',(20.6975055324484,-1.51487688031651,1.41111111111111));
#4482=CARTESIAN_POINT('Ctrl Pts',(20.6975055324484,-1.51487688031651,5.41111111111111));
#4483=CARTESIAN_POINT('Ctrl Pts',(22.0231660699639,-1.32078412285581,1.41111111111111));
#4484=CARTESIAN_POINT('Ctrl Pts',(22.0231660699639,-1.32078412285581,5.41111111111111));
#4485=CARTESIAN_POINT('Ctrl Pts',(23.1858358604778,-0.940521196804254,1.41111111111111));
#4486=CARTESIAN_POINT('Ctrl Pts',(23.1858358604778,-0.940521196804254,5.41111111111111));
#4487=CARTESIAN_POINT('Ctrl Pts',(24.1789779924148,-0.328500192207736,1.41111111111111));
#4488=CARTESIAN_POINT('Ctrl Pts',(24.1789779924148,-0.328500192207736,5.41111111111111));
#4489=CARTESIAN_POINT('Ctrl Pts',(24.983916902386,0.167541113943068,1.41111111111111));
#4490=CARTESIAN_POINT('Ctrl Pts',(24.983916902386,0.167541113943068,5.41111111111111));
#4491=CARTESIAN_POINT('Ctrl Pts',(25.7266575409162,0.860404977386082,1.41111111111111));
#4492=CARTESIAN_POINT('Ctrl Pts',(25.7266575409162,0.860404977386082,5.41111111111111));
#4493=CARTESIAN_POINT('Ctrl Pts',(26.2202545893729,1.74226702356104,1.41111111111111));
#4494=CARTESIAN_POINT('Ctrl Pts',(26.2202545893729,1.74226702356104,5.41111111111111));
#4495=CARTESIAN_POINT('Ctrl Pts',(26.7211803394836,2.63722255126441,1.41111111111111));
#4496=CARTESIAN_POINT('Ctrl Pts',(26.7211803394836,2.63722255126441,5.41111111111111));
#4497=CARTESIAN_POINT('Ctrl Pts',(26.9079512020925,3.64292215864619,1.41111111111111));
#4498=CARTESIAN_POINT('Ctrl Pts',(26.9079512020925,3.64292215864619,5.41111111111111));
#4499=CARTESIAN_POINT('Ctrl Pts',(26.9307799781681,4.51944949870256,1.41111111111111));
#4500=CARTESIAN_POINT('Ctrl Pts',(26.9307799781681,4.51944949870256,5.41111111111111));
#4501=CARTESIAN_POINT('Ctrl Pts',(26.9555042380738,5.46875530897459,1.41111111111111));
#4502=CARTESIAN_POINT('Ctrl Pts',(26.9555042380738,5.46875530897459,5.41111111111111));
#4503=CARTESIAN_POINT('Ctrl Pts',(26.8408905482179,6.28448286381315,1.41111111111111));
#4504=CARTESIAN_POINT('Ctrl Pts',(26.8408905482179,6.28448286381315,5.41111111111111));
#4505=CARTESIAN_POINT('Ctrl Pts',(26.6892389785385,7.06361413837229,1.41111111111111));
#4506=CARTESIAN_POINT('Ctrl Pts',(26.6892389785385,7.06361413837229,5.41111111111111));
#4507=CARTESIAN_POINT('',(11.5488703955712,-1.61048755964743,1.41111111111111));
#4508=CARTESIAN_POINT('Ctrl Pts',(26.6892389785385,7.06361413837229,1.41111111111111));
#4509=CARTESIAN_POINT('Ctrl Pts',(26.8408905482179,6.28448286381315,1.41111111111111));
#4510=CARTESIAN_POINT('Ctrl Pts',(26.9555042380738,5.46875530897459,1.41111111111111));
#4511=CARTESIAN_POINT('Ctrl Pts',(26.9307799781681,4.51944949870256,1.41111111111111));
#4512=CARTESIAN_POINT('Ctrl Pts',(26.9079512020925,3.64292215864619,1.41111111111111));
#4513=CARTESIAN_POINT('Ctrl Pts',(26.7211803394836,2.63722255126441,1.41111111111111));
#4514=CARTESIAN_POINT('Ctrl Pts',(26.2202545893729,1.74226702356104,1.41111111111111));
#4515=CARTESIAN_POINT('Ctrl Pts',(25.7266575409162,0.860404977386082,1.41111111111111));
#4516=CARTESIAN_POINT('Ctrl Pts',(24.983916902386,0.167541113943068,1.41111111111111));
#4517=CARTESIAN_POINT('Ctrl Pts',(24.1789779924148,-0.328500192207736,1.41111111111111));
#4518=CARTESIAN_POINT('Ctrl Pts',(23.1858358604778,-0.940521196804254,1.41111111111111));
#4519=CARTESIAN_POINT('Ctrl Pts',(22.0231660699639,-1.32078412285581,1.41111111111111));
#4520=CARTESIAN_POINT('Ctrl Pts',(20.6975055324484,-1.51487688031651,1.41111111111111));
#4521=CARTESIAN_POINT('Ctrl Pts',(18.4371824762678,-1.84581554999157,1.41111111111111));
#4522=CARTESIAN_POINT('Ctrl Pts',(15.7179104636291,-1.7038094651732,1.41111111111111));
#4523=CARTESIAN_POINT('Ctrl Pts',(13.4227542323043,-1.64456818375305,1.41111111111111));
#4524=CARTESIAN_POINT('Ctrl Pts',(12.7659238171305,-1.62761444660019,1.41111111111111));
#4525=CARTESIAN_POINT('Ctrl Pts',(12.1462917844662,-1.61659212182216,1.41111111111111));
#4526=CARTESIAN_POINT('Ctrl Pts',(11.5488703955712,-1.61048755964743,1.41111111111111));
#4527=CARTESIAN_POINT('',(11.5488703955712,-1.61048755964743,1.41111111111111));
#4528=CARTESIAN_POINT('Origin',(-31.0293020898086,-0.723404031678899,1.41111111111111));
#4529=CARTESIAN_POINT('',(-31.0293020898086,-0.723404031678899,1.41111111111111));
#4530=CARTESIAN_POINT('',(-19.8245376250269,-0.956846685852879,1.41111111111111));
#4531=CARTESIAN_POINT('',(-31.0293020898086,-0.723404031678899,1.41111111111111));
#4532=CARTESIAN_POINT('Ctrl Pts',(-38.9303780992142,18.5697699630186,1.41111111111111));
#4533=CARTESIAN_POINT('Ctrl Pts',(-38.9303780992142,18.5697699630186,5.41111111111111));
#4534=CARTESIAN_POINT('Ctrl Pts',(-39.1788402638489,18.1338262799813,1.41111111111111));
#4535=CARTESIAN_POINT('Ctrl Pts',(-39.1788402638489,18.1338262799813,5.41111111111111));
#4536=CARTESIAN_POINT('Ctrl Pts',(-39.4273456354176,17.7005744884058,1.41111111111111));
#4537=CARTESIAN_POINT('Ctrl Pts',(-39.4273456354176,17.7005744884058,5.41111111111111));
#4538=CARTESIAN_POINT('Ctrl Pts',(-39.6805600771468,17.2626468711822,1.41111111111111));
#4539=CARTESIAN_POINT('Ctrl Pts',(-39.6805600771468,17.2626468711822,5.41111111111111));
#4540=CARTESIAN_POINT('Ctrl Pts',(-40.3655030028487,16.0780563662396,1.41111111111111));
#4541=CARTESIAN_POINT('Ctrl Pts',(-40.3655030028487,16.0780563662396,5.41111111111111));
#4542=CARTESIAN_POINT('Ctrl Pts',(-41.1172070513629,14.8064454769357,1.41111111111111));
#4543=CARTESIAN_POINT('Ctrl Pts',(-41.1172070513629,14.8064454769357,5.41111111111111));
#4544=CARTESIAN_POINT('Ctrl Pts',(-41.8920566145613,13.5013611640976,1.41111111111111));
#4545=CARTESIAN_POINT('Ctrl Pts',(-41.8920566145613,13.5013611640976,5.41111111111111));
#4546=CARTESIAN_POINT('Ctrl Pts',(-42.7430403641881,12.0680435307574,1.41111111111111));
#4547=CARTESIAN_POINT('Ctrl Pts',(-42.7430403641881,12.0680435307574,5.41111111111111));
#4548=CARTESIAN_POINT('Ctrl Pts',(-43.5746699357205,10.6668429223326,1.41111111111111));
#4549=CARTESIAN_POINT('Ctrl Pts',(-43.5746699357205,10.6668429223326,5.41111111111111));
#4550=CARTESIAN_POINT('Ctrl Pts',(-44.1927496274045,9.58923921297536,1.41111111111111));
#4551=CARTESIAN_POINT('Ctrl Pts',(-44.1927496274045,9.58923921297536,5.41111111111111));
#4552=CARTESIAN_POINT('Ctrl Pts',(-44.7018865191861,8.7015740614808,1.41111111111111));
#4553=CARTESIAN_POINT('Ctrl Pts',(-44.7018865191861,8.7015740614808,5.41111111111111));
#4554=CARTESIAN_POINT('Ctrl Pts',(-45.0747621333188,8.04750184787612,1.41111111111111));
#4555=CARTESIAN_POINT('Ctrl Pts',(-45.0747621333188,8.04750184787612,5.41111111111111));
#4556=CARTESIAN_POINT('Ctrl Pts',(-45.4380624572628,7.31953136075079,1.41111111111111));
#4557=CARTESIAN_POINT('Ctrl Pts',(-45.4380624572628,7.31953136075079,5.41111111111111));
#4558=CARTESIAN_POINT('Ctrl Pts',(-45.7063443576444,6.78195599173526,1.41111111111111));
#4559=CARTESIAN_POINT('Ctrl Pts',(-45.7063443576444,6.78195599173526,5.41111111111111));
#4560=CARTESIAN_POINT('Ctrl Pts',(-46.0056890731433,6.16090222818503,1.41111111111111));
#4561=CARTESIAN_POINT('Ctrl Pts',(-46.0056890731433,6.16090222818503,5.41111111111111));
#4562=CARTESIAN_POINT('Ctrl Pts',(-46.1320287884312,5.33167098778753,1.41111111111111));
#4563=CARTESIAN_POINT('Ctrl Pts',(-46.1320287884312,5.33167098778753,5.41111111111111));
#4564=CARTESIAN_POINT('Ctrl Pts',(-46.234667314108,4.65800260278593,1.41111111111111));
#4565=CARTESIAN_POINT('Ctrl Pts',(-46.234667314108,4.65800260278593,5.41111111111111));
#4566=CARTESIAN_POINT('Ctrl Pts',(-46.1503920857698,3.87666744185406,1.41111111111111));
#4567=CARTESIAN_POINT('Ctrl Pts',(-46.1503920857698,3.87666744185406,5.41111111111111));
#4568=CARTESIAN_POINT('Ctrl Pts',(-45.9346325914865,3.26109295535112,1.41111111111111));
#4569=CARTESIAN_POINT('Ctrl Pts',(-45.9346325914865,3.26109295535112,5.41111111111111));
#4570=CARTESIAN_POINT('Ctrl Pts',(-45.7101775140936,2.62070946044089,1.41111111111111));
#4571=CARTESIAN_POINT('Ctrl Pts',(-45.7101775140936,2.62070946044089,5.41111111111111));
#4572=CARTESIAN_POINT('Ctrl Pts',(-45.4282327580302,2.14699253371442,1.41111111111111));
#4573=CARTESIAN_POINT('Ctrl Pts',(-45.4282327580302,2.14699253371442,5.41111111111111));
#4574=CARTESIAN_POINT('Ctrl Pts',(-45.0607845240573,1.65865502679737,1.41111111111111));
#4575=CARTESIAN_POINT('Ctrl Pts',(-45.0607845240573,1.65865502679737,5.41111111111111));
#4576=CARTESIAN_POINT('Ctrl Pts',(-44.7472302893707,1.24194246950862,1.41111111111111));
#4577=CARTESIAN_POINT('Ctrl Pts',(-44.7472302893707,1.24194246950862,5.41111111111111));
#4578=CARTESIAN_POINT('Ctrl Pts',(-44.3108901281872,0.784721333979395,1.41111111111111));
#4579=CARTESIAN_POINT('Ctrl Pts',(-44.3108901281872,0.784721333979395,5.41111111111111));
#4580=CARTESIAN_POINT('Ctrl Pts',(-43.7435273934624,0.440041287561874,1.41111111111111));
#4581=CARTESIAN_POINT('Ctrl Pts',(-43.7435273934624,0.440041287561874,5.41111111111111));
#4582=CARTESIAN_POINT('Ctrl Pts',(-43.0904820173436,0.0433079514139944,
1.41111111111111));
#4583=CARTESIAN_POINT('Ctrl Pts',(-43.0904820173436,0.0433079514139944,
5.41111111111111));
#4584=CARTESIAN_POINT('Ctrl Pts',(-42.3363131111155,-0.137915864413251,
1.41111111111111));
#4585=CARTESIAN_POINT('Ctrl Pts',(-42.3363131111155,-0.137915864413251,
5.41111111111111));
#4586=CARTESIAN_POINT('Ctrl Pts',(-41.8528457796704,-0.215138897703795,
1.41111111111111));
#4587=CARTESIAN_POINT('Ctrl Pts',(-41.8528457796704,-0.215138897703795,
5.41111111111111));
#4588=CARTESIAN_POINT('Ctrl Pts',(-41.4975796446973,-0.271884673030597,
1.41111111111111));
#4589=CARTESIAN_POINT('Ctrl Pts',(-41.4975796446973,-0.271884673030597,
5.41111111111111));
#4590=CARTESIAN_POINT('Ctrl Pts',(-41.3212766550662,-0.286877893048026,
1.41111111111111));
#4591=CARTESIAN_POINT('Ctrl Pts',(-41.3212766550662,-0.286877893048026,
5.41111111111111));
#4592=CARTESIAN_POINT('Ctrl Pts',(-41.1622555913108,-0.306414672800138,
1.41111111111111));
#4593=CARTESIAN_POINT('Ctrl Pts',(-41.1622555913108,-0.306414672800138,
5.41111111111111));
#4594=CARTESIAN_POINT('Ctrl Pts',(-41.1252531368488,-0.310960666808982,
1.41111111111111));
#4595=CARTESIAN_POINT('Ctrl Pts',(-41.1252531368488,-0.310960666808982,
5.41111111111111));
#4596=CARTESIAN_POINT('Ctrl Pts',(-41.0863442446816,-0.315741809505308,
1.41111111111111));
#4597=CARTESIAN_POINT('Ctrl Pts',(-41.0863442446816,-0.315741809505308,
5.41111111111111));
#4598=CARTESIAN_POINT('Ctrl Pts',(-41.0422565237285,-0.320916260920692,
1.41111111111111));
#4599=CARTESIAN_POINT('Ctrl Pts',(-41.0422565237285,-0.320916260920692,
5.41111111111111));
#4600=CARTESIAN_POINT('Ctrl Pts',(-40.7168634327961,-0.359106729911398,
1.41111111111111));
#4601=CARTESIAN_POINT('Ctrl Pts',(-40.7168634327961,-0.359106729911398,
5.41111111111111));
#4602=CARTESIAN_POINT('Ctrl Pts',(-40.1719153736544,-0.396320825370586,
1.41111111111111));
#4603=CARTESIAN_POINT('Ctrl Pts',(-40.1719153736544,-0.396320825370586,
5.41111111111111));
#4604=CARTESIAN_POINT('Ctrl Pts',(-39.1098357886182,-0.440246027236564,
1.41111111111111));
#4605=CARTESIAN_POINT('Ctrl Pts',(-39.1098357886182,-0.440246027236564,
5.41111111111111));
#4606=CARTESIAN_POINT('Ctrl Pts',(-37.9038543516991,-0.490122683194968,
1.41111111111111));
#4607=CARTESIAN_POINT('Ctrl Pts',(-37.9038543516991,-0.490122683194968,
5.41111111111111));
#4608=CARTESIAN_POINT('Ctrl Pts',(-36.0003529330574,-0.553641448573281,
1.41111111111111));
#4609=CARTESIAN_POINT('Ctrl Pts',(-36.0003529330574,-0.553641448573281,
5.41111111111111));
#4610=CARTESIAN_POINT('Ctrl Pts',(-33.8051371606059,-0.62802263948908,1.41111111111111));
#4611=CARTESIAN_POINT('Ctrl Pts',(-33.8051371606059,-0.62802263948908,5.41111111111111));
#4612=CARTESIAN_POINT('Ctrl Pts',(-32.9072348120572,-0.658446548996872,
1.41111111111111));
#4613=CARTESIAN_POINT('Ctrl Pts',(-32.9072348120572,-0.658446548996872,
5.41111111111111));
#4614=CARTESIAN_POINT('Ctrl Pts',(-31.973183017836,-0.690482349668483,1.41111111111111));
#4615=CARTESIAN_POINT('Ctrl Pts',(-31.973183017836,-0.690482349668483,5.41111111111111));
#4616=CARTESIAN_POINT('Ctrl Pts',(-31.0293020898086,-0.723404031678899,
1.41111111111111));
#4617=CARTESIAN_POINT('Ctrl Pts',(-31.0293020898086,-0.723404031678899,
5.41111111111111));
#4618=CARTESIAN_POINT('',(-38.9303780992142,18.5697699630186,1.41111111111111));
#4619=CARTESIAN_POINT('Ctrl Pts',(-31.0293020898086,-0.723404031678899,
1.41111111111111));
#4620=CARTESIAN_POINT('Ctrl Pts',(-31.973183017836,-0.690482349668483,1.41111111111111));
#4621=CARTESIAN_POINT('Ctrl Pts',(-32.9072348120572,-0.658446548996872,
1.41111111111111));
#4622=CARTESIAN_POINT('Ctrl Pts',(-33.8051371606059,-0.62802263948908,1.41111111111111));
#4623=CARTESIAN_POINT('Ctrl Pts',(-36.0003529330574,-0.553641448573281,
1.41111111111111));
#4624=CARTESIAN_POINT('Ctrl Pts',(-37.9038543516991,-0.490122683194968,
1.41111111111111));
#4625=CARTESIAN_POINT('Ctrl Pts',(-39.1098357886182,-0.440246027236564,
1.41111111111111));
#4626=CARTESIAN_POINT('Ctrl Pts',(-40.1719153736544,-0.396320825370586,
1.41111111111111));
#4627=CARTESIAN_POINT('Ctrl Pts',(-40.7168634327961,-0.359106729911398,
1.41111111111111));
#4628=CARTESIAN_POINT('Ctrl Pts',(-41.0422565237285,-0.320916260920692,
1.41111111111111));
#4629=CARTESIAN_POINT('Ctrl Pts',(-41.0863442446816,-0.315741809505308,
1.41111111111111));
#4630=CARTESIAN_POINT('Ctrl Pts',(-41.1252531368488,-0.310960666808982,
1.41111111111111));
#4631=CARTESIAN_POINT('Ctrl Pts',(-41.1622555913108,-0.306414672800138,
1.41111111111111));
#4632=CARTESIAN_POINT('Ctrl Pts',(-41.3212766550662,-0.286877893048026,
1.41111111111111));
#4633=CARTESIAN_POINT('Ctrl Pts',(-41.4975796446973,-0.271884673030597,
1.41111111111111));
#4634=CARTESIAN_POINT('Ctrl Pts',(-41.8528457796704,-0.215138897703795,
1.41111111111111));
#4635=CARTESIAN_POINT('Ctrl Pts',(-42.3363131111155,-0.137915864413251,
1.41111111111111));
#4636=CARTESIAN_POINT('Ctrl Pts',(-43.0904820173436,0.0433079514139944,
1.41111111111111));
#4637=CARTESIAN_POINT('Ctrl Pts',(-43.7435273934624,0.440041287561874,1.41111111111111));
#4638=CARTESIAN_POINT('Ctrl Pts',(-44.3108901281872,0.784721333979395,1.41111111111111));
#4639=CARTESIAN_POINT('Ctrl Pts',(-44.7472302893707,1.24194246950862,1.41111111111111));
#4640=CARTESIAN_POINT('Ctrl Pts',(-45.0607845240573,1.65865502679737,1.41111111111111));
#4641=CARTESIAN_POINT('Ctrl Pts',(-45.4282327580302,2.14699253371442,1.41111111111111));
#4642=CARTESIAN_POINT('Ctrl Pts',(-45.7101775140936,2.62070946044089,1.41111111111111));
#4643=CARTESIAN_POINT('Ctrl Pts',(-45.9346325914865,3.26109295535112,1.41111111111111));
#4644=CARTESIAN_POINT('Ctrl Pts',(-46.1503920857698,3.87666744185406,1.41111111111111));
#4645=CARTESIAN_POINT('Ctrl Pts',(-46.234667314108,4.65800260278593,1.41111111111111));
#4646=CARTESIAN_POINT('Ctrl Pts',(-46.1320287884312,5.33167098778753,1.41111111111111));
#4647=CARTESIAN_POINT('Ctrl Pts',(-46.0056890731433,6.16090222818503,1.41111111111111));
#4648=CARTESIAN_POINT('Ctrl Pts',(-45.7063443576444,6.78195599173526,1.41111111111111));
#4649=CARTESIAN_POINT('Ctrl Pts',(-45.4380624572628,7.31953136075079,1.41111111111111));
#4650=CARTESIAN_POINT('Ctrl Pts',(-45.0747621333188,8.04750184787612,1.41111111111111));
#4651=CARTESIAN_POINT('Ctrl Pts',(-44.7018865191861,8.7015740614808,1.41111111111111));
#4652=CARTESIAN_POINT('Ctrl Pts',(-44.1927496274045,9.58923921297536,1.41111111111111));
#4653=CARTESIAN_POINT('Ctrl Pts',(-43.5746699357205,10.6668429223326,1.41111111111111));
#4654=CARTESIAN_POINT('Ctrl Pts',(-42.7430403641881,12.0680435307574,1.41111111111111));
#4655=CARTESIAN_POINT('Ctrl Pts',(-41.8920566145613,13.5013611640976,1.41111111111111));
#4656=CARTESIAN_POINT('Ctrl Pts',(-41.1172070513629,14.8064454769357,1.41111111111111));
#4657=CARTESIAN_POINT('Ctrl Pts',(-40.3655030028487,16.0780563662396,1.41111111111111));
#4658=CARTESIAN_POINT('Ctrl Pts',(-39.6805600771468,17.2626468711822,1.41111111111111));
#4659=CARTESIAN_POINT('Ctrl Pts',(-39.4273456354176,17.7005744884058,1.41111111111111));
#4660=CARTESIAN_POINT('Ctrl Pts',(-39.1788402638489,18.1338262799813,1.41111111111111));
#4661=CARTESIAN_POINT('Ctrl Pts',(-38.9303780992142,18.5697699630186,1.41111111111111));
#4662=CARTESIAN_POINT('',(-38.9303780992142,18.5697699630186,1.41111111111111));
#4663=CARTESIAN_POINT('Origin',(-24.201601041856,43.7541922422422,1.41111111111111));
#4664=CARTESIAN_POINT('',(-24.201601041856,43.7541922422422,1.41111111111111));
#4665=CARTESIAN_POINT('',(-24.201601041856,43.7541922422422,1.41111111111111));
#4666=CARTESIAN_POINT('',(-25.8159363322936,40.993874702211,1.41111111111111));
#4667=CARTESIAN_POINT('Ctrl Pts',(-9.6000001951584,55.0266997923132,1.41111111111111));
#4668=CARTESIAN_POINT('Ctrl Pts',(-9.6000001951584,55.0266997923132,5.41111111111111));
#4669=CARTESIAN_POINT('Ctrl Pts',(-11.3139240928497,54.9818994481463,1.41111111111111));
#4670=CARTESIAN_POINT('Ctrl Pts',(-11.3139240928497,54.9818994481463,5.41111111111111));
#4671=CARTESIAN_POINT('Ctrl Pts',(-12.8614076361435,54.8189284487641,1.41111111111111));
#4672=CARTESIAN_POINT('Ctrl Pts',(-12.8614076361435,54.8189284487641,5.41111111111111));
#4673=CARTESIAN_POINT('Ctrl Pts',(-14.2295295248519,54.2879565889816,1.41111111111111));
#4674=CARTESIAN_POINT('Ctrl Pts',(-14.2295295248519,54.2879565889816,5.41111111111111));
#4675=CARTESIAN_POINT('Ctrl Pts',(-15.2666067546139,53.8854640698796,1.41111111111111));
#4676=CARTESIAN_POINT('Ctrl Pts',(-15.2666067546139,53.8854640698796,5.41111111111111));
#4677=CARTESIAN_POINT('Ctrl Pts',(-16.1270246906197,53.2945301740377,1.41111111111111));
#4678=CARTESIAN_POINT('Ctrl Pts',(-16.1270246906197,53.2945301740377,5.41111111111111));
#4679=CARTESIAN_POINT('Ctrl Pts',(-16.925068215495,52.6390900181628,1.41111111111111));
#4680=CARTESIAN_POINT('Ctrl Pts',(-16.925068215495,52.6390900181628,5.41111111111111));
#4681=CARTESIAN_POINT('Ctrl Pts',(-17.8569269050115,51.8737462923234,1.41111111111111));
#4682=CARTESIAN_POINT('Ctrl Pts',(-17.8569269050115,51.8737462923234,5.41111111111111));
#4683=CARTESIAN_POINT('Ctrl Pts',(-18.809421113879,50.9674453902293,1.41111111111111));
#4684=CARTESIAN_POINT('Ctrl Pts',(-18.809421113879,50.9674453902293,5.41111111111111));
#4685=CARTESIAN_POINT('Ctrl Pts',(-19.7908148993135,49.8802491862837,1.41111111111111));
#4686=CARTESIAN_POINT('Ctrl Pts',(-19.7908148993135,49.8802491862837,5.41111111111111));
#4687=CARTESIAN_POINT('Ctrl Pts',(-20.9450461864061,48.6015821594219,1.41111111111111));
#4688=CARTESIAN_POINT('Ctrl Pts',(-20.9450461864061,48.6015821594219,5.41111111111111));
#4689=CARTESIAN_POINT('Ctrl Pts',(-22.0395120647802,47.1056800955473,1.41111111111111));
#4690=CARTESIAN_POINT('Ctrl Pts',(-22.0395120647802,47.1056800955473,5.41111111111111));
#4691=CARTESIAN_POINT('Ctrl Pts',(-23.1351348052699,45.4232605545039,1.41111111111111));
#4692=CARTESIAN_POINT('Ctrl Pts',(-23.1351348052699,45.4232605545039,5.41111111111111));
#4693=CARTESIAN_POINT('Ctrl Pts',(-23.4832650347832,44.8886777283941,1.41111111111111));
#4694=CARTESIAN_POINT('Ctrl Pts',(-23.4832650347832,44.8886777283941,5.41111111111111));
#4695=CARTESIAN_POINT('Ctrl Pts',(-23.8389104204708,44.3305681564284,1.41111111111111));
#4696=CARTESIAN_POINT('Ctrl Pts',(-23.8389104204708,44.3305681564284,5.41111111111111));
#4697=CARTESIAN_POINT('Ctrl Pts',(-24.201601041856,43.7541922422422,1.41111111111111));
#4698=CARTESIAN_POINT('Ctrl Pts',(-24.201601041856,43.7541922422422,5.41111111111111));
#4699=CARTESIAN_POINT('',(-9.60000019515448,55.0266997923133,1.41111111111111));
#4700=CARTESIAN_POINT('Ctrl Pts',(-24.201601041856,43.7541922422422,1.41111111111111));
#4701=CARTESIAN_POINT('Ctrl Pts',(-23.8389104204708,44.3305681564284,1.41111111111111));
#4702=CARTESIAN_POINT('Ctrl Pts',(-23.4832650347832,44.8886777283941,1.41111111111111));
#4703=CARTESIAN_POINT('Ctrl Pts',(-23.1351348052699,45.4232605545039,1.41111111111111));
#4704=CARTESIAN_POINT('Ctrl Pts',(-22.0395120647802,47.1056800955473,1.41111111111111));
#4705=CARTESIAN_POINT('Ctrl Pts',(-20.9450461864061,48.6015821594219,1.41111111111111));
#4706=CARTESIAN_POINT('Ctrl Pts',(-19.7908148993135,49.8802491862837,1.41111111111111));
#4707=CARTESIAN_POINT('Ctrl Pts',(-18.809421113879,50.9674453902293,1.41111111111111));
#4708=CARTESIAN_POINT('Ctrl Pts',(-17.8569269050115,51.8737462923234,1.41111111111111));
#4709=CARTESIAN_POINT('Ctrl Pts',(-16.925068215495,52.6390900181628,1.41111111111111));
#4710=CARTESIAN_POINT('Ctrl Pts',(-16.1270246906197,53.2945301740377,1.41111111111111));
#4711=CARTESIAN_POINT('Ctrl Pts',(-15.2666067546139,53.8854640698796,1.41111111111111));
#4712=CARTESIAN_POINT('Ctrl Pts',(-14.2295295248519,54.2879565889816,1.41111111111111));
#4713=CARTESIAN_POINT('Ctrl Pts',(-12.8614076361435,54.8189284487641,1.41111111111111));
#4714=CARTESIAN_POINT('Ctrl Pts',(-11.3139240928497,54.9818994481463,1.41111111111111));
#4715=CARTESIAN_POINT('Ctrl Pts',(-9.6000001951584,55.0266997923132,1.41111111111111));
#4716=CARTESIAN_POINT('',(-9.60000019515448,55.0266997923133,1.41111111111111));
#4717=CARTESIAN_POINT('Origin',(5.13551960006964,55.0266997923133,1.41111111111111));
#4718=CARTESIAN_POINT('',(-1.44960768510015,55.0266997923133,1.41111111111111));
#4719=CARTESIAN_POINT('Origin',(32.789880964244,10.6022347722452,0.));
#4720=CARTESIAN_POINT('',(32.789880964244,10.6022347722452,1.41111111111111));
#4721=CARTESIAN_POINT('',(17.950213730481,51.3738854092297,1.41111111111111));
#4722=CARTESIAN_POINT('',(32.789880964244,10.6022347722452,0.));
#4723=CARTESIAN_POINT('Origin',(21.983415825206,6.66900312400003,0.));
#4724=CARTESIAN_POINT('',(21.983415825206,-4.83099687599997,1.41111111111111));
#4725=CARTESIAN_POINT('Origin',(21.983415825206,6.66900312400003,1.41111111111111));
#4726=CARTESIAN_POINT('',(21.983415825206,-4.83099687599997,0.));
#4727=CARTESIAN_POINT('Origin',(-41.0528857657459,-4.83099687599998,0.));
#4728=CARTESIAN_POINT('',(-41.0528857657459,-4.83099687599998,1.41111111111111));
#4729=CARTESIAN_POINT('',(-41.0528857657459,-4.83099687599998,1.41111111111111));
#4730=CARTESIAN_POINT('',(-41.0528857657459,-4.83099687599998,0.));
#4731=CARTESIAN_POINT('Origin',(-41.0528857657459,3.66900312400002,0.));
#4732=CARTESIAN_POINT('Origin',(-41.0528857657459,3.66900312400002,1.41111111111111));
#4733=CARTESIAN_POINT('Origin',(-8.03473497026995,26.8903334783237,1.41111111111111));
#4734=UNCERTAINTY_MEASURE_WITH_UNIT(LENGTH_MEASURE(0.01),#4738,
'DISTANCE_ACCURACY_VALUE',
'Maximum model space distance between geometric entities at asserted c
onnectivities');
#4735=UNCERTAINTY_MEASURE_WITH_UNIT(LENGTH_MEASURE(0.01),#4738,
'DISTANCE_ACCURACY_VALUE',
'Maximum model space distance between geometric entities at asserted c
onnectivities');
#4736=(
GEOMETRIC_REPRESENTATION_CONTEXT(3)
GLOBAL_UNCERTAINTY_ASSIGNED_CONTEXT((#4734))
GLOBAL_UNIT_ASSIGNED_CONTEXT((#4738,#4740,#4741))
REPRESENTATION_CONTEXT('','3D')
);
#4737=(
GEOMETRIC_REPRESENTATION_CONTEXT(3)
GLOBAL_UNCERTAINTY_ASSIGNED_CONTEXT((#4735))
GLOBAL_UNIT_ASSIGNED_CONTEXT((#4738,#4740,#4741))
REPRESENTATION_CONTEXT('','3D')
);
#4738=(
LENGTH_UNIT()
NAMED_UNIT(*)
SI_UNIT(.MILLI.,.METRE.)
);
#4739=(
LENGTH_UNIT()
NAMED_UNIT(*)
SI_UNIT($,.METRE.)
);
#4740=(
NAMED_UNIT(*)
PLANE_ANGLE_UNIT()
SI_UNIT($,.RADIAN.)
);
#4741=(
NAMED_UNIT(*)
SI_UNIT($,.STERADIAN.)
SOLID_ANGLE_UNIT()
);
#4742=SHAPE_DEFINITION_REPRESENTATION(#4743,#4744);
#4743=PRODUCT_DEFINITION_SHAPE('',$,#4746);
#4744=SHAPE_REPRESENTATION('',(#1880),#4736);
#4745=PRODUCT_DEFINITION_CONTEXT('part definition',#4750,'design');
#4746=PRODUCT_DEFINITION('2026-03-12-12-03-30-950',
'88'' RX-7 Driver Side Defrost Vent',#4747,#4745);
#4747=PRODUCT_DEFINITION_FORMATION('',$,#4752);
#4748=PRODUCT_RELATED_PRODUCT_CATEGORY(
'88'' RX-7 Driver Side Defrost Vent',
'88'' RX-7 Driver Side Defrost Vent',(#4752));
#4749=APPLICATION_PROTOCOL_DEFINITION('international standard',
'automotive_design',2009,#4750);
#4750=APPLICATION_CONTEXT(
'Core Data for Automotive Mechanical Design Process');
#4751=PRODUCT_CONTEXT('part definition',#4750,'mechanical');
#4752=PRODUCT('2026-03-12-12-03-30-950',
'88'' RX-7 Driver Side Defrost Vent',$,(#4751));
#4753=PRESENTATION_STYLE_ASSIGNMENT((#4754));
#4754=SURFACE_STYLE_USAGE(.BOTH.,#4755);
#4755=SURFACE_SIDE_STYLE('',(#4756));
#4756=SURFACE_STYLE_FILL_AREA(#4757);
#4757=FILL_AREA_STYLE('Steel - Satin',(#4758));
#4758=FILL_AREA_STYLE_COLOUR('Steel - Satin',#4759);
#4759=COLOUR_RGB('Steel - Satin',0.627450980392157,0.627450980392157,0.627450980392157);
ENDSEC;
END-ISO-10303-21;
